# Blender 4.4.1
# www.blender.org
o Tissue_diffuse
v -0.002141 0.000000 -0.338842
v -0.001505 0.000000 -0.335084
v -0.000668 0.000000 -0.331557
v 0.000293 0.000000 -0.328191
v 0.001300 0.000000 -0.324917
v 0.002274 0.000000 -0.321666
v 0.003140 0.000000 -0.318369
v 0.003818 0.000000 -0.314958
v 0.004304 0.000000 -0.311447
v 0.004666 0.000000 -0.307902
v 0.004933 0.000000 -0.304332
v 0.005137 0.000000 -0.300745
v 0.005310 0.000000 -0.297148
v 0.005481 0.000000 -0.293548
v 0.005681 0.000000 -0.289955
v 0.006976 0.000000 -0.264723
v 0.009177 0.000000 -0.239567
v 0.010918 0.000000 -0.214327
v 0.013008 0.000000 -0.189104
v 0.015148 0.000000 -0.163985
v 0.019897 0.000000 -0.139325
v 0.023217 0.000000 -0.114267
v 0.023751 0.000000 -0.110715
v 0.024374 0.000000 -0.107158
v 0.025018 0.000000 -0.103607
v 0.025614 0.000000 -0.100074
v 0.026094 0.000000 -0.096571
v 0.026391 0.000000 -0.093108
v 0.026435 0.000000 -0.089698
v 0.026026 0.000000 -0.086322
v 0.025158 0.000000 -0.082961
v 0.024054 0.000000 -0.079632
v 0.022938 0.000000 -0.076351
v 0.022232 0.000000 -0.073143
v 0.023025 0.000000 -0.070304
v 0.022663 0.000000 -0.067579
v 0.024003 0.000000 -0.065397
v 0.024558 0.000000 -0.065556
v 0.027311 0.000000 -0.061904
v 0.030924 0.000000 -0.055380
v 0.032144 0.000000 -0.053192
v 0.034236 0.000000 -0.050883
v 0.034681 0.000000 -0.047845
v 0.035076 0.000000 -0.044642
v 0.035000 0.000000 -0.041249
v 0.034551 0.000000 -0.037733
v 0.033832 0.000000 -0.034157
v 0.032943 0.000000 -0.030588
v 0.031984 0.000000 -0.027089
v 0.031056 0.000000 -0.023726
v 0.030015 0.000000 -0.020528
v 0.028724 0.000000 -0.017449
v 0.027292 0.000000 -0.014436
v 0.025831 0.000000 -0.011437
v 0.024451 0.000000 -0.008402
v 0.023263 0.000000 -0.005277
v 0.022376 0.000000 -0.002013
v 0.021795 0.000000 0.001410
v 0.021424 0.000000 0.004952
v 0.021221 0.000000 0.008577
v 0.021145 0.000000 0.012249
v 0.021155 0.000000 0.015935
v 0.021210 0.000000 0.019598
v 0.021268 0.000000 0.023204
v 0.021327 0.000000 0.026911
v 0.021421 0.000000 0.030804
v 0.021568 0.000000 0.034735
v 0.021785 0.000000 0.038558
v 0.022090 0.000000 0.042125
v 0.022500 0.000000 0.045288
v 0.023032 0.000000 0.047902
v 0.023834 0.000000 0.049811
v 0.024940 0.000000 0.051093
v 0.026195 0.000000 0.051954
v 0.027448 0.000000 0.052597
v 0.028546 0.000000 0.053226
v 0.029336 0.000000 0.054045
v 0.029666 0.000000 0.055259
v 0.029352 0.000000 0.056776
v 0.028469 0.000000 0.058387
v 0.027251 0.000000 0.060113
v 0.025933 0.000000 0.061975
v 0.024747 0.000000 0.063996
v 0.023928 0.000000 0.066197
v 0.023710 0.000000 0.068601
v 0.024265 0.000000 0.071250
v 0.025442 0.000000 0.074140
v 0.026991 0.000000 0.077219
v 0.029270 0.000000 0.078639
v 0.030206 0.000000 0.083746
v 0.031374 0.000000 0.087092
v 0.031914 0.000000 0.090426
v 0.031756 0.000000 0.093783
v 0.031096 0.000000 0.097220
v 0.030090 0.000000 0.100718
v 0.028895 0.000000 0.104258
v 0.027666 0.000000 0.107823
v 0.026559 0.000000 0.111392
v 0.025730 0.000000 0.114947
v 0.025151 0.000000 0.118498
v 0.024672 0.000000 0.122064
v 0.024272 0.000000 0.125643
v 0.023926 0.000000 0.129230
v 0.023613 0.000000 0.132823
v 0.023308 0.000000 0.136418
v 0.022988 0.000000 0.140011
v 0.021051 0.000000 0.165224
v 0.020007 0.000000 0.190473
v 0.020244 0.000000 0.215715
v 0.019191 0.000000 0.240820
v 0.018293 0.000000 0.266091
v 0.015794 0.000000 0.291228
v 0.015407 0.000000 0.294944
v 0.014834 0.000000 0.298817
v 0.014239 0.000000 0.302731
v 0.013789 0.000000 0.306571
v 0.013649 0.000000 0.310220
v 0.013985 0.000000 0.313563
v 0.014963 0.000000 0.316484
v 0.016671 0.000000 0.318944
v 0.018991 0.000000 0.321031
v 0.021780 0.000000 0.322825
v 0.024893 0.000000 0.324404
v 0.028188 0.000000 0.325846
v 0.031519 0.000000 0.327231
v 0.034743 0.000000 0.328638
v 0.037943 0.000000 0.330014
v 0.041272 0.000000 0.331274
v 0.044698 0.000000 0.332441
v 0.048186 0.000000 0.333542
v 0.051702 0.000000 0.334601
v 0.055212 0.000000 0.335643
v 0.058684 0.000000 0.336693
v 0.062131 0.000000 0.337784
v 0.065590 0.000000 0.338902
v 0.069056 0.000000 0.340008
v 0.072525 0.000000 0.341062
v 0.075992 0.000000 0.342026
v 0.079453 0.000000 0.342860
v 0.082903 0.000000 0.343523
v 0.086336 0.000000 0.343956
v 0.089752 0.000000 0.344173
v 0.093160 0.000000 0.344249
v 0.096569 0.000000 0.344257
v 0.099990 0.000000 0.344270
v 0.103430 0.000000 0.344362
v 0.106899 0.000000 0.344607
v 0.131715 0.000000 0.348371
v 0.135258 0.000000 0.348651
v 0.138829 0.000000 0.348951
v 0.142402 0.000000 0.349194
v 0.145951 0.000000 0.349300
v 0.149450 0.000000 0.349191
v 0.152242 0.000000 0.347991
v 0.155068 0.000000 0.346761
v 0.157281 0.000000 0.344409
v 0.159624 0.000000 0.342389
v 0.163032 0.000000 0.339018
v 0.165770 0.000000 0.338454
v 0.169730 0.000000 0.336548
v 0.173735 0.000000 0.335889
v 0.176563 0.000000 0.333553
v 0.179857 0.000000 0.331835
v 0.183049 0.000000 0.330021
v 0.186620 0.000000 0.328109
v 0.189723 0.000000 0.325997
v 0.191748 0.000000 0.322842
v 0.196020 0.000000 0.322752
v 0.199231 0.000000 0.321928
v 0.202487 0.000000 0.321825
v 0.205782 0.000000 0.322350
v 0.209110 0.000000 0.323317
v 0.212865 0.000000 0.323986
v 0.216421 0.000000 0.325193
v 0.219807 0.000000 0.326532
v 0.222697 0.000000 0.327826
v 0.226302 0.000000 0.328622
v 0.230134 0.000000 0.329621
v 0.234043 0.000000 0.330626
v 0.237874 0.000000 0.331437
v 0.241476 0.000000 0.331857
v 0.244696 0.000000 0.331690
v 0.247134 0.000000 0.330349
v 0.249017 0.000000 0.328394
v 0.250093 0.000000 0.325852
v 0.250144 0.000000 0.322133
v 0.248991 0.000000 0.318469
v 0.250438 0.000000 0.314943
v 0.252507 0.000000 0.311897
v 0.253570 0.000000 0.308398
v 0.254004 0.000000 0.303028
v 0.256145 0.000000 0.299937
v 0.256674 0.000000 0.296361
v 0.258141 0.000000 0.289732
v 0.259460 0.000000 0.288198
v 0.260471 0.000000 0.285628
v 0.265150 0.000000 0.283771
v 0.269872 0.000000 0.283265
v 0.272358 0.000000 0.284343
v 0.276222 0.000000 0.283995
v 0.276888 0.000000 0.286771
v 0.277082 0.000000 0.290929
v 0.275853 0.000000 0.292964
v 0.278021 0.000000 0.295610
v 0.279649 0.000000 0.298202
v 0.281079 0.000000 0.301252
v 0.282417 0.000000 0.304574
v 0.283767 0.000000 0.307979
v 0.285811 0.000000 0.310885
v 0.287717 0.000000 0.313833
v 0.289528 0.000000 0.316422
v 0.291434 0.000000 0.318730
v 0.294322 0.000000 0.320150
v 0.297453 0.000000 0.321273
v 0.300664 0.000000 0.322299
v 0.303793 0.000000 0.323426
v 0.306677 0.000000 0.324851
v 0.309152 0.000000 0.326773
v 0.311168 0.000000 0.329234
v 0.312854 0.000000 0.332071
v 0.314314 0.000000 0.335177
v 0.315652 0.000000 0.338443
v 0.316973 0.000000 0.341762
v 0.318381 0.000000 0.345024
v 0.319980 0.000000 0.348123
v 0.321917 0.000000 0.351068
v 0.324147 0.000000 0.353960
v 0.326489 0.000000 0.356823
v 0.328763 0.000000 0.359683
v 0.330789 0.000000 0.362566
v 0.332385 0.000000 0.365496
v 0.333373 0.000000 0.368498
v 0.334563 0.000000 0.371569
v 0.335011 0.000000 0.374683
v 0.336316 0.000000 0.377837
v 0.335893 0.000000 0.382230
v 0.334002 0.000000 0.385329
v 0.330551 0.000000 0.387660
v 0.328693 0.000000 0.390786
v 0.327399 0.000000 0.408918
v 0.322215 0.000000 0.417986
v 0.321537 0.000000 0.421401
v 0.320899 0.000000 0.424818
v 0.320383 0.000000 0.428230
v 0.320067 0.000000 0.431628
v 0.320031 0.000000 0.435005
v 0.320353 0.000000 0.438353
v 0.321485 0.000000 0.441576
v 0.322263 0.000000 0.444997
v 0.323702 0.000000 0.448297
v 0.325325 0.000000 0.451574
v 0.327027 0.000000 0.454824
v 0.328704 0.000000 0.458040
v 0.331234 0.000000 0.461125
v 0.342965 0.000000 0.477645
v 0.341998 0.000000 0.485797
v 0.343420 0.000000 0.489174
v 0.344820 0.000000 0.492611
v 0.346129 0.000000 0.496067
v 0.347279 0.000000 0.499500
v 0.348200 0.000000 0.502868
v 0.348822 0.000000 0.506129
v 0.349087 0.000000 0.509293
v 0.349035 0.000000 0.512401
v 0.348749 0.000000 0.515457
v 0.348313 0.000000 0.518464
v 0.347809 0.000000 0.521426
v 0.347320 0.000000 0.524347
v 0.346930 0.000000 0.527232
v 0.349675 0.000000 0.529865
v 0.351241 0.000000 0.531065
v 0.352620 0.000000 0.537482
v 0.351988 0.000000 0.539820
v 0.349760 0.000000 0.542297
v 0.347897 0.000000 0.544465
v 0.346133 0.000000 0.546776
v 0.344555 0.000000 0.549407
v 0.343160 0.000000 0.552714
v 0.342437 0.000000 0.556130
v 0.341638 0.000000 0.559593
v 0.340750 0.000000 0.563043
v 0.339760 0.000000 0.566416
v 0.338655 0.000000 0.569653
v 0.338653 0.000000 0.573065
v 0.338286 0.000000 0.576580
v 0.337866 0.000000 0.580663
v 0.337255 0.000000 0.583979
v 0.336180 0.000000 0.587282
v 0.334341 0.000000 0.590179
v 0.332097 0.000000 0.592127
v 0.328483 0.000000 0.594131
v 0.323562 0.000000 0.596567
v 0.320404 0.000000 0.597868
v 0.317627 0.000000 0.599361
v 0.315756 0.000000 0.601962
v 0.312408 0.000000 0.603921
v 0.308937 0.000000 0.609645
v 0.292456 0.000000 0.622681
v 0.289917 0.000000 0.626927
v 0.286713 0.000000 0.629097
v 0.283360 0.000000 0.631803
v 0.279592 0.000000 0.634518
v 0.276314 0.000000 0.637352
v 0.271756 0.000000 0.637781
v 0.270502 0.000000 0.639407
v 0.267909 0.000000 0.641790
v 0.265459 0.000000 0.644314
v 0.264009 0.000000 0.647320
v 0.262047 0.000000 0.649947
v 0.260033 0.000000 0.652577
v 0.258052 0.000000 0.655599
v 0.255742 0.000000 0.658099
v 0.251661 0.000000 0.659691
v 0.248664 0.000000 0.660961
v 0.246520 0.000000 0.663904
v 0.244340 0.000000 0.666798
v 0.242062 0.000000 0.669553
v 0.237980 0.000000 0.673736
v 0.237007 0.000000 0.676249
v 0.235266 0.000000 0.678817
v 0.232768 0.000000 0.680718
v 0.230869 0.000000 0.683375
v 0.228154 0.000000 0.683751
v 0.225831 0.000000 0.684697
v 0.223802 0.000000 0.685861
v 0.221613 0.000000 0.686580
v 0.216812 0.000000 0.686842
v 0.208907 0.000000 0.689566
v 0.206329 0.000000 0.688377
v 0.205813 0.000000 0.691104
v 0.204040 0.000000 0.691267
v 0.203526 0.000000 0.691592
v 0.201199 0.000000 0.694193
v 0.198084 0.000000 0.695027
v 0.192546 0.000000 0.694899
v 0.190794 0.000000 0.693110
v 0.190548 0.000000 0.686504
v 0.192528 0.000000 0.681708
v 0.193170 0.000000 0.678554
v 0.183778 0.000000 0.670307
v 0.179913 0.000000 0.665958
v 0.176886 0.000000 0.664420
v 0.174601 0.000000 0.662466
v 0.169778 0.000000 0.659997
v 0.166062 0.000000 0.658345
v 0.164670 0.000000 0.653081
v 0.164420 0.000000 0.644062
v 0.157509 0.000000 0.637367
v 0.153571 0.000000 0.636162
v 0.148509 0.000000 0.634769
v 0.146702 0.000000 0.632852
v 0.143220 0.000000 0.629247
v 0.137133 0.000000 0.623144
v 0.134737 0.000000 0.619013
v 0.132700 0.000000 0.614745
v 0.131039 0.000000 0.613753
v 0.129777 0.000000 0.613126
v 0.127834 0.000000 0.614279
v 0.125442 0.000000 0.615602
v 0.122955 0.000000 0.617616
v 0.121906 0.000000 0.618925
v 0.119824 0.000000 0.621258
v 0.117994 0.000000 0.623833
v 0.116361 0.000000 0.626818
v 0.114886 0.000000 0.630107
v 0.113532 0.000000 0.633597
v 0.112259 0.000000 0.637182
v 0.111030 0.000000 0.640758
v 0.109805 0.000000 0.644221
v 0.108409 0.000000 0.647685
v 0.106817 0.000000 0.651281
v 0.105218 0.000000 0.654930
v 0.103801 0.000000 0.658552
v 0.102756 0.000000 0.662066
v 0.102272 0.000000 0.665392
v 0.102538 0.000000 0.668450
v 0.103687 0.000000 0.671200
v 0.105594 0.000000 0.673698
v 0.108064 0.000000 0.676013
v 0.110901 0.000000 0.678212
v 0.113911 0.000000 0.680363
v 0.116898 0.000000 0.682535
v 0.119667 0.000000 0.684793
v 0.122262 0.000000 0.687209
v 0.124871 0.000000 0.689745
v 0.127515 0.000000 0.692309
v 0.130215 0.000000 0.694808
v 0.132992 0.000000 0.697152
v 0.135867 0.000000 0.699248
v 0.138861 0.000000 0.701003
v 0.141998 0.000000 0.702463
v 0.145270 0.000000 0.703722
v 0.148642 0.000000 0.704768
v 0.152085 0.000000 0.705589
v 0.155564 0.000000 0.706170
v 0.159047 0.000000 0.706498
v 0.162504 0.000000 0.706560
v 0.165954 0.000000 0.706266
v 0.171933 0.000000 0.705862
v 0.177588 0.000000 0.704905
v 0.182768 0.000000 0.703848
v 0.186993 0.000000 0.702715
v 0.192650 0.000000 0.700534
v 0.202688 0.000000 0.698606
v 0.206572 0.000000 0.695301
v 0.237485 0.000000 0.690983
v 0.239211 0.000000 0.686894
v 0.242845 0.000000 0.685592
v 0.246489 0.000000 0.684175
v 0.250086 0.000000 0.682837
v 0.253580 0.000000 0.681768
v 0.256913 0.000000 0.681163
v 0.260030 0.000000 0.681213
v 0.263055 0.000000 0.681937
v 0.266082 0.000000 0.683173
v 0.269003 0.000000 0.684835
v 0.272444 0.000000 0.686181
v 0.275856 0.000000 0.687132
v 0.276065 0.000000 0.691542
v 0.277987 0.000000 0.693787
v 0.278953 0.000000 0.696065
v 0.277981 0.000000 0.699977
v 0.277337 0.000000 0.703355
v 0.276504 0.000000 0.706855
v 0.275781 0.000000 0.710357
v 0.275468 0.000000 0.713740
v 0.275866 0.000000 0.716884
v 0.276907 0.000000 0.719925
v 0.278302 0.000000 0.723017
v 0.280019 0.000000 0.726062
v 0.282025 0.000000 0.728964
v 0.284285 0.000000 0.731627
v 0.286766 0.000000 0.733953
v 0.289437 0.000000 0.735847
v 0.292406 0.000000 0.737254
v 0.295741 0.000000 0.738242
v 0.299341 0.000000 0.738897
v 0.303109 0.000000 0.739306
v 0.306943 0.000000 0.739554
v 0.310746 0.000000 0.739728
v 0.314417 0.000000 0.739914
v 0.318009 0.000000 0.740125
v 0.321629 0.000000 0.740289
v 0.325257 0.000000 0.740364
v 0.328872 0.000000 0.740309
v 0.332456 0.000000 0.740079
v 0.335988 0.000000 0.739634
v 0.339448 0.000000 0.738931
v 0.342820 0.000000 0.737886
v 0.346115 0.000000 0.736507
v 0.349357 0.000000 0.734894
v 0.352570 0.000000 0.733145
v 0.355777 0.000000 0.731358
v 0.359002 0.000000 0.729633
v 0.362269 0.000000 0.728067
v 0.385587 0.000000 0.718589
v 0.388932 0.000000 0.717214
v 0.392317 0.000000 0.715864
v 0.395707 0.000000 0.714512
v 0.399071 0.000000 0.713129
v 0.402374 0.000000 0.711688
v 0.405584 0.000000 0.710162
v 0.408666 0.000000 0.708522
v 0.411835 0.000000 0.706829
v 0.415190 0.000000 0.705126
v 0.418529 0.000000 0.703364
v 0.421651 0.000000 0.701492
v 0.424355 0.000000 0.699460
v 0.425640 0.000000 0.698038
v 0.426578 0.000000 0.695890
v 0.426159 0.000000 0.693548
v 0.425602 0.000000 0.690396
v 0.425153 0.000000 0.686074
v 0.423699 0.000000 0.683944
v 0.421932 0.000000 0.681015
v 0.420102 0.000000 0.677637
v 0.417624 0.000000 0.674533
v 0.414210 0.000000 0.671814
v 0.412577 0.000000 0.668700
v 0.411479 0.000000 0.666858
v 0.409770 0.000000 0.665236
v 0.408697 0.000000 0.663945
v 0.408597 0.000000 0.657417
v 0.408184 0.000000 0.650433
v 0.408497 0.000000 0.646206
v 0.408336 0.000000 0.642493
v 0.408383 0.000000 0.637925
v 0.408474 0.000000 0.631760
v 0.409463 0.000000 0.629846
v 0.410135 0.000000 0.627361
v 0.410420 0.000000 0.621628
v 0.410393 0.000000 0.617880
v 0.410184 0.000000 0.616626
v 0.410537 0.000000 0.613760
v 0.417305 0.000000 0.614020
v 0.419204 0.000000 0.611841
v 0.421276 0.000000 0.609713
v 0.423512 0.000000 0.607591
v 0.426261 0.000000 0.605592
v 0.429650 0.000000 0.603796
v 0.433333 0.000000 0.602102
v 0.436960 0.000000 0.600407
v 0.440184 0.000000 0.598608
v 0.442658 0.000000 0.596603
v 0.442918 0.000000 0.595595
v 0.441080 0.000000 0.593510
v 0.438857 0.000000 0.591597
v 0.435855 0.000000 0.587477
v 0.435826 0.000000 0.585583
v 0.433239 0.000000 0.582973
v 0.431176 0.000000 0.580416
v 0.431365 0.000000 0.576459
v 0.434586 0.000000 0.569910
v 0.436681 0.000000 0.567440
v 0.439457 0.000000 0.565088
v 0.441968 0.000000 0.562411
v 0.444630 0.000000 0.559885
v 0.448991 0.000000 0.558124
v 0.451606 0.000000 0.555627
v 0.465399 0.000000 0.536403
v 0.467604 0.000000 0.534072
v 0.469962 0.000000 0.531932
v 0.472386 0.000000 0.529902
v 0.474788 0.000000 0.527903
v 0.477083 0.000000 0.525857
v 0.479183 0.000000 0.523683
v 0.481002 0.000000 0.521304
v 0.482488 0.000000 0.518733
v 0.483702 0.000000 0.516047
v 0.484723 0.000000 0.513256
v 0.485632 0.000000 0.510373
v 0.486508 0.000000 0.507406
v 0.487431 0.000000 0.504369
v 0.487291 0.000000 0.499668
v 0.496389 0.000000 0.476528
v 0.501987 0.000000 0.456017
v 0.501660 0.000000 0.452132
v 0.501444 0.000000 0.446848
v 0.503809 0.000000 0.443242
v 0.506392 0.000000 0.439858
v 0.506868 0.000000 0.436388
v 0.508429 0.000000 0.433060
v 0.509367 0.000000 0.429388
v 0.511823 0.000000 0.426482
v 0.513389 0.000000 0.423246
v 0.514046 0.000000 0.419831
v 0.516735 0.000000 0.416808
v 0.518346 0.000000 0.413562
v 0.519803 0.000000 0.410267
v 0.519838 0.000000 0.406901
v 0.520979 0.000000 0.403451
v 0.521710 0.000000 0.399593
v 0.521422 0.000000 0.396292
v 0.522498 0.000000 0.392779
v 0.523814 0.000000 0.388790
v 0.523722 0.000000 0.385689
v 0.524446 0.000000 0.382134
v 0.524559 0.000000 0.378521
v 0.525430 0.000000 0.374956
v 0.525194 0.000000 0.371419
v 0.524856 0.000000 0.367895
v 0.524453 0.000000 0.364392
v 0.522961 0.000000 0.361183
v 0.517155 0.000000 0.355023
v 0.517403 0.000000 0.338834
v 0.517646 0.000000 0.312175
v 0.517665 0.000000 0.283801
v 0.510775 0.000000 0.280669
v 0.515223 0.000000 0.273186
v 0.517377 0.000000 0.253685
v 0.516269 0.000000 0.250450
v 0.514991 0.000000 0.248530
v 0.514391 0.000000 0.244367
v 0.516244 0.000000 0.239677
v 0.517755 0.000000 0.236002
v 0.518430 0.000000 0.232519
v 0.519348 0.000000 0.229052
v 0.520433 0.000000 0.225595
v 0.521612 0.000000 0.222141
v 0.522809 0.000000 0.218684
v 0.523949 0.000000 0.215219
v 0.524960 0.000000 0.211739
v 0.525867 0.000000 0.208247
v 0.526749 0.000000 0.204749
v 0.527600 0.000000 0.201244
v 0.528418 0.000000 0.197733
v 0.529198 0.000000 0.194215
v 0.529177 0.000000 0.190723
v 0.529870 0.000000 0.187197
v 0.529329 0.000000 0.184598
v 0.530771 0.000000 0.180339
v 0.532693 0.000000 0.176525
v 0.533300 0.000000 0.172967
v 0.533804 0.000000 0.169405
v 0.534168 0.000000 0.165840
v 0.532970 0.000000 0.163376
v 0.533154 0.000000 0.159080
v 0.533643 0.000000 0.155497
v 0.532150 0.000000 0.152168
v 0.531383 0.000000 0.148281
v 0.530650 0.000000 0.144752
v 0.530886 0.000000 0.141386
v 0.531174 0.000000 0.137073
v 0.527684 0.000000 0.112235
v 0.527022 0.000000 0.086953
v 0.525757 0.000000 0.061691
v 0.524084 0.000000 0.025717
v 0.527840 0.000000 0.011311
v 0.528401 0.000000 -0.011503
v 0.528766 0.000000 -0.015870
v 0.528627 0.000000 -0.019460
v 0.528445 0.000000 -0.023048
v 0.528285 0.000000 -0.026629
v 0.526885 0.000000 -0.029908
v 0.527565 0.000000 -0.033819
v 0.529037 0.000000 -0.038717
v 0.535342 0.000000 -0.061805
v 0.535008 0.000000 -0.066122
v 0.535592 0.000000 -0.069679
v 0.535741 0.000000 -0.073320
v 0.536035 0.000000 -0.076984
v 0.535911 0.000000 -0.080619
v 0.535915 0.000000 -0.084242
v 0.535483 0.000000 -0.087799
v 0.534223 0.000000 -0.090862
v 0.533261 0.000000 -0.094503
v 0.532737 0.000000 -0.097810
v 0.531566 0.000000 -0.101189
v 0.530116 0.000000 -0.104492
v 0.529112 0.000000 -0.108321
v 0.528475 0.000000 -0.111852
v 0.527744 0.000000 -0.115288
v 0.527016 0.000000 -0.118405
v 0.526628 0.000000 -0.121990
v 0.526123 0.000000 -0.125459
v 0.525568 0.000000 -0.129257
v 0.525893 0.000000 -0.133427
v 0.525674 0.000000 -0.137338
v 0.522954 0.000000 -0.161772
v 0.523898 0.000000 -0.166004
v 0.523667 0.000000 -0.169616
v 0.523460 0.000000 -0.173230
v 0.523295 0.000000 -0.176845
v 0.523190 0.000000 -0.180458
v 0.523163 0.000000 -0.184065
v 0.522252 0.000000 -0.187087
v 0.522375 0.000000 -0.190888
v 0.521622 0.000000 -0.193736
v 0.522258 0.000000 -0.197897
v 0.523097 0.000000 -0.201693
v 0.523673 0.000000 -0.205592
v 0.524140 0.000000 -0.209167
v 0.524966 0.000000 -0.212740
v 0.524908 0.000000 -0.216308
v 0.525733 0.000000 -0.219870
v 0.526966 0.000000 -0.223428
v 0.528212 0.000000 -0.226984
v 0.528739 0.000000 -0.230541
v 0.529124 0.000000 -0.234101
v 0.529307 0.000000 -0.237664
v 0.527937 0.000000 -0.240745
v 0.527314 0.000000 -0.244671
v 0.526573 0.000000 -0.248124
v 0.523947 0.000000 -0.252666
v 0.524979 0.000000 -0.255179
v 0.525215 0.000000 -0.258592
v 0.525933 0.000000 -0.262629
v 0.520783 0.000000 -0.285815
v 0.520057 0.000000 -0.289283
v 0.519466 0.000000 -0.293372
v 0.518086 0.000000 -0.296779
v 0.516369 0.000000 -0.299554
v 0.516660 0.000000 -0.303485
v 0.516701 0.000000 -0.307487
v 0.516444 0.000000 -0.311050
v 0.515833 0.000000 -0.314686
v 0.516185 0.000000 -0.318714
v 0.516248 0.000000 -0.321974
v 0.516116 0.000000 -0.325820
v 0.516011 0.000000 -0.329500
v 0.514941 0.000000 -0.332744
v 0.515234 0.000000 -0.336831
v 0.512886 0.000000 -0.361472
v 0.510453 0.000000 -0.387178
v 0.506373 0.000000 -0.411984
v 0.503112 0.000000 -0.437036
v 0.502470 0.000000 -0.440664
v 0.501524 0.000000 -0.444347
v 0.501895 0.000000 -0.448046
v 0.501705 0.000000 -0.451721
v 0.501259 0.000000 -0.455335
v 0.500511 0.000000 -0.458847
v 0.500927 0.000000 -0.462219
v 0.500547 0.000000 -0.465428
v 0.499066 0.000000 -0.468500
v 0.497375 0.000000 -0.471472
v 0.495570 0.000000 -0.474381
v 0.493748 0.000000 -0.477262
v 0.492006 0.000000 -0.480152
v 0.490442 0.000000 -0.483088
v 0.488045 0.000000 -0.486230
v 0.487330 0.000000 -0.489597
v 0.486230 0.000000 -0.493019
v 0.486361 0.000000 -0.496324
v 0.485188 0.000000 -0.499339
v 0.483628 0.000000 -0.501894
v 0.481518 0.000000 -0.503817
v 0.478768 0.000000 -0.504999
v 0.475497 0.000000 -0.505559
v 0.471845 0.000000 -0.505660
v 0.467955 0.000000 -0.505467
v 0.463968 0.000000 -0.505146
v 0.460028 0.000000 -0.504860
v 0.456276 0.000000 -0.504775
v 0.430966 0.000000 -0.504790
v 0.427345 0.000000 -0.504823
v 0.423719 0.000000 -0.504901
v 0.420091 0.000000 -0.504989
v 0.416466 0.000000 -0.505053
v 0.412848 0.000000 -0.505061
v 0.409243 0.000000 -0.504978
v 0.405655 0.000000 -0.504770
v 0.402088 0.000000 -0.504414
v 0.398540 0.000000 -0.503932
v 0.395006 0.000000 -0.503359
v 0.391477 0.000000 -0.502729
v 0.387949 0.000000 -0.502077
v 0.384415 0.000000 -0.501438
v 0.380868 0.000000 -0.500845
v 0.355883 0.000000 -0.496955
v 0.330704 0.000000 -0.494378
v 0.305502 0.000000 -0.492035
v 0.280299 0.000000 -0.489725
v 0.276714 0.000000 -0.489281
v 0.273119 0.000000 -0.488847
v 0.269527 0.000000 -0.488387
v 0.265949 0.000000 -0.487866
v 0.262400 0.000000 -0.487246
v 0.258891 0.000000 -0.486493
v 0.255435 0.000000 -0.485569
v 0.252048 0.000000 -0.484426
v 0.248723 0.000000 -0.483079
v 0.245441 0.000000 -0.481589
v 0.242182 0.000000 -0.480019
v 0.238926 0.000000 -0.478429
v 0.235653 0.000000 -0.476881
v 0.232344 0.000000 -0.475437
v 0.229014 0.000000 -0.474015
v 0.225686 0.000000 -0.472533
v 0.222351 0.000000 -0.471051
v 0.219000 0.000000 -0.469633
v 0.215622 0.000000 -0.468339
v 0.212210 0.000000 -0.467229
v 0.208752 0.000000 -0.466368
v 0.205235 0.000000 -0.465760
v 0.201664 0.000000 -0.465353
v 0.198055 0.000000 -0.465121
v 0.194424 0.000000 -0.465036
v 0.190790 0.000000 -0.465070
v 0.187168 0.000000 -0.465195
v 0.183576 0.000000 -0.465385
v 0.180013 0.000000 -0.465716
v 0.176465 0.000000 -0.466241
v 0.172927 0.000000 -0.466890
v 0.169391 0.000000 -0.467593
v 0.165854 0.000000 -0.468282
v 0.162308 0.000000 -0.468887
v 0.158750 0.000000 -0.469339
v 0.155179 0.000000 -0.469643
v 0.151601 0.000000 -0.469861
v 0.148016 0.000000 -0.470012
v 0.144426 0.000000 -0.470115
v 0.140833 0.000000 -0.470188
v 0.137237 0.000000 -0.470250
v 0.133639 0.000000 -0.470319
v 0.108379 0.000000 -0.470447
v 0.083089 0.000000 -0.470896
v 0.079478 0.000000 -0.471070
v 0.075835 0.000000 -0.471229
v 0.072189 0.000000 -0.471412
v 0.068572 0.000000 -0.471660
v 0.065014 0.000000 -0.472012
v 0.061547 0.000000 -0.472510
v 0.058200 0.000000 -0.473193
v 0.054973 0.000000 -0.474335
v 0.049608 0.000000 -0.475460
v 0.037317 0.000000 -0.477045
v 0.036930 0.000000 -0.479575
v 0.036736 0.000000 -0.480860
v 0.036517 0.000000 -0.481547
v 0.036029 0.000000 -0.481876
v 0.034430 0.000000 -0.480862
v 0.031644 0.000000 -0.478977
v 0.028906 0.000000 -0.476490
v 0.026252 0.000000 -0.473600
v 0.023721 0.000000 -0.470500
v 0.021351 0.000000 -0.467389
v 0.019179 0.000000 -0.464462
v 0.017159 0.000000 -0.461654
v 0.015243 0.000000 -0.458770
v 0.013463 0.000000 -0.455809
v 0.011854 0.000000 -0.452769
v 0.010448 0.000000 -0.449651
v 0.009278 0.000000 -0.446453
v 0.008378 0.000000 -0.443174
v 0.007918 0.000000 -0.439766
v 0.007923 0.000000 -0.436213
v 0.008213 0.000000 -0.432564
v 0.008609 0.000000 -0.428869
v 0.008930 0.000000 -0.425176
v 0.008996 0.000000 -0.421535
v 0.008626 0.000000 -0.417995
v 0.007738 0.000000 -0.414569
v 0.006466 0.000000 -0.411216
v 0.004951 0.000000 -0.407909
v 0.003335 0.000000 -0.404618
v 0.001761 0.000000 -0.401313
v 0.000372 0.000000 -0.397966
v -0.000692 0.000000 -0.394547
v -0.001451 0.000000 -0.391101
v -0.002039 0.000000 -0.387669
v -0.002482 0.000000 -0.384216
v -0.002806 0.000000 -0.380706
v -0.003035 0.000000 -0.377106
v -0.003195 0.000000 -0.373380
v -0.003312 0.000000 -0.369493
v -0.003385 0.000000 -0.365349
v -0.003393 0.000000 -0.360946
v -0.003327 0.000000 -0.356393
v -0.003177 0.000000 -0.351798
v -0.002935 0.000000 -0.347269
v -0.002593 0.000000 -0.342914
v -0.002141 0.001055 -0.338842
v -0.001505 0.001055 -0.335084
v -0.000668 0.001055 -0.331557
v 0.000293 0.001055 -0.328191
v 0.001300 0.001055 -0.324917
v 0.002274 0.001055 -0.321666
v 0.003140 0.001055 -0.318369
v 0.003818 0.001055 -0.314958
v 0.004304 0.001055 -0.311447
v 0.004666 0.001055 -0.307902
v 0.004933 0.001055 -0.304332
v 0.005137 0.001055 -0.300745
v 0.005310 0.001055 -0.297148
v 0.005481 0.001055 -0.293548
v 0.005681 0.001055 -0.289955
v 0.006976 0.001055 -0.264723
v 0.009177 0.001055 -0.239567
v 0.010918 0.001055 -0.214327
v 0.013008 0.001055 -0.189104
v 0.015148 0.001055 -0.163985
v 0.019897 0.001055 -0.139325
v 0.023217 0.001055 -0.114267
v 0.023751 0.001055 -0.110715
v 0.024374 0.001055 -0.107158
v 0.025018 0.001055 -0.103607
v 0.025614 0.001055 -0.100074
v 0.026094 0.001055 -0.096571
v 0.026391 0.001055 -0.093108
v 0.026435 0.001055 -0.089698
v 0.026026 0.001055 -0.086322
v 0.025158 0.001055 -0.082961
v 0.024054 0.001055 -0.079632
v 0.022938 0.001055 -0.076351
v 0.022232 0.001055 -0.073143
v 0.023025 0.001055 -0.070304
v 0.022663 0.001055 -0.067579
v 0.024003 0.001055 -0.065397
v 0.024558 0.001055 -0.065556
v 0.027311 0.001055 -0.061904
v 0.030924 0.001055 -0.055380
v 0.032144 0.001055 -0.053192
v 0.034236 0.001055 -0.050883
v 0.034681 0.001055 -0.047845
v 0.035076 0.001055 -0.044642
v 0.035000 0.001055 -0.041249
v 0.034551 0.001055 -0.037733
v 0.033832 0.001055 -0.034157
v 0.032943 0.001055 -0.030588
v 0.031984 0.001055 -0.027089
v 0.031056 0.001055 -0.023726
v 0.030015 0.001055 -0.020528
v 0.028724 0.001055 -0.017449
v 0.027292 0.001055 -0.014436
v 0.025831 0.001055 -0.011437
v 0.024451 0.001055 -0.008402
v 0.023263 0.001055 -0.005277
v 0.022376 0.001055 -0.002013
v 0.021795 0.001055 0.001410
v 0.021424 0.001055 0.004952
v 0.021221 0.001055 0.008577
v 0.021145 0.001055 0.012249
v 0.021155 0.001055 0.015935
v 0.021210 0.001055 0.019598
v 0.021268 0.001055 0.023204
v 0.021327 0.001055 0.026911
v 0.021421 0.001055 0.030804
v 0.021568 0.001055 0.034735
v 0.021785 0.001055 0.038558
v 0.022090 0.001055 0.042125
v 0.022500 0.001055 0.045288
v 0.023032 0.001055 0.047902
v 0.023834 0.001055 0.049811
v 0.024940 0.001055 0.051093
v 0.026195 0.001055 0.051954
v 0.027448 0.001055 0.052597
v 0.028546 0.001055 0.053226
v 0.029336 0.001055 0.054045
v 0.029666 0.001055 0.055259
v 0.029352 0.001055 0.056776
v 0.028469 0.001055 0.058387
v 0.027251 0.001055 0.060113
v 0.025933 0.001055 0.061975
v 0.024747 0.001055 0.063996
v 0.023928 0.001055 0.066197
v 0.023710 0.001055 0.068601
v 0.024265 0.001055 0.071250
v 0.025442 0.001055 0.074140
v 0.026991 0.001055 0.077219
v 0.029270 0.001055 0.078639
v 0.030206 0.001055 0.083746
v 0.031374 0.001055 0.087092
v 0.031914 0.001055 0.090426
v 0.031756 0.001055 0.093783
v 0.031096 0.001055 0.097220
v 0.030090 0.001055 0.100718
v 0.028895 0.001055 0.104258
v 0.027666 0.001055 0.107823
v 0.026559 0.001055 0.111392
v 0.025730 0.001055 0.114947
v 0.025151 0.001055 0.118498
v 0.024672 0.001055 0.122064
v 0.024272 0.001055 0.125643
v 0.023926 0.001055 0.129230
v 0.023613 0.001055 0.132823
v 0.023308 0.001055 0.136418
v 0.022988 0.001055 0.140011
v 0.021051 0.001055 0.165224
v 0.020007 0.001055 0.190473
v 0.020244 0.001055 0.215715
v 0.019191 0.001055 0.240820
v 0.018293 0.001055 0.266091
v 0.015794 0.001055 0.291228
v 0.015407 0.001055 0.294944
v 0.014834 0.001055 0.298817
v 0.014239 0.001055 0.302731
v 0.013789 0.001055 0.306571
v 0.013649 0.001055 0.310220
v 0.013985 0.001055 0.313563
v 0.014963 0.001055 0.316484
v 0.016671 0.001055 0.318944
v 0.018991 0.001055 0.321031
v 0.021780 0.001055 0.322825
v 0.024893 0.001055 0.324404
v 0.028188 0.001055 0.325846
v 0.031519 0.001055 0.327231
v 0.034743 0.001055 0.328638
v 0.037943 0.001055 0.330014
v 0.041272 0.001055 0.331274
v 0.044698 0.001055 0.332441
v 0.048186 0.001055 0.333542
v 0.051702 0.001055 0.334601
v 0.055212 0.001055 0.335643
v 0.058684 0.001055 0.336693
v 0.062131 0.001055 0.337784
v 0.065590 0.001055 0.338902
v 0.069056 0.001055 0.340008
v 0.072525 0.001055 0.341062
v 0.075992 0.001055 0.342026
v 0.079453 0.001055 0.342860
v 0.082903 0.001055 0.343523
v 0.086336 0.001055 0.343956
v 0.089752 0.001055 0.344173
v 0.093160 0.001055 0.344249
v 0.096569 0.001055 0.344257
v 0.099990 0.001055 0.344270
v 0.103430 0.001055 0.344362
v 0.106899 0.001055 0.344607
v 0.131715 0.001055 0.348371
v 0.135258 0.001055 0.348651
v 0.138829 0.001055 0.348951
v 0.142402 0.001055 0.349194
v 0.145951 0.001055 0.349300
v 0.149450 0.001055 0.349191
v 0.152242 0.001055 0.347991
v 0.155068 0.001055 0.346761
v 0.157281 0.001055 0.344409
v 0.159624 0.001055 0.342389
v 0.163032 0.001055 0.339018
v 0.165770 0.001055 0.338454
v 0.169730 0.001055 0.336548
v 0.173735 0.001055 0.335889
v 0.176563 0.001055 0.333553
v 0.179857 0.001055 0.331835
v 0.183049 0.001055 0.330021
v 0.186620 0.001055 0.328109
v 0.189723 0.001055 0.325997
v 0.191748 0.001055 0.322842
v 0.196020 0.001055 0.322752
v 0.199231 0.001055 0.321928
v 0.202487 0.001055 0.321825
v 0.205782 0.001055 0.322350
v 0.209110 0.001055 0.323317
v 0.212865 0.001055 0.323986
v 0.216421 0.001055 0.325193
v 0.219807 0.001055 0.326532
v 0.222697 0.001055 0.327826
v 0.226302 0.001055 0.328622
v 0.230134 0.001055 0.329621
v 0.234043 0.001055 0.330626
v 0.237874 0.001055 0.331437
v 0.241476 0.001055 0.331857
v 0.244696 0.001055 0.331690
v 0.247134 0.001055 0.330349
v 0.249017 0.001055 0.328394
v 0.250093 0.001055 0.325852
v 0.250144 0.001055 0.322133
v 0.248991 0.001055 0.318469
v 0.250438 0.001055 0.314943
v 0.252507 0.001055 0.311897
v 0.253570 0.001055 0.308398
v 0.254004 0.001055 0.303028
v 0.256145 0.001055 0.299937
v 0.256674 0.001055 0.296361
v 0.258141 0.001055 0.289732
v 0.259460 0.001055 0.288198
v 0.260471 0.001055 0.285628
v 0.265150 0.001055 0.283771
v 0.269872 0.001055 0.283265
v 0.272358 0.001055 0.284343
v 0.276222 0.001055 0.283995
v 0.276888 0.001055 0.286771
v 0.277082 0.001055 0.290929
v 0.275853 0.001055 0.292964
v 0.278021 0.001055 0.295610
v 0.279649 0.001055 0.298202
v 0.281079 0.001055 0.301252
v 0.282417 0.001055 0.304574
v 0.283767 0.001055 0.307979
v 0.285811 0.001055 0.310885
v 0.287717 0.001055 0.313833
v 0.289528 0.001055 0.316422
v 0.291434 0.001055 0.318730
v 0.294322 0.001055 0.320150
v 0.297453 0.001055 0.321273
v 0.300664 0.001055 0.322299
v 0.303793 0.001055 0.323426
v 0.306677 0.001055 0.324851
v 0.309152 0.001055 0.326773
v 0.311168 0.001055 0.329234
v 0.312854 0.001055 0.332071
v 0.314314 0.001055 0.335177
v 0.315652 0.001055 0.338443
v 0.316973 0.001055 0.341762
v 0.318381 0.001055 0.345024
v 0.319980 0.001055 0.348123
v 0.321917 0.001055 0.351068
v 0.324147 0.001055 0.353960
v 0.326489 0.001055 0.356823
v 0.328763 0.001055 0.359683
v 0.330789 0.001055 0.362566
v 0.332385 0.001055 0.365496
v 0.333373 0.001055 0.368498
v 0.334563 0.001055 0.371569
v 0.335011 0.001055 0.374683
v 0.336316 0.001055 0.377837
v 0.335893 0.001055 0.382230
v 0.334002 0.001055 0.385329
v 0.330551 0.001055 0.387660
v 0.328693 0.001055 0.390786
v 0.327399 0.001055 0.408918
v 0.322215 0.001055 0.417986
v 0.321537 0.001055 0.421401
v 0.320899 0.001055 0.424818
v 0.320383 0.001055 0.428230
v 0.320067 0.001055 0.431628
v 0.320031 0.001055 0.435005
v 0.320353 0.001055 0.438353
v 0.321485 0.001055 0.441576
v 0.322263 0.001055 0.444997
v 0.323702 0.001055 0.448297
v 0.325325 0.001055 0.451574
v 0.327027 0.001055 0.454824
v 0.328704 0.001055 0.458040
v 0.331234 0.001055 0.461125
v 0.342965 0.001055 0.477645
v 0.341998 0.001055 0.485797
v 0.343420 0.001055 0.489174
v 0.344820 0.001055 0.492611
v 0.346129 0.001055 0.496067
v 0.347279 0.001055 0.499500
v 0.348200 0.001055 0.502868
v 0.348822 0.001055 0.506129
v 0.349087 0.001055 0.509293
v 0.349035 0.001055 0.512401
v 0.348749 0.001055 0.515457
v 0.348313 0.001055 0.518464
v 0.347809 0.001055 0.521426
v 0.347320 0.001055 0.524347
v 0.346930 0.001055 0.527232
v 0.349675 0.001055 0.529865
v 0.351241 0.001055 0.531065
v 0.352620 0.001055 0.537482
v 0.351988 0.001055 0.539820
v 0.349760 0.001055 0.542297
v 0.347897 0.001055 0.544465
v 0.346133 0.001055 0.546776
v 0.344555 0.001055 0.549407
v 0.343160 0.001055 0.552714
v 0.342437 0.001055 0.556130
v 0.341638 0.001055 0.559593
v 0.340750 0.001055 0.563043
v 0.339760 0.001055 0.566416
v 0.338655 0.001055 0.569653
v 0.338653 0.001055 0.573065
v 0.338286 0.001055 0.576580
v 0.337866 0.001055 0.580663
v 0.337255 0.001055 0.583979
v 0.336180 0.001055 0.587282
v 0.334341 0.001055 0.590179
v 0.332097 0.001055 0.592127
v 0.328483 0.001055 0.594131
v 0.323562 0.001055 0.596567
v 0.320404 0.001055 0.597868
v 0.317627 0.001055 0.599361
v 0.315756 0.001055 0.601962
v 0.312408 0.001055 0.603921
v 0.308937 0.001055 0.609645
v 0.292456 0.001055 0.622681
v 0.289917 0.001055 0.626927
v 0.286713 0.001055 0.629097
v 0.283360 0.001055 0.631803
v 0.279592 0.001055 0.634518
v 0.276314 0.001055 0.637352
v 0.271756 0.001055 0.637781
v 0.270502 0.001055 0.639407
v 0.267909 0.001055 0.641790
v 0.265459 0.001055 0.644314
v 0.264009 0.001055 0.647320
v 0.262047 0.001055 0.649947
v 0.260033 0.001055 0.652577
v 0.258052 0.001055 0.655599
v 0.255742 0.001055 0.658099
v 0.251661 0.001055 0.659691
v 0.248664 0.001055 0.660961
v 0.246520 0.001055 0.663904
v 0.244340 0.001055 0.666798
v 0.242062 0.001055 0.669553
v 0.237980 0.001055 0.673736
v 0.237007 0.001055 0.676249
v 0.235266 0.001055 0.678817
v 0.232768 0.001055 0.680718
v 0.230869 0.001055 0.683375
v 0.228154 0.001055 0.683751
v 0.225831 0.001055 0.684697
v 0.223802 0.001055 0.685861
v 0.221613 0.001055 0.686580
v 0.216812 0.001055 0.686842
v 0.208907 0.001055 0.689566
v 0.206329 0.001055 0.688377
v 0.205813 0.001055 0.691104
v 0.204040 0.001055 0.691267
v 0.203526 0.001055 0.691592
v 0.201199 0.001055 0.694193
v 0.198084 0.001055 0.695027
v 0.192546 0.001055 0.694899
v 0.190794 0.001055 0.693110
v 0.190548 0.001055 0.686504
v 0.192528 0.001055 0.681708
v 0.193170 0.001055 0.678554
v 0.183778 0.001055 0.670307
v 0.179913 0.001055 0.665958
v 0.176886 0.001055 0.664420
v 0.174601 0.001055 0.662466
v 0.169778 0.001055 0.659997
v 0.166062 0.001055 0.658345
v 0.164670 0.001055 0.653081
v 0.164420 0.001055 0.644062
v 0.157509 0.001055 0.637367
v 0.153571 0.001055 0.636162
v 0.148509 0.001055 0.634769
v 0.146702 0.001055 0.632852
v 0.143220 0.001055 0.629247
v 0.137133 0.001055 0.623144
v 0.134737 0.001055 0.619013
v 0.132700 0.001055 0.614745
v 0.131039 0.001055 0.613753
v 0.129777 0.001055 0.613126
v 0.127834 0.001055 0.614279
v 0.125442 0.001055 0.615602
v 0.122955 0.001055 0.617616
v 0.121906 0.001055 0.618925
v 0.119824 0.001055 0.621258
v 0.117994 0.001055 0.623833
v 0.116361 0.001055 0.626818
v 0.114886 0.001055 0.630107
v 0.113532 0.001055 0.633597
v 0.112259 0.001055 0.637182
v 0.111030 0.001055 0.640758
v 0.109805 0.001055 0.644221
v 0.108409 0.001055 0.647685
v 0.106817 0.001055 0.651281
v 0.105218 0.001055 0.654930
v 0.103801 0.001055 0.658552
v 0.102756 0.001055 0.662066
v 0.102272 0.001055 0.665392
v 0.102538 0.001055 0.668450
v 0.103687 0.001055 0.671200
v 0.105594 0.001055 0.673698
v 0.108064 0.001055 0.676013
v 0.110901 0.001055 0.678212
v 0.113911 0.001055 0.680363
v 0.116898 0.001055 0.682535
v 0.119667 0.001055 0.684793
v 0.122262 0.001055 0.687209
v 0.124871 0.001055 0.689745
v 0.127515 0.001055 0.692309
v 0.130215 0.001055 0.694808
v 0.132992 0.001055 0.697152
v 0.135867 0.001055 0.699248
v 0.138861 0.001055 0.701003
v 0.141998 0.001055 0.702463
v 0.145270 0.001055 0.703722
v 0.148642 0.001055 0.704768
v 0.152085 0.001055 0.705589
v 0.155564 0.001055 0.706170
v 0.159047 0.001055 0.706498
v 0.162504 0.001055 0.706560
v 0.165954 0.001055 0.706266
v 0.171933 0.001055 0.705862
v 0.177588 0.001055 0.704905
v 0.182768 0.001055 0.703848
v 0.186993 0.001055 0.702715
v 0.192650 0.001055 0.700534
v 0.202688 0.001055 0.698606
v 0.206572 0.001055 0.695301
v 0.237485 0.001055 0.690983
v 0.239211 0.001055 0.686894
v 0.242845 0.001055 0.685592
v 0.246489 0.001055 0.684175
v 0.250086 0.001055 0.682837
v 0.253580 0.001055 0.681768
v 0.256913 0.001055 0.681163
v 0.260030 0.001055 0.681213
v 0.263055 0.001055 0.681937
v 0.266082 0.001055 0.683173
v 0.269003 0.001055 0.684835
v 0.272444 0.001055 0.686181
v 0.275856 0.001055 0.687132
v 0.276065 0.001055 0.691542
v 0.277987 0.001055 0.693787
v 0.278953 0.001055 0.696065
v 0.277981 0.001055 0.699977
v 0.277337 0.001055 0.703355
v 0.276504 0.001055 0.706855
v 0.275781 0.001055 0.710357
v 0.275468 0.001055 0.713740
v 0.275866 0.001055 0.716884
v 0.276907 0.001055 0.719925
v 0.278302 0.001055 0.723017
v 0.280019 0.001055 0.726062
v 0.282025 0.001055 0.728964
v 0.284285 0.001055 0.731627
v 0.286766 0.001055 0.733953
v 0.289437 0.001055 0.735847
v 0.292406 0.001055 0.737254
v 0.295741 0.001055 0.738242
v 0.299341 0.001055 0.738897
v 0.303109 0.001055 0.739306
v 0.306943 0.001055 0.739554
v 0.310746 0.001055 0.739728
v 0.314417 0.001055 0.739914
v 0.318009 0.001055 0.740125
v 0.321629 0.001055 0.740289
v 0.325257 0.001055 0.740364
v 0.328872 0.001055 0.740309
v 0.332456 0.001055 0.740079
v 0.335988 0.001055 0.739634
v 0.339448 0.001055 0.738931
v 0.342820 0.001055 0.737886
v 0.346115 0.001055 0.736507
v 0.349357 0.001055 0.734894
v 0.352570 0.001055 0.733145
v 0.355777 0.001055 0.731358
v 0.359002 0.001055 0.729633
v 0.362269 0.001055 0.728067
v 0.385587 0.001055 0.718589
v 0.388932 0.001055 0.717214
v 0.392317 0.001055 0.715864
v 0.395707 0.001055 0.714512
v 0.399071 0.001055 0.713129
v 0.402374 0.001055 0.711688
v 0.405584 0.001055 0.710162
v 0.408666 0.001055 0.708522
v 0.411835 0.001055 0.706829
v 0.415190 0.001055 0.705126
v 0.418529 0.001055 0.703364
v 0.421651 0.001055 0.701492
v 0.424355 0.001055 0.699460
v 0.425640 0.001055 0.698038
v 0.426578 0.001055 0.695890
v 0.426159 0.001055 0.693548
v 0.425602 0.001055 0.690396
v 0.425153 0.001055 0.686074
v 0.423699 0.001055 0.683944
v 0.421932 0.001055 0.681015
v 0.420102 0.001055 0.677637
v 0.417624 0.001055 0.674533
v 0.414210 0.001055 0.671814
v 0.412577 0.001055 0.668700
v 0.411479 0.001055 0.666858
v 0.409770 0.001055 0.665236
v 0.408697 0.001055 0.663945
v 0.408597 0.001055 0.657417
v 0.408184 0.001055 0.650433
v 0.408497 0.001055 0.646206
v 0.408336 0.001055 0.642493
v 0.408383 0.001055 0.637925
v 0.408474 0.001055 0.631760
v 0.409463 0.001055 0.629846
v 0.410135 0.001055 0.627361
v 0.410420 0.001055 0.621628
v 0.410393 0.001055 0.617880
v 0.410184 0.001055 0.616626
v 0.410537 0.001055 0.613760
v 0.417305 0.001055 0.614020
v 0.419204 0.001055 0.611841
v 0.421276 0.001055 0.609713
v 0.423512 0.001055 0.607591
v 0.426261 0.001055 0.605592
v 0.429650 0.001055 0.603796
v 0.433333 0.001055 0.602102
v 0.436960 0.001055 0.600407
v 0.440184 0.001055 0.598608
v 0.442658 0.001055 0.596603
v 0.442918 0.001055 0.595595
v 0.441080 0.001055 0.593510
v 0.438857 0.001055 0.591597
v 0.435855 0.001055 0.587477
v 0.435826 0.001055 0.585583
v 0.433239 0.001055 0.582973
v 0.431176 0.001055 0.580416
v 0.431365 0.001055 0.576459
v 0.434586 0.001055 0.569910
v 0.436681 0.001055 0.567440
v 0.439457 0.001055 0.565088
v 0.441968 0.001055 0.562411
v 0.444630 0.001055 0.559885
v 0.448991 0.001055 0.558124
v 0.451606 0.001055 0.555627
v 0.465399 0.001055 0.536403
v 0.467604 0.001055 0.534072
v 0.469962 0.001055 0.531932
v 0.472386 0.001055 0.529902
v 0.474788 0.001055 0.527903
v 0.477083 0.001055 0.525857
v 0.479183 0.001055 0.523683
v 0.481002 0.001055 0.521304
v 0.482488 0.001055 0.518733
v 0.483702 0.001055 0.516047
v 0.484723 0.001055 0.513256
v 0.485632 0.001055 0.510373
v 0.486508 0.001055 0.507406
v 0.487431 0.001055 0.504369
v 0.487291 0.001055 0.499668
v 0.496389 0.001055 0.476528
v 0.501987 0.001055 0.456017
v 0.501660 0.001055 0.452132
v 0.501444 0.001055 0.446848
v 0.503809 0.001055 0.443242
v 0.506392 0.001055 0.439858
v 0.506868 0.001055 0.436388
v 0.508429 0.001055 0.433060
v 0.509367 0.001055 0.429388
v 0.511823 0.001055 0.426482
v 0.513389 0.001055 0.423246
v 0.514046 0.001055 0.419831
v 0.516735 0.001055 0.416808
v 0.518346 0.001055 0.413562
v 0.519803 0.001055 0.410267
v 0.519838 0.001055 0.406901
v 0.520979 0.001055 0.403451
v 0.521710 0.001055 0.399593
v 0.521422 0.001055 0.396292
v 0.522498 0.001055 0.392779
v 0.523814 0.001055 0.388790
v 0.523722 0.001055 0.385689
v 0.524446 0.001055 0.382134
v 0.524559 0.001055 0.378521
v 0.525430 0.001055 0.374956
v 0.525194 0.001055 0.371419
v 0.524856 0.001055 0.367895
v 0.524453 0.001055 0.364392
v 0.522961 0.001055 0.361183
v 0.517155 0.001055 0.355023
v 0.517403 0.001055 0.338834
v 0.517646 0.001055 0.312175
v 0.517665 0.001055 0.283801
v 0.510775 0.001055 0.280669
v 0.515223 0.001055 0.273186
v 0.517377 0.001055 0.253685
v 0.516269 0.001055 0.250450
v 0.514991 0.001055 0.248530
v 0.514391 0.001055 0.244367
v 0.516244 0.001055 0.239677
v 0.517755 0.001055 0.236002
v 0.518430 0.001055 0.232519
v 0.519348 0.001055 0.229052
v 0.520433 0.001055 0.225595
v 0.521612 0.001055 0.222141
v 0.522809 0.001055 0.218684
v 0.523949 0.001055 0.215219
v 0.524960 0.001055 0.211739
v 0.525867 0.001055 0.208247
v 0.526749 0.001055 0.204749
v 0.527600 0.001055 0.201244
v 0.528418 0.001055 0.197733
v 0.529198 0.001055 0.194215
v 0.529177 0.001055 0.190723
v 0.529870 0.001055 0.187197
v 0.529329 0.001055 0.184598
v 0.530771 0.001055 0.180339
v 0.532693 0.001055 0.176525
v 0.533300 0.001055 0.172967
v 0.533804 0.001055 0.169405
v 0.534168 0.001055 0.165840
v 0.532970 0.001055 0.163376
v 0.533154 0.001055 0.159080
v 0.533643 0.001055 0.155497
v 0.532150 0.001055 0.152168
v 0.531383 0.001055 0.148281
v 0.530650 0.001055 0.144752
v 0.530886 0.001055 0.141386
v 0.531174 0.001055 0.137073
v 0.527684 0.001055 0.112235
v 0.527022 0.001055 0.086953
v 0.525757 0.001055 0.061691
v 0.524084 0.001055 0.025717
v 0.527840 0.001055 0.011311
v 0.528401 0.001055 -0.011503
v 0.528766 0.001055 -0.015870
v 0.528627 0.001055 -0.019460
v 0.528445 0.001055 -0.023048
v 0.528285 0.001055 -0.026629
v 0.526885 0.001055 -0.029908
v 0.527565 0.001055 -0.033819
v 0.529037 0.001055 -0.038717
v 0.535342 0.001055 -0.061805
v 0.535008 0.001055 -0.066122
v 0.535592 0.001055 -0.069679
v 0.535741 0.001055 -0.073320
v 0.536035 0.001055 -0.076984
v 0.535911 0.001055 -0.080619
v 0.535915 0.001055 -0.084242
v 0.535483 0.001055 -0.087799
v 0.534223 0.001055 -0.090862
v 0.533261 0.001055 -0.094503
v 0.532737 0.001055 -0.097810
v 0.531566 0.001055 -0.101189
v 0.530116 0.001055 -0.104492
v 0.529112 0.001055 -0.108321
v 0.528475 0.001055 -0.111852
v 0.527744 0.001055 -0.115288
v 0.527016 0.001055 -0.118405
v 0.526628 0.001055 -0.121990
v 0.526123 0.001055 -0.125459
v 0.525568 0.001055 -0.129257
v 0.525893 0.001055 -0.133427
v 0.525674 0.001055 -0.137338
v 0.522954 0.001055 -0.161772
v 0.523898 0.001055 -0.166004
v 0.523667 0.001055 -0.169616
v 0.523460 0.001055 -0.173230
v 0.523295 0.001055 -0.176845
v 0.523190 0.001055 -0.180458
v 0.523163 0.001055 -0.184065
v 0.522252 0.001055 -0.187087
v 0.522375 0.001055 -0.190888
v 0.521622 0.001055 -0.193736
v 0.522258 0.001055 -0.197897
v 0.523097 0.001055 -0.201693
v 0.523673 0.001055 -0.205592
v 0.524140 0.001055 -0.209167
v 0.524966 0.001055 -0.212740
v 0.524908 0.001055 -0.216308
v 0.525733 0.001055 -0.219870
v 0.526966 0.001055 -0.223428
v 0.528212 0.001055 -0.226984
v 0.528739 0.001055 -0.230541
v 0.529124 0.001055 -0.234101
v 0.529307 0.001055 -0.237664
v 0.527937 0.001055 -0.240745
v 0.527314 0.001055 -0.244671
v 0.526573 0.001055 -0.248124
v 0.523947 0.001055 -0.252666
v 0.524979 0.001055 -0.255179
v 0.525215 0.001055 -0.258592
v 0.525933 0.001055 -0.262629
v 0.520783 0.001055 -0.285815
v 0.520057 0.001055 -0.289283
v 0.519466 0.001055 -0.293372
v 0.518086 0.001055 -0.296779
v 0.516369 0.001055 -0.299554
v 0.516660 0.001055 -0.303485
v 0.516701 0.001055 -0.307487
v 0.516444 0.001055 -0.311050
v 0.515833 0.001055 -0.314686
v 0.516185 0.001055 -0.318714
v 0.516248 0.001055 -0.321974
v 0.516116 0.001055 -0.325820
v 0.516011 0.001055 -0.329500
v 0.514941 0.001055 -0.332744
v 0.515234 0.001055 -0.336831
v 0.512886 0.001055 -0.361472
v 0.510453 0.001055 -0.387178
v 0.506373 0.001055 -0.411984
v 0.503112 0.001055 -0.437036
v 0.502470 0.001055 -0.440664
v 0.501524 0.001055 -0.444347
v 0.501895 0.001055 -0.448046
v 0.501705 0.001055 -0.451721
v 0.501259 0.001055 -0.455335
v 0.500511 0.001055 -0.458847
v 0.500927 0.001055 -0.462219
v 0.500547 0.001055 -0.465428
v 0.499066 0.001055 -0.468500
v 0.497375 0.001055 -0.471472
v 0.495570 0.001055 -0.474381
v 0.493748 0.001055 -0.477262
v 0.492006 0.001055 -0.480152
v 0.490442 0.001055 -0.483088
v 0.488045 0.001055 -0.486230
v 0.487330 0.001055 -0.489597
v 0.486230 0.001055 -0.493019
v 0.486361 0.001055 -0.496324
v 0.485188 0.001055 -0.499339
v 0.483628 0.001055 -0.501894
v 0.481518 0.001055 -0.503817
v 0.478768 0.001055 -0.504999
v 0.475497 0.001055 -0.505559
v 0.471845 0.001055 -0.505660
v 0.467955 0.001055 -0.505467
v 0.463968 0.001055 -0.505146
v 0.460028 0.001055 -0.504860
v 0.456276 0.001055 -0.504775
v 0.430966 0.001055 -0.504790
v 0.427345 0.001055 -0.504823
v 0.423719 0.001055 -0.504901
v 0.420091 0.001055 -0.504989
v 0.416466 0.001055 -0.505053
v 0.412848 0.001055 -0.505061
v 0.409243 0.001055 -0.504978
v 0.405655 0.001055 -0.504770
v 0.402088 0.001055 -0.504414
v 0.398540 0.001055 -0.503932
v 0.395006 0.001055 -0.503359
v 0.391477 0.001055 -0.502729
v 0.387949 0.001055 -0.502077
v 0.384415 0.001055 -0.501438
v 0.380868 0.001055 -0.500845
v 0.355883 0.001055 -0.496955
v 0.330704 0.001055 -0.494378
v 0.305502 0.001055 -0.492035
v 0.280299 0.001055 -0.489725
v 0.276714 0.001055 -0.489281
v 0.273119 0.001055 -0.488847
v 0.269527 0.001055 -0.488387
v 0.265949 0.001055 -0.487866
v 0.262400 0.001055 -0.487246
v 0.258891 0.001055 -0.486493
v 0.255435 0.001055 -0.485569
v 0.252048 0.001055 -0.484426
v 0.248723 0.001055 -0.483079
v 0.245441 0.001055 -0.481589
v 0.242182 0.001055 -0.480019
v 0.238926 0.001055 -0.478429
v 0.235653 0.001055 -0.476881
v 0.232344 0.001055 -0.475437
v 0.229014 0.001055 -0.474015
v 0.225686 0.001055 -0.472533
v 0.222351 0.001055 -0.471051
v 0.219000 0.001055 -0.469633
v 0.215622 0.001055 -0.468339
v 0.212210 0.001055 -0.467229
v 0.208752 0.001055 -0.466368
v 0.205235 0.001055 -0.465760
v 0.201664 0.001055 -0.465353
v 0.198055 0.001055 -0.465121
v 0.194424 0.001055 -0.465036
v 0.190790 0.001055 -0.465070
v 0.187168 0.001055 -0.465195
v 0.183576 0.001055 -0.465385
v 0.180013 0.001055 -0.465716
v 0.176465 0.001055 -0.466241
v 0.172927 0.001055 -0.466890
v 0.169391 0.001055 -0.467593
v 0.165854 0.001055 -0.468282
v 0.162308 0.001055 -0.468887
v 0.158750 0.001055 -0.469339
v 0.155179 0.001055 -0.469643
v 0.151601 0.001055 -0.469861
v 0.148016 0.001055 -0.470012
v 0.144426 0.001055 -0.470115
v 0.140833 0.001055 -0.470188
v 0.137237 0.001055 -0.470250
v 0.133639 0.001055 -0.470319
v 0.108379 0.001055 -0.470447
v 0.083089 0.001055 -0.470896
v 0.079478 0.001055 -0.471070
v 0.075835 0.001055 -0.471229
v 0.072189 0.001055 -0.471412
v 0.068572 0.001055 -0.471660
v 0.065014 0.001055 -0.472012
v 0.061547 0.001055 -0.472510
v 0.058200 0.001055 -0.473193
v 0.054973 0.001055 -0.474335
v 0.049608 0.001055 -0.475460
v 0.037317 0.001055 -0.477045
v 0.036930 0.001055 -0.479575
v 0.036736 0.001055 -0.480860
v 0.036517 0.001055 -0.481547
v 0.036029 0.001055 -0.481876
v 0.034430 0.001055 -0.480862
v 0.031644 0.001055 -0.478977
v 0.028906 0.001055 -0.476490
v 0.026252 0.001055 -0.473600
v 0.023721 0.001055 -0.470500
v 0.021351 0.001055 -0.467389
v 0.019179 0.001055 -0.464462
v 0.017159 0.001055 -0.461654
v 0.015243 0.001055 -0.458770
v 0.013463 0.001055 -0.455809
v 0.011854 0.001055 -0.452769
v 0.010448 0.001055 -0.449651
v 0.009278 0.001055 -0.446453
v 0.008378 0.001055 -0.443174
v 0.007918 0.001055 -0.439766
v 0.007923 0.001055 -0.436213
v 0.008213 0.001055 -0.432564
v 0.008609 0.001055 -0.428869
v 0.008930 0.001055 -0.425176
v 0.008996 0.001055 -0.421535
v 0.008626 0.001055 -0.417995
v 0.007738 0.001055 -0.414569
v 0.006466 0.001055 -0.411216
v 0.004951 0.001055 -0.407909
v 0.003335 0.001055 -0.404618
v 0.001761 0.001055 -0.401313
v 0.000372 0.001055 -0.397966
v -0.000692 0.001055 -0.394547
v -0.001451 0.001055 -0.391101
v -0.002039 0.001055 -0.387669
v -0.002482 0.001055 -0.384216
v -0.002806 0.001055 -0.380706
v -0.003035 0.001055 -0.377106
v -0.003195 0.001055 -0.373380
v -0.003312 0.001055 -0.369493
v -0.003385 0.001055 -0.365349
v -0.003393 0.001055 -0.360946
v -0.003327 0.001055 -0.356393
v -0.003177 0.001055 -0.351798
v -0.002935 0.001055 -0.347269
v -0.002593 0.001055 -0.342914
v -0.588028 0.000000 -0.402510
v -0.587110 0.000000 -0.398519
v -0.587945 0.000000 -0.394745
v -0.587871 0.000000 -0.391140
v -0.587753 0.000000 -0.387658
v -0.587573 0.000000 -0.384250
v -0.587315 0.000000 -0.380868
v -0.585671 0.000000 -0.377466
v -0.582481 0.000000 -0.374090
v -0.580638 0.000000 -0.370798
v -0.580228 0.000000 -0.367558
v -0.581250 0.000000 -0.364341
v -0.581953 0.000000 -0.361114
v -0.582447 0.000000 -0.357847
v -0.582323 0.000000 -0.354508
v -0.582686 0.000000 -0.351096
v -0.583457 0.000000 -0.347639
v -0.584496 0.000000 -0.344147
v -0.585663 0.000000 -0.340633
v -0.586819 0.000000 -0.337108
v -0.587823 0.000000 -0.333583
v -0.588537 0.000000 -0.330070
v -0.588968 0.000000 -0.326569
v -0.589242 0.000000 -0.323071
v -0.589398 0.000000 -0.319571
v -0.589476 0.000000 -0.316064
v -0.589514 0.000000 -0.312546
v -0.589553 0.000000 -0.309013
v -0.589631 0.000000 -0.305460
v -0.590083 0.000000 -0.280166
v -0.588701 0.000000 -0.254894
v -0.583963 0.000000 -0.229968
v -0.583135 0.000000 -0.205152
v -0.582242 0.000000 -0.201584
v -0.582050 0.000000 -0.197989
v -0.580713 0.000000 -0.194387
v -0.580898 0.000000 -0.190797
v -0.580046 0.000000 -0.187237
v -0.579682 0.000000 -0.183726
v -0.578684 0.000000 -0.180285
v -0.577507 0.000000 -0.176902
v -0.574948 0.000000 -0.173557
v -0.573153 0.000000 -0.170253
v -0.570651 0.000000 -0.166996
v -0.569819 0.000000 -0.163789
v -0.568624 0.000000 -0.160635
v -0.568131 0.000000 -0.157540
v -0.566294 0.000000 -0.154538
v -0.564266 0.000000 -0.151637
v -0.562148 0.000000 -0.148801
v -0.560038 0.000000 -0.145993
v -0.558036 0.000000 -0.143177
v -0.556241 0.000000 -0.140315
v -0.552939 0.000000 -0.137370
v -0.550671 0.000000 -0.134365
v -0.546815 0.000000 -0.131117
v -0.547292 0.000000 -0.128280
v -0.548544 0.000000 -0.125183
v -0.549411 0.000000 -0.122038
v -0.549942 0.000000 -0.118837
v -0.549890 0.000000 -0.115571
v -0.550075 0.000000 -0.112144
v -0.550477 0.000000 -0.108532
v -0.551098 0.000000 -0.104833
v -0.551943 0.000000 -0.101147
v -0.553014 0.000000 -0.097571
v -0.554315 0.000000 -0.094203
v -0.555848 0.000000 -0.091143
v -0.556530 0.000000 -0.088489
v -0.557122 0.000000 -0.086185
v -0.557694 0.000000 -0.083283
v -0.565423 0.000000 -0.082106
v -0.568151 0.000000 -0.080068
v -0.570727 0.000000 -0.077855
v -0.573010 0.000000 -0.075336
v -0.575078 0.000000 -0.072518
v -0.576387 0.000000 -0.069520
v -0.577911 0.000000 -0.066380
v -0.579989 0.000000 -0.063133
v -0.580707 0.000000 -0.059816
v -0.583860 0.000000 -0.056468
v -0.585080 0.000000 -0.053124
v -0.586057 0.000000 -0.049760
v -0.586811 0.000000 -0.046336
v -0.587375 0.000000 -0.042863
v -0.587783 0.000000 -0.039354
v -0.588067 0.000000 -0.035819
v -0.588262 0.000000 -0.032272
v -0.588400 0.000000 -0.028722
v -0.587447 0.000000 -0.025158
v -0.587960 0.000000 -0.021563
v -0.587361 0.000000 -0.017948
v -0.587854 0.000000 -0.014322
v -0.587511 0.000000 -0.010695
v -0.587141 0.000000 -0.007077
v -0.586770 0.000000 -0.003477
v -0.582494 0.000000 0.021505
v -0.582911 0.000000 0.025068
v -0.581976 0.000000 0.028628
v -0.580754 0.000000 0.032186
v -0.579647 0.000000 0.035745
v -0.580708 0.000000 0.039308
v -0.580995 0.000000 0.042877
v -0.580822 0.000000 0.046455
v -0.581739 0.000000 0.071672
v -0.581257 0.000000 0.096946
v -0.580847 0.000000 0.122252
v -0.579594 0.000000 0.147506
v -0.578614 0.000000 0.172735
v -0.578371 0.000000 0.198042
v -0.576186 0.000000 0.223249
v -0.575404 0.000000 0.248546
v -0.575126 0.000000 0.252019
v -0.571777 0.000000 0.255448
v -0.571654 0.000000 0.258840
v -0.571379 0.000000 0.262206
v -0.571239 0.000000 0.265553
v -0.571852 0.000000 0.268892
v -0.572541 0.000000 0.272230
v -0.572071 0.000000 0.275730
v -0.571745 0.000000 0.279438
v -0.571415 0.000000 0.283189
v -0.570937 0.000000 0.286819
v -0.570165 0.000000 0.290160
v -0.568955 0.000000 0.293049
v -0.567162 0.000000 0.295320
v -0.564663 0.000000 0.296839
v -0.561549 0.000000 0.297709
v -0.557988 0.000000 0.298118
v -0.554150 0.000000 0.298256
v -0.550204 0.000000 0.298310
v -0.546320 0.000000 0.298470
v -0.542667 0.000000 0.298923
v -0.518422 0.000000 0.304613
v -0.492838 0.000000 0.306539
v -0.468224 0.000000 0.310863
v -0.442939 0.000000 0.313242
v -0.439597 0.000000 0.314391
v -0.436023 0.000000 0.314943
v -0.432452 0.000000 0.315515
v -0.428893 0.000000 0.316072
v -0.425356 0.000000 0.316581
v -0.421851 0.000000 0.317007
v -0.418388 0.000000 0.317318
v -0.414055 0.000000 0.317065
v -0.411549 0.000000 0.317282
v -0.408448 0.000000 0.317076
v -0.405076 0.000000 0.317621
v -0.401271 0.000000 0.316839
v -0.397923 0.000000 0.316953
v -0.394831 0.000000 0.316535
v -0.391505 0.000000 0.316993
v -0.387938 0.000000 0.316573
v -0.384328 0.000000 0.316081
v -0.380697 0.000000 0.315599
v -0.377067 0.000000 0.315206
v -0.373458 0.000000 0.314983
v -0.369893 0.000000 0.315010
v -0.366364 0.000000 0.315291
v -0.362456 0.000000 0.315100
v -0.358593 0.000000 0.315553
v -0.354684 0.000000 0.315619
v -0.351452 0.000000 0.316195
v -0.348281 0.000000 0.317992
v -0.345506 0.000000 0.319777
v -0.321340 0.000000 0.327310
v -0.318537 0.000000 0.329178
v -0.314319 0.000000 0.329228
v -0.311601 0.000000 0.330744
v -0.306344 0.000000 0.330644
v -0.304599 0.000000 0.332073
v -0.301078 0.000000 0.332691
v -0.297548 0.000000 0.333300
v -0.293963 0.000000 0.333844
v -0.290304 0.000000 0.334288
v -0.286617 0.000000 0.334684
v -0.282947 0.000000 0.335083
v -0.279341 0.000000 0.335537
v -0.275842 0.000000 0.336097
v -0.272498 0.000000 0.336815
v -0.269208 0.000000 0.337569
v -0.265899 0.000000 0.338272
v -0.262655 0.000000 0.339030
v -0.259561 0.000000 0.339946
v -0.256699 0.000000 0.341126
v -0.254155 0.000000 0.342675
v -0.252011 0.000000 0.344698
v -0.250395 0.000000 0.347317
v -0.249275 0.000000 0.350481
v -0.248496 0.000000 0.354031
v -0.247096 0.000000 0.357810
v -0.246125 0.000000 0.361659
v -0.246653 0.000000 0.365420
v -0.245687 0.000000 0.368936
v -0.244493 0.000000 0.372254
v -0.243226 0.000000 0.375531
v -0.241885 0.000000 0.378771
v -0.240473 0.000000 0.381979
v -0.238990 0.000000 0.385161
v -0.237436 0.000000 0.388319
v -0.235814 0.000000 0.391459
v -0.234001 0.000000 0.394536
v -0.231956 0.000000 0.397532
v -0.229799 0.000000 0.400489
v -0.227654 0.000000 0.403450
v -0.225640 0.000000 0.406459
v -0.222129 0.000000 0.409559
v -0.222494 0.000000 0.412793
v -0.221535 0.000000 0.416181
v -0.220913 0.000000 0.419693
v -0.220533 0.000000 0.423294
v -0.220306 0.000000 0.426947
v -0.220136 0.000000 0.430617
v -0.218952 0.000000 0.434268
v -0.218237 0.000000 0.437865
v -0.219235 0.000000 0.441444
v -0.218273 0.000000 0.445046
v -0.218672 0.000000 0.448650
v -0.218355 0.000000 0.452231
v -0.217935 0.000000 0.455767
v -0.217351 0.000000 0.459234
v -0.216544 0.000000 0.462608
v -0.215378 0.000000 0.465843
v -0.213864 0.000000 0.468941
v -0.212154 0.000000 0.471960
v -0.210404 0.000000 0.474955
v -0.208767 0.000000 0.477982
v -0.207398 0.000000 0.481096
v -0.206451 0.000000 0.484354
v -0.206051 0.000000 0.487778
v -0.206101 0.000000 0.491329
v -0.206426 0.000000 0.494962
v -0.206851 0.000000 0.498636
v -0.207200 0.000000 0.502308
v -0.207297 0.000000 0.505935
v -0.206968 0.000000 0.509474
v -0.205451 0.000000 0.512117
v -0.204216 0.000000 0.513714
v -0.203303 0.000000 0.519662
v -0.201696 0.000000 0.522997
v -0.200173 0.000000 0.526334
v -0.194316 0.000000 0.529695
v -0.195138 0.000000 0.533098
v -0.196600 0.000000 0.536546
v -0.197243 0.000000 0.540021
v -0.197986 0.000000 0.543516
v -0.198357 0.000000 0.547021
v -0.198683 0.000000 0.550528
v -0.198144 0.000000 0.554029
v -0.198630 0.000000 0.557515
v -0.198161 0.000000 0.561018
v -0.194540 0.000000 0.563238
v -0.195572 0.000000 0.568098
v -0.194702 0.000000 0.571620
v -0.193867 0.000000 0.575090
v -0.193717 0.000000 0.578481
v -0.192372 0.000000 0.581765
v -0.190794 0.000000 0.584916
v -0.188965 0.000000 0.587952
v -0.183480 0.000000 0.590908
v -0.182713 0.000000 0.593816
v -0.182207 0.000000 0.596711
v -0.179582 0.000000 0.599627
v -0.177951 0.000000 0.602598
v -0.163683 0.000000 0.621327
v -0.164326 0.000000 0.626996
v -0.162715 0.000000 0.630106
v -0.161144 0.000000 0.633227
v -0.159612 0.000000 0.636359
v -0.158119 0.000000 0.639498
v -0.156664 0.000000 0.642641
v -0.155246 0.000000 0.645784
v -0.153788 0.000000 0.648908
v -0.152264 0.000000 0.652008
v -0.150753 0.000000 0.655106
v -0.149331 0.000000 0.658223
v -0.148078 0.000000 0.661381
v -0.146521 0.000000 0.664602
v -0.145078 0.000000 0.667908
v -0.145022 0.000000 0.671324
v -0.146420 0.000000 0.674837
v -0.146939 0.000000 0.678417
v -0.147562 0.000000 0.682031
v -0.148118 0.000000 0.685648
v -0.148433 0.000000 0.689235
v -0.148333 0.000000 0.692761
v -0.147854 0.000000 0.696255
v -0.147161 0.000000 0.699754
v -0.146277 0.000000 0.703241
v -0.145225 0.000000 0.706697
v -0.144027 0.000000 0.710103
v -0.142707 0.000000 0.713442
v -0.141286 0.000000 0.716695
v -0.139715 0.000000 0.719877
v -0.137956 0.000000 0.723007
v -0.136052 0.000000 0.726079
v -0.134046 0.000000 0.729084
v -0.131981 0.000000 0.732015
v -0.129901 0.000000 0.734864
v -0.127848 0.000000 0.737622
v -0.125887 0.000000 0.740408
v -0.123999 0.000000 0.743266
v -0.122107 0.000000 0.746082
v -0.120133 0.000000 0.748743
v -0.117999 0.000000 0.751134
v -0.115627 0.000000 0.753141
v -0.112938 0.000000 0.754651
v -0.109868 0.000000 0.755552
v -0.106465 0.000000 0.755911
v -0.102819 0.000000 0.755874
v -0.099021 0.000000 0.755590
v -0.095163 0.000000 0.755208
v -0.091335 0.000000 0.754875
v -0.087628 0.000000 0.754740
v -0.062318 0.000000 0.754839
v -0.058489 0.000000 0.755075
v -0.054373 0.000000 0.755524
v -0.050186 0.000000 0.756040
v -0.046143 0.000000 0.756479
v -0.042462 0.000000 0.756697
v -0.039357 0.000000 0.756549
v -0.037046 0.000000 0.755889
v -0.035589 0.000000 0.754711
v -0.034815 0.000000 0.753139
v -0.034591 0.000000 0.751231
v -0.034783 0.000000 0.749042
v -0.035257 0.000000 0.746630
v -0.035879 0.000000 0.744050
v -0.037354 0.000000 0.741361
v -0.038345 0.000000 0.738468
v -0.038428 0.000000 0.735291
v -0.040639 0.000000 0.731903
v -0.042174 0.000000 0.728379
v -0.043431 0.000000 0.724792
v -0.044874 0.000000 0.721218
v -0.045968 0.000000 0.717729
v -0.047392 0.000000 0.714302
v -0.047713 0.000000 0.710861
v -0.048802 0.000000 0.707408
v -0.049851 0.000000 0.703942
v -0.050850 0.000000 0.700463
v -0.051793 0.000000 0.696974
v -0.052669 0.000000 0.693472
v -0.054405 0.000000 0.689957
v -0.055001 0.000000 0.686425
v -0.055626 0.000000 0.682880
v -0.056561 0.000000 0.679326
v -0.056574 0.000000 0.675765
v -0.056643 0.000000 0.672200
v -0.057214 0.000000 0.668636
v -0.057735 0.000000 0.665060
v -0.058177 0.000000 0.661467
v -0.058582 0.000000 0.657866
v -0.058996 0.000000 0.654267
v -0.059462 0.000000 0.650680
v -0.060024 0.000000 0.647115
v -0.060727 0.000000 0.643580
v -0.068243 0.000000 0.619418
v -0.074235 0.000000 0.594786
v -0.078323 0.000000 0.569951
v -0.083145 0.000000 0.545001
v -0.086895 0.000000 0.520062
v -0.087621 0.000000 0.516525
v -0.088416 0.000000 0.513002
v -0.089243 0.000000 0.509487
v -0.090061 0.000000 0.505972
v -0.090832 0.000000 0.502451
v -0.091515 0.000000 0.498916
v -0.092072 0.000000 0.495363
v -0.092492 0.000000 0.491787
v -0.092806 0.000000 0.488195
v -0.093038 0.000000 0.484590
v -0.093212 0.000000 0.480978
v -0.093352 0.000000 0.477363
v -0.093482 0.000000 0.473749
v -0.093626 0.000000 0.470142
v -0.093938 0.000000 0.466449
v -0.094449 0.000000 0.462636
v -0.094996 0.000000 0.458792
v -0.095417 0.000000 0.455009
v -0.095550 0.000000 0.451376
v -0.095233 0.000000 0.447984
v -0.094304 0.000000 0.444922
v -0.092537 0.000000 0.442333
v -0.089999 0.000000 0.440184
v -0.086972 0.000000 0.438304
v -0.083736 0.000000 0.436518
v -0.080573 0.000000 0.434655
v -0.077762 0.000000 0.432543
v -0.075584 0.000000 0.430007
v -0.074049 0.000000 0.427029
v -0.072909 0.000000 0.423752
v -0.072062 0.000000 0.420258
v -0.071407 0.000000 0.416623
v -0.070841 0.000000 0.412927
v -0.070261 0.000000 0.409248
v -0.069567 0.000000 0.405665
v -0.068776 0.000000 0.402151
v -0.067986 0.000000 0.398628
v -0.067210 0.000000 0.395097
v -0.066467 0.000000 0.391556
v -0.065772 0.000000 0.388007
v -0.065140 0.000000 0.384449
v -0.064588 0.000000 0.380882
v -0.063994 0.000000 0.377235
v -0.063304 0.000000 0.373483
v -0.062633 0.000000 0.369699
v -0.062099 0.000000 0.365953
v -0.061816 0.000000 0.362320
v -0.061900 0.000000 0.358870
v -0.062467 0.000000 0.355675
v -0.063716 0.000000 0.352655
v -0.065609 0.000000 0.349717
v -0.067909 0.000000 0.346920
v -0.070381 0.000000 0.344320
v -0.072787 0.000000 0.341977
v -0.074890 0.000000 0.339946
v -0.076454 0.000000 0.338287
v -0.077638 0.000000 0.337172
v -0.078705 0.000000 0.336607
v -0.079575 0.000000 0.336401
v -0.080168 0.000000 0.336360
v -0.080405 0.000000 0.336294
v -0.080205 0.000000 0.336009
v -0.079489 0.000000 0.335313
v -0.077944 0.000000 0.334330
v -0.075539 0.000000 0.333272
v -0.072610 0.000000 0.332079
v -0.069498 0.000000 0.330693
v -0.066540 0.000000 0.329052
v -0.064076 0.000000 0.327099
v -0.062444 0.000000 0.324772
v -0.062391 0.000000 0.321941
v -0.062546 0.000000 0.318615
v -0.062486 0.000000 0.314946
v -0.063388 0.000000 0.311083
v -0.062584 0.000000 0.307179
v -0.063322 0.000000 0.303384
v -0.064046 0.000000 0.299848
v -0.067390 0.000000 0.296572
v -0.069115 0.000000 0.293420
v -0.074319 0.000000 0.287567
v -0.073755 0.000000 0.285060
v -0.073536 0.000000 0.282674
v -0.073150 0.000000 0.281071
v -0.071969 0.000000 0.277803
v -0.071916 0.000000 0.274410
v -0.071426 0.000000 0.270932
v -0.070629 0.000000 0.267392
v -0.069655 0.000000 0.263809
v -0.068634 0.000000 0.260207
v -0.067694 0.000000 0.256605
v -0.066967 0.000000 0.253026
v -0.063873 0.000000 0.227946
v -0.060537 0.000000 0.202864
v -0.058654 0.000000 0.177638
v -0.058706 0.000000 0.152327
v -0.058589 0.000000 0.127016
v -0.057580 0.000000 0.101763
v -0.058374 0.000000 0.076466
v -0.057420 0.000000 0.051155
v -0.059083 0.000000 0.025953
v -0.059496 0.000000 0.022354
v -0.060021 0.000000 0.018749
v -0.060596 0.000000 0.015143
v -0.061157 0.000000 0.011543
v -0.061641 0.000000 0.007955
v -0.061987 0.000000 0.004383
v -0.062130 0.000000 0.000834
v -0.061972 0.000000 -0.002683
v -0.063251 0.000000 -0.006171
v -0.061898 0.000000 -0.009641
v -0.060314 0.000000 -0.013103
v -0.059763 0.000000 -0.016566
v -0.059411 0.000000 -0.020042
v -0.060740 0.000000 -0.023539
v -0.060902 0.000000 -0.027057
v -0.061033 0.000000 -0.030584
v -0.061109 0.000000 -0.034120
v -0.062975 0.000000 -0.037664
v -0.063578 0.000000 -0.041215
v -0.064569 0.000000 -0.044773
v -0.065020 0.000000 -0.048336
v -0.067438 0.000000 -0.073453
v -0.071643 0.000000 -0.098465
v -0.072672 0.000000 -0.123693
v -0.072788 0.000000 -0.149003
v -0.072790 0.000000 -0.174314
v -0.072626 0.000000 -0.177925
v -0.073165 0.000000 -0.181534
v -0.073247 0.000000 -0.185143
v -0.073146 0.000000 -0.188749
v -0.072371 0.000000 -0.192351
v -0.071368 0.000000 -0.195949
v -0.071357 0.000000 -0.199541
v -0.074902 0.000000 -0.224556
v -0.074104 0.000000 -0.249783
v -0.074156 0.000000 -0.253386
v -0.074249 0.000000 -0.256994
v -0.074349 0.000000 -0.260602
v -0.074421 0.000000 -0.264207
v -0.074432 0.000000 -0.267804
v -0.074346 0.000000 -0.271390
v -0.074130 0.000000 -0.274961
v -0.073701 0.000000 -0.278511
v -0.073717 0.000000 -0.282039
v -0.073825 0.000000 -0.285554
v -0.073333 0.000000 -0.289065
v -0.071517 0.000000 -0.292581
v -0.071004 0.000000 -0.296108
v -0.070009 0.000000 -0.299657
v -0.070025 0.000000 -0.303227
v -0.070254 0.000000 -0.306813
v -0.070640 0.000000 -0.310410
v -0.071124 0.000000 -0.314013
v -0.071647 0.000000 -0.317619
v -0.072152 0.000000 -0.321224
v -0.072580 0.000000 -0.324824
v -0.075193 0.000000 -0.349992
v -0.076540 0.000000 -0.375199
v -0.076678 0.000000 -0.378813
v -0.076732 0.000000 -0.382445
v -0.076767 0.000000 -0.386081
v -0.076847 0.000000 -0.389708
v -0.077036 0.000000 -0.393312
v -0.077399 0.000000 -0.396880
v -0.078000 0.000000 -0.400399
v -0.078901 0.000000 -0.403859
v -0.080067 0.000000 -0.407271
v -0.081412 0.000000 -0.410647
v -0.082854 0.000000 -0.414000
v -0.084308 0.000000 -0.417343
v -0.085690 0.000000 -0.420689
v -0.086916 0.000000 -0.424052
v -0.088033 0.000000 -0.427413
v -0.090342 0.000000 -0.430757
v -0.092843 0.000000 -0.434095
v -0.093215 0.000000 -0.437440
v -0.093105 0.000000 -0.440805
v -0.093605 0.000000 -0.444204
v -0.093687 0.000000 -0.447647
v -0.094173 0.000000 -0.451177
v -0.094394 0.000000 -0.454795
v -0.094485 0.000000 -0.458456
v -0.094575 0.000000 -0.462116
v -0.094798 0.000000 -0.465730
v -0.095285 0.000000 -0.469253
v -0.096169 0.000000 -0.472641
v -0.097461 0.000000 -0.475969
v -0.101348 0.000000 -0.479302
v -0.103056 0.000000 -0.482580
v -0.104153 0.000000 -0.485741
v -0.105687 0.000000 -0.488724
v -0.108075 0.000000 -0.491469
v -0.109437 0.000000 -0.493914
v -0.111665 0.000000 -0.496158
v -0.113962 0.000000 -0.498288
v -0.116341 0.000000 -0.500225
v -0.118814 0.000000 -0.501892
v -0.121392 0.000000 -0.503210
v -0.124087 0.000000 -0.504102
v -0.126910 0.000000 -0.504488
v -0.129888 0.000000 -0.504171
v -0.132917 0.000000 -0.501238
v -0.135126 0.000000 -0.500136
v -0.138999 0.000000 -0.498651
v -0.143029 0.000000 -0.498152
v -0.146471 0.000000 -0.496577
v -0.149916 0.000000 -0.495421
v -0.153390 0.000000 -0.494646
v -0.156929 0.000000 -0.494040
v -0.160516 0.000000 -0.493567
v -0.164134 0.000000 -0.493190
v -0.167768 0.000000 -0.492875
v -0.171399 0.000000 -0.492584
v -0.175012 0.000000 -0.492282
v -0.200288 0.000000 -0.490944
v -0.225579 0.000000 -0.489987
v -0.229184 0.000000 -0.489713
v -0.232788 0.000000 -0.489408
v -0.236390 0.000000 -0.489069
v -0.239989 0.000000 -0.488693
v -0.243582 0.000000 -0.488278
v -0.247169 0.000000 -0.487821
v -0.250747 0.000000 -0.487321
v -0.275608 0.000000 -0.482654
v -0.300496 0.000000 -0.479831
v -0.325188 0.000000 -0.474938
v -0.349726 0.000000 -0.468899
v -0.374516 0.000000 -0.463806
v -0.399474 0.000000 -0.459764
v -0.424409 0.000000 -0.455522
v -0.449621 0.000000 -0.453330
v -0.474364 0.000000 -0.448785
v -0.477925 0.000000 -0.448172
v -0.481498 0.000000 -0.447537
v -0.485077 0.000000 -0.446909
v -0.488661 0.000000 -0.446317
v -0.492244 0.000000 -0.445791
v -0.495823 0.000000 -0.445360
v -0.499396 0.000000 -0.445054
v -0.502966 0.000000 -0.444853
v -0.509513 0.000000 -0.444649
v -0.515348 0.000000 -0.444539
v -0.516269 0.000000 -0.444650
v -0.517232 0.000000 -0.444874
v -0.520780 0.000000 -0.445131
v -0.524314 0.000000 -0.445506
v -0.527835 0.000000 -0.446072
v -0.531346 0.000000 -0.446844
v -0.535928 0.000000 -0.447747
v -0.538341 0.000000 -0.448707
v -0.541824 0.000000 -0.449649
v -0.545298 0.000000 -0.450499
v -0.548763 0.000000 -0.451182
v -0.552296 0.000000 -0.451876
v -0.555923 0.000000 -0.452706
v -0.559567 0.000000 -0.453520
v -0.563150 0.000000 -0.454164
v -0.566595 0.000000 -0.454486
v -0.569825 0.000000 -0.454331
v -0.572763 0.000000 -0.453548
v -0.575476 0.000000 -0.452128
v -0.578057 0.000000 -0.450205
v -0.580463 0.000000 -0.447838
v -0.582651 0.000000 -0.445085
v -0.584579 0.000000 -0.442004
v -0.586202 0.000000 -0.438655
v -0.587480 0.000000 -0.435095
v -0.588316 0.000000 -0.431116
v -0.588717 0.000000 -0.426595
v -0.588791 0.000000 -0.421723
v -0.588650 0.000000 -0.416689
v -0.588403 0.000000 -0.411683
v -0.588159 0.000000 -0.406893
v -0.588028 0.001055 -0.402510
v -0.587110 0.001055 -0.398519
v -0.587945 0.001055 -0.394745
v -0.587871 0.001055 -0.391140
v -0.587753 0.001055 -0.387658
v -0.587573 0.001055 -0.384250
v -0.587315 0.001055 -0.380868
v -0.585671 0.001055 -0.377466
v -0.582481 0.001055 -0.374090
v -0.580638 0.001055 -0.370798
v -0.580228 0.001055 -0.367558
v -0.581250 0.001055 -0.364341
v -0.581953 0.001055 -0.361114
v -0.582447 0.001055 -0.357847
v -0.582323 0.001055 -0.354508
v -0.582686 0.001055 -0.351096
v -0.583457 0.001055 -0.347639
v -0.584496 0.001055 -0.344147
v -0.585663 0.001055 -0.340633
v -0.586819 0.001055 -0.337108
v -0.587823 0.001055 -0.333583
v -0.588537 0.001055 -0.330070
v -0.588968 0.001055 -0.326569
v -0.589242 0.001055 -0.323071
v -0.589398 0.001055 -0.319571
v -0.589476 0.001055 -0.316064
v -0.589514 0.001055 -0.312546
v -0.589553 0.001055 -0.309013
v -0.589631 0.001055 -0.305460
v -0.590083 0.001055 -0.280166
v -0.588701 0.001055 -0.254894
v -0.583963 0.001055 -0.229968
v -0.583135 0.001055 -0.205152
v -0.582242 0.001055 -0.201584
v -0.582050 0.001055 -0.197989
v -0.580713 0.001055 -0.194387
v -0.580898 0.001055 -0.190797
v -0.580046 0.001055 -0.187237
v -0.579682 0.001055 -0.183726
v -0.578684 0.001055 -0.180285
v -0.577507 0.001055 -0.176902
v -0.574948 0.001055 -0.173557
v -0.573153 0.001055 -0.170253
v -0.570651 0.001055 -0.166996
v -0.569819 0.001055 -0.163789
v -0.568624 0.001055 -0.160635
v -0.568131 0.001055 -0.157540
v -0.566294 0.001055 -0.154538
v -0.564266 0.001055 -0.151637
v -0.562148 0.001055 -0.148801
v -0.560038 0.001055 -0.145993
v -0.558036 0.001055 -0.143177
v -0.556241 0.001055 -0.140315
v -0.552939 0.001055 -0.137370
v -0.550671 0.001055 -0.134365
v -0.546815 0.001055 -0.131117
v -0.547292 0.001055 -0.128280
v -0.548544 0.001055 -0.125183
v -0.549411 0.001055 -0.122038
v -0.549942 0.001055 -0.118837
v -0.549890 0.001055 -0.115571
v -0.550075 0.001055 -0.112144
v -0.550477 0.001055 -0.108532
v -0.551098 0.001055 -0.104833
v -0.551943 0.001055 -0.101147
v -0.553014 0.001055 -0.097571
v -0.554315 0.001055 -0.094203
v -0.555848 0.001055 -0.091143
v -0.556530 0.001055 -0.088489
v -0.557122 0.001055 -0.086185
v -0.557694 0.001055 -0.083283
v -0.565423 0.001055 -0.082106
v -0.568151 0.001055 -0.080068
v -0.570727 0.001055 -0.077855
v -0.573010 0.001055 -0.075336
v -0.575078 0.001055 -0.072518
v -0.576387 0.001055 -0.069520
v -0.577911 0.001055 -0.066380
v -0.579989 0.001055 -0.063133
v -0.580707 0.001055 -0.059816
v -0.583860 0.001055 -0.056468
v -0.585080 0.001055 -0.053124
v -0.586057 0.001055 -0.049760
v -0.586811 0.001055 -0.046336
v -0.587375 0.001055 -0.042863
v -0.587783 0.001055 -0.039354
v -0.588067 0.001055 -0.035819
v -0.588262 0.001055 -0.032272
v -0.588400 0.001055 -0.028722
v -0.587447 0.001055 -0.025158
v -0.587960 0.001055 -0.021563
v -0.587361 0.001055 -0.017948
v -0.587854 0.001055 -0.014322
v -0.587511 0.001055 -0.010695
v -0.587141 0.001055 -0.007077
v -0.586770 0.001055 -0.003477
v -0.582494 0.001055 0.021505
v -0.582911 0.001055 0.025068
v -0.581976 0.001055 0.028628
v -0.580754 0.001055 0.032186
v -0.579647 0.001055 0.035745
v -0.580708 0.001055 0.039308
v -0.580995 0.001055 0.042877
v -0.580822 0.001055 0.046455
v -0.581739 0.001055 0.071672
v -0.581257 0.001055 0.096946
v -0.580847 0.001055 0.122252
v -0.579594 0.001055 0.147506
v -0.578614 0.001055 0.172735
v -0.578371 0.001055 0.198042
v -0.576186 0.001055 0.223249
v -0.575404 0.001055 0.248546
v -0.575126 0.001055 0.252019
v -0.571777 0.001055 0.255448
v -0.571654 0.001055 0.258840
v -0.571379 0.001055 0.262206
v -0.571239 0.001055 0.265553
v -0.571852 0.001055 0.268892
v -0.572541 0.001055 0.272230
v -0.572071 0.001055 0.275730
v -0.571745 0.001055 0.279438
v -0.571415 0.001055 0.283189
v -0.570937 0.001055 0.286819
v -0.570165 0.001055 0.290160
v -0.568955 0.001055 0.293049
v -0.567162 0.001055 0.295320
v -0.564663 0.001055 0.296839
v -0.561549 0.001055 0.297709
v -0.557988 0.001055 0.298118
v -0.554150 0.001055 0.298256
v -0.550204 0.001055 0.298310
v -0.546320 0.001055 0.298470
v -0.542667 0.001055 0.298923
v -0.518422 0.001055 0.304613
v -0.492838 0.001055 0.306539
v -0.468224 0.001055 0.310863
v -0.442939 0.001055 0.313242
v -0.439597 0.001055 0.314391
v -0.436023 0.001055 0.314943
v -0.432452 0.001055 0.315515
v -0.428893 0.001055 0.316072
v -0.425356 0.001055 0.316581
v -0.421851 0.001055 0.317007
v -0.418388 0.001055 0.317318
v -0.414055 0.001055 0.317065
v -0.411549 0.001055 0.317282
v -0.408448 0.001055 0.317076
v -0.405076 0.001055 0.317621
v -0.401271 0.001055 0.316839
v -0.397923 0.001055 0.316953
v -0.394831 0.001055 0.316535
v -0.391505 0.001055 0.316993
v -0.387938 0.001055 0.316573
v -0.384328 0.001055 0.316081
v -0.380697 0.001055 0.315599
v -0.377067 0.001055 0.315206
v -0.373458 0.001055 0.314983
v -0.369893 0.001055 0.315010
v -0.366364 0.001055 0.315291
v -0.362456 0.001055 0.315100
v -0.358593 0.001055 0.315553
v -0.354684 0.001055 0.315619
v -0.351452 0.001055 0.316195
v -0.348281 0.001055 0.317992
v -0.345506 0.001055 0.319777
v -0.321340 0.001055 0.327310
v -0.318537 0.001055 0.329178
v -0.314319 0.001055 0.329228
v -0.311601 0.001055 0.330744
v -0.306344 0.001055 0.330644
v -0.304599 0.001055 0.332073
v -0.301078 0.001055 0.332691
v -0.297548 0.001055 0.333300
v -0.293963 0.001055 0.333844
v -0.290304 0.001055 0.334288
v -0.286617 0.001055 0.334684
v -0.282947 0.001055 0.335083
v -0.279341 0.001055 0.335537
v -0.275842 0.001055 0.336097
v -0.272498 0.001055 0.336815
v -0.269208 0.001055 0.337569
v -0.265899 0.001055 0.338272
v -0.262655 0.001055 0.339030
v -0.259561 0.001055 0.339946
v -0.256699 0.001055 0.341126
v -0.254155 0.001055 0.342675
v -0.252011 0.001055 0.344698
v -0.250395 0.001055 0.347317
v -0.249275 0.001055 0.350481
v -0.248496 0.001055 0.354031
v -0.247096 0.001055 0.357810
v -0.246125 0.001055 0.361659
v -0.246653 0.001055 0.365420
v -0.245687 0.001055 0.368936
v -0.244493 0.001055 0.372254
v -0.243226 0.001055 0.375531
v -0.241885 0.001055 0.378771
v -0.240473 0.001055 0.381979
v -0.238990 0.001055 0.385161
v -0.237436 0.001055 0.388319
v -0.235814 0.001055 0.391459
v -0.234001 0.001055 0.394536
v -0.231956 0.001055 0.397532
v -0.229799 0.001055 0.400489
v -0.227654 0.001055 0.403450
v -0.225640 0.001055 0.406459
v -0.222129 0.001055 0.409559
v -0.222494 0.001055 0.412793
v -0.221535 0.001055 0.416181
v -0.220913 0.001055 0.419693
v -0.220533 0.001055 0.423294
v -0.220306 0.001055 0.426947
v -0.220136 0.001055 0.430617
v -0.218952 0.001055 0.434268
v -0.218237 0.001055 0.437865
v -0.219235 0.001055 0.441444
v -0.218273 0.001055 0.445046
v -0.218672 0.001055 0.448650
v -0.218355 0.001055 0.452231
v -0.217935 0.001055 0.455767
v -0.217351 0.001055 0.459234
v -0.216544 0.001055 0.462608
v -0.215378 0.001055 0.465843
v -0.213864 0.001055 0.468941
v -0.212154 0.001055 0.471960
v -0.210404 0.001055 0.474955
v -0.208767 0.001055 0.477982
v -0.207398 0.001055 0.481096
v -0.206451 0.001055 0.484354
v -0.206051 0.001055 0.487778
v -0.206101 0.001055 0.491329
v -0.206426 0.001055 0.494962
v -0.206851 0.001055 0.498636
v -0.207200 0.001055 0.502308
v -0.207297 0.001055 0.505935
v -0.206968 0.001055 0.509474
v -0.205451 0.001055 0.512117
v -0.204216 0.001055 0.513714
v -0.203303 0.001055 0.519662
v -0.201696 0.001055 0.522997
v -0.200173 0.001055 0.526334
v -0.194316 0.001055 0.529695
v -0.195138 0.001055 0.533098
v -0.196600 0.001055 0.536546
v -0.197243 0.001055 0.540021
v -0.197986 0.001055 0.543516
v -0.198357 0.001055 0.547021
v -0.198683 0.001055 0.550528
v -0.198144 0.001055 0.554029
v -0.198630 0.001055 0.557515
v -0.198161 0.001055 0.561018
v -0.194540 0.001055 0.563238
v -0.195572 0.001055 0.568098
v -0.194702 0.001055 0.571620
v -0.193867 0.001055 0.575090
v -0.193717 0.001055 0.578481
v -0.192372 0.001055 0.581765
v -0.190794 0.001055 0.584916
v -0.188965 0.001055 0.587952
v -0.183480 0.001055 0.590908
v -0.182713 0.001055 0.593816
v -0.182207 0.001055 0.596711
v -0.179582 0.001055 0.599627
v -0.177951 0.001055 0.602598
v -0.163683 0.001055 0.621327
v -0.164326 0.001055 0.626996
v -0.162715 0.001055 0.630106
v -0.161144 0.001055 0.633227
v -0.159612 0.001055 0.636359
v -0.158119 0.001055 0.639498
v -0.156664 0.001055 0.642641
v -0.155246 0.001055 0.645784
v -0.153788 0.001055 0.648908
v -0.152264 0.001055 0.652008
v -0.150753 0.001055 0.655106
v -0.149331 0.001055 0.658223
v -0.148078 0.001055 0.661381
v -0.146521 0.001055 0.664602
v -0.145078 0.001055 0.667908
v -0.145022 0.001055 0.671324
v -0.146420 0.001055 0.674837
v -0.146939 0.001055 0.678417
v -0.147562 0.001055 0.682031
v -0.148118 0.001055 0.685648
v -0.148433 0.001055 0.689235
v -0.148333 0.001055 0.692761
v -0.147854 0.001055 0.696255
v -0.147161 0.001055 0.699754
v -0.146277 0.001055 0.703241
v -0.145225 0.001055 0.706697
v -0.144027 0.001055 0.710103
v -0.142707 0.001055 0.713442
v -0.141286 0.001055 0.716695
v -0.139715 0.001055 0.719877
v -0.137956 0.001055 0.723007
v -0.136052 0.001055 0.726079
v -0.134046 0.001055 0.729084
v -0.131981 0.001055 0.732015
v -0.129901 0.001055 0.734864
v -0.127848 0.001055 0.737622
v -0.125887 0.001055 0.740408
v -0.123999 0.001055 0.743266
v -0.122107 0.001055 0.746082
v -0.120133 0.001055 0.748743
v -0.117999 0.001055 0.751134
v -0.115627 0.001055 0.753141
v -0.112938 0.001055 0.754651
v -0.109868 0.001055 0.755552
v -0.106465 0.001055 0.755911
v -0.102819 0.001055 0.755874
v -0.099021 0.001055 0.755590
v -0.095163 0.001055 0.755208
v -0.091335 0.001055 0.754875
v -0.087628 0.001055 0.754740
v -0.062318 0.001055 0.754839
v -0.058489 0.001055 0.755075
v -0.054373 0.001055 0.755524
v -0.050186 0.001055 0.756040
v -0.046143 0.001055 0.756479
v -0.042462 0.001055 0.756697
v -0.039357 0.001055 0.756549
v -0.037046 0.001055 0.755889
v -0.035589 0.001055 0.754711
v -0.034815 0.001055 0.753139
v -0.034591 0.001055 0.751231
v -0.034783 0.001055 0.749042
v -0.035257 0.001055 0.746630
v -0.035879 0.001055 0.744050
v -0.037354 0.001055 0.741361
v -0.038345 0.001055 0.738468
v -0.038428 0.001055 0.735291
v -0.040639 0.001055 0.731903
v -0.042174 0.001055 0.728379
v -0.043431 0.001055 0.724792
v -0.044874 0.001055 0.721218
v -0.045968 0.001055 0.717729
v -0.047392 0.001055 0.714302
v -0.047713 0.001055 0.710861
v -0.048802 0.001055 0.707408
v -0.049851 0.001055 0.703942
v -0.050850 0.001055 0.700463
v -0.051793 0.001055 0.696974
v -0.052669 0.001055 0.693472
v -0.054405 0.001055 0.689957
v -0.055001 0.001055 0.686425
v -0.055626 0.001055 0.682880
v -0.056561 0.001055 0.679326
v -0.056574 0.001055 0.675765
v -0.056643 0.001055 0.672200
v -0.057214 0.001055 0.668636
v -0.057735 0.001055 0.665060
v -0.058177 0.001055 0.661467
v -0.058582 0.001055 0.657866
v -0.058996 0.001055 0.654267
v -0.059462 0.001055 0.650680
v -0.060024 0.001055 0.647115
v -0.060727 0.001055 0.643580
v -0.068243 0.001055 0.619418
v -0.074235 0.001055 0.594786
v -0.078323 0.001055 0.569951
v -0.083145 0.001055 0.545001
v -0.086895 0.001055 0.520062
v -0.087621 0.001055 0.516525
v -0.088416 0.001055 0.513002
v -0.089243 0.001055 0.509487
v -0.090061 0.001055 0.505972
v -0.090832 0.001055 0.502451
v -0.091515 0.001055 0.498916
v -0.092072 0.001055 0.495363
v -0.092492 0.001055 0.491787
v -0.092806 0.001055 0.488195
v -0.093038 0.001055 0.484590
v -0.093212 0.001055 0.480978
v -0.093352 0.001055 0.477363
v -0.093482 0.001055 0.473749
v -0.093626 0.001055 0.470142
v -0.093938 0.001055 0.466449
v -0.094449 0.001055 0.462636
v -0.094996 0.001055 0.458792
v -0.095417 0.001055 0.455009
v -0.095550 0.001055 0.451376
v -0.095233 0.001055 0.447984
v -0.094304 0.001055 0.444922
v -0.092537 0.001055 0.442333
v -0.089999 0.001055 0.440184
v -0.086972 0.001055 0.438304
v -0.083736 0.001055 0.436518
v -0.080573 0.001055 0.434655
v -0.077762 0.001055 0.432543
v -0.075584 0.001055 0.430007
v -0.074049 0.001055 0.427029
v -0.072909 0.001055 0.423752
v -0.072062 0.001055 0.420258
v -0.071407 0.001055 0.416623
v -0.070841 0.001055 0.412927
v -0.070261 0.001055 0.409248
v -0.069567 0.001055 0.405665
v -0.068776 0.001055 0.402151
v -0.067986 0.001055 0.398628
v -0.067210 0.001055 0.395097
v -0.066467 0.001055 0.391556
v -0.065772 0.001055 0.388007
v -0.065140 0.001055 0.384449
v -0.064588 0.001055 0.380882
v -0.063994 0.001055 0.377235
v -0.063304 0.001055 0.373483
v -0.062633 0.001055 0.369699
v -0.062099 0.001055 0.365953
v -0.061816 0.001055 0.362320
v -0.061900 0.001055 0.358870
v -0.062467 0.001055 0.355675
v -0.063716 0.001055 0.352655
v -0.065609 0.001055 0.349717
v -0.067909 0.001055 0.346920
v -0.070381 0.001055 0.344320
v -0.072787 0.001055 0.341977
v -0.074890 0.001055 0.339946
v -0.076454 0.001055 0.338287
v -0.077638 0.001055 0.337172
v -0.078705 0.001055 0.336607
v -0.079575 0.001055 0.336401
v -0.080168 0.001055 0.336360
v -0.080405 0.001055 0.336294
v -0.080205 0.001055 0.336009
v -0.079489 0.001055 0.335313
v -0.077944 0.001055 0.334330
v -0.075539 0.001055 0.333272
v -0.072610 0.001055 0.332079
v -0.069498 0.001055 0.330693
v -0.066540 0.001055 0.329052
v -0.064076 0.001055 0.327099
v -0.062444 0.001055 0.324772
v -0.062391 0.001055 0.321941
v -0.062546 0.001055 0.318615
v -0.062486 0.001055 0.314946
v -0.063388 0.001055 0.311083
v -0.062584 0.001055 0.307179
v -0.063322 0.001055 0.303384
v -0.064046 0.001055 0.299848
v -0.067390 0.001055 0.296572
v -0.069115 0.001055 0.293420
v -0.074319 0.001055 0.287567
v -0.073755 0.001055 0.285060
v -0.073536 0.001055 0.282674
v -0.073150 0.001055 0.281071
v -0.071969 0.001055 0.277803
v -0.071916 0.001055 0.274410
v -0.071426 0.001055 0.270932
v -0.070629 0.001055 0.267392
v -0.069655 0.001055 0.263809
v -0.068634 0.001055 0.260207
v -0.067694 0.001055 0.256605
v -0.066967 0.001055 0.253026
v -0.063873 0.001055 0.227946
v -0.060537 0.001055 0.202864
v -0.058654 0.001055 0.177638
v -0.058706 0.001055 0.152327
v -0.058589 0.001055 0.127016
v -0.057580 0.001055 0.101763
v -0.058374 0.001055 0.076466
v -0.057420 0.001055 0.051155
v -0.059083 0.001055 0.025953
v -0.059496 0.001055 0.022354
v -0.060021 0.001055 0.018749
v -0.060596 0.001055 0.015143
v -0.061157 0.001055 0.011543
v -0.061641 0.001055 0.007955
v -0.061987 0.001055 0.004383
v -0.062130 0.001055 0.000834
v -0.061972 0.001055 -0.002683
v -0.063251 0.001055 -0.006171
v -0.061898 0.001055 -0.009641
v -0.060314 0.001055 -0.013103
v -0.059763 0.001055 -0.016566
v -0.059411 0.001055 -0.020042
v -0.060740 0.001055 -0.023539
v -0.060902 0.001055 -0.027057
v -0.061033 0.001055 -0.030584
v -0.061109 0.001055 -0.034120
v -0.062975 0.001055 -0.037664
v -0.063578 0.001055 -0.041215
v -0.064569 0.001055 -0.044773
v -0.065020 0.001055 -0.048336
v -0.067438 0.001055 -0.073453
v -0.071643 0.001055 -0.098465
v -0.072672 0.001055 -0.123693
v -0.072788 0.001055 -0.149003
v -0.072790 0.001055 -0.174314
v -0.072626 0.001055 -0.177925
v -0.073165 0.001055 -0.181534
v -0.073247 0.001055 -0.185143
v -0.073146 0.001055 -0.188749
v -0.072371 0.001055 -0.192351
v -0.071368 0.001055 -0.195949
v -0.071357 0.001055 -0.199541
v -0.074902 0.001055 -0.224556
v -0.074104 0.001055 -0.249783
v -0.074156 0.001055 -0.253386
v -0.074249 0.001055 -0.256994
v -0.074349 0.001055 -0.260602
v -0.074421 0.001055 -0.264207
v -0.074432 0.001055 -0.267804
v -0.074346 0.001055 -0.271390
v -0.074130 0.001055 -0.274961
v -0.073701 0.001055 -0.278511
v -0.073717 0.001055 -0.282039
v -0.073825 0.001055 -0.285554
v -0.073333 0.001055 -0.289065
v -0.071517 0.001055 -0.292581
v -0.071004 0.001055 -0.296108
v -0.070009 0.001055 -0.299657
v -0.070025 0.001055 -0.303227
v -0.070254 0.001055 -0.306813
v -0.070640 0.001055 -0.310410
v -0.071124 0.001055 -0.314013
v -0.071647 0.001055 -0.317619
v -0.072152 0.001055 -0.321224
v -0.072580 0.001055 -0.324824
v -0.075193 0.001055 -0.349992
v -0.076540 0.001055 -0.375199
v -0.076678 0.001055 -0.378813
v -0.076732 0.001055 -0.382445
v -0.076767 0.001055 -0.386081
v -0.076847 0.001055 -0.389708
v -0.077036 0.001055 -0.393312
v -0.077399 0.001055 -0.396880
v -0.078000 0.001055 -0.400399
v -0.078901 0.001055 -0.403859
v -0.080067 0.001055 -0.407271
v -0.081412 0.001055 -0.410647
v -0.082854 0.001055 -0.414000
v -0.084308 0.001055 -0.417343
v -0.085690 0.001055 -0.420689
v -0.086916 0.001055 -0.424052
v -0.088033 0.001055 -0.427413
v -0.090342 0.001055 -0.430757
v -0.092843 0.001055 -0.434095
v -0.093215 0.001055 -0.437440
v -0.093105 0.001055 -0.440805
v -0.093605 0.001055 -0.444204
v -0.093687 0.001055 -0.447647
v -0.094173 0.001055 -0.451177
v -0.094394 0.001055 -0.454795
v -0.094485 0.001055 -0.458456
v -0.094575 0.001055 -0.462116
v -0.094798 0.001055 -0.465730
v -0.095285 0.001055 -0.469253
v -0.096169 0.001055 -0.472641
v -0.097461 0.001055 -0.475969
v -0.101348 0.001055 -0.479302
v -0.103056 0.001055 -0.482580
v -0.104153 0.001055 -0.485741
v -0.105687 0.001055 -0.488724
v -0.108075 0.001055 -0.491469
v -0.109437 0.001055 -0.493914
v -0.111665 0.001055 -0.496158
v -0.113962 0.001055 -0.498288
v -0.116341 0.001055 -0.500225
v -0.118814 0.001055 -0.501892
v -0.121392 0.001055 -0.503210
v -0.124087 0.001055 -0.504102
v -0.126910 0.001055 -0.504488
v -0.129888 0.001055 -0.504171
v -0.132917 0.001055 -0.501238
v -0.135126 0.001055 -0.500136
v -0.138999 0.001055 -0.498651
v -0.143029 0.001055 -0.498152
v -0.146471 0.001055 -0.496577
v -0.149916 0.001055 -0.495421
v -0.153390 0.001055 -0.494646
v -0.156929 0.001055 -0.494040
v -0.160516 0.001055 -0.493567
v -0.164134 0.001055 -0.493190
v -0.167768 0.001055 -0.492875
v -0.171399 0.001055 -0.492584
v -0.175012 0.001055 -0.492282
v -0.200288 0.001055 -0.490944
v -0.225579 0.001055 -0.489987
v -0.229184 0.001055 -0.489713
v -0.232788 0.001055 -0.489408
v -0.236390 0.001055 -0.489069
v -0.239989 0.001055 -0.488693
v -0.243582 0.001055 -0.488278
v -0.247169 0.001055 -0.487821
v -0.250747 0.001055 -0.487321
v -0.275608 0.001055 -0.482654
v -0.300496 0.001055 -0.479831
v -0.325188 0.001055 -0.474938
v -0.349726 0.001055 -0.468899
v -0.374516 0.001055 -0.463806
v -0.399474 0.001055 -0.459764
v -0.424409 0.001055 -0.455522
v -0.449621 0.001055 -0.453330
v -0.474364 0.001055 -0.448785
v -0.477925 0.001055 -0.448172
v -0.481498 0.001055 -0.447537
v -0.485077 0.001055 -0.446909
v -0.488661 0.001055 -0.446317
v -0.492244 0.001055 -0.445791
v -0.495823 0.001055 -0.445360
v -0.499396 0.001055 -0.445054
v -0.502966 0.001055 -0.444853
v -0.509513 0.001055 -0.444649
v -0.515348 0.001055 -0.444539
v -0.516269 0.001055 -0.444650
v -0.517232 0.001055 -0.444874
v -0.520780 0.001055 -0.445131
v -0.524314 0.001055 -0.445506
v -0.527835 0.001055 -0.446072
v -0.531346 0.001055 -0.446844
v -0.535928 0.001055 -0.447747
v -0.538341 0.001055 -0.448707
v -0.541824 0.001055 -0.449649
v -0.545298 0.001055 -0.450499
v -0.548763 0.001055 -0.451182
v -0.552296 0.001055 -0.451876
v -0.555923 0.001055 -0.452706
v -0.559567 0.001055 -0.453520
v -0.563150 0.001055 -0.454164
v -0.566595 0.001055 -0.454486
v -0.569825 0.001055 -0.454331
v -0.572763 0.001055 -0.453548
v -0.575476 0.001055 -0.452128
v -0.578057 0.001055 -0.450205
v -0.580463 0.001055 -0.447838
v -0.582651 0.001055 -0.445085
v -0.584579 0.001055 -0.442004
v -0.586202 0.001055 -0.438655
v -0.587480 0.001055 -0.435095
v -0.588316 0.001055 -0.431116
v -0.588717 0.001055 -0.426595
v -0.588791 0.001055 -0.421723
v -0.588650 0.001055 -0.416689
v -0.588403 0.001055 -0.411683
v -0.588159 0.001055 -0.406893
vn -0.9800 -0.0000 0.1990
vn -0.9903 -0.0000 0.1386
vn -0.9675 -0.0000 0.2528
vn -0.9588 -0.0000 0.2842
vn -0.9569 -0.0000 0.2906
vn -0.9627 -0.0000 0.2706
vn -0.9745 -0.0000 0.2245
vn -0.9861 -0.0000 0.1661
vn -0.9745 -0.0000 0.2246
vn -0.9929 -0.0000 0.1193
vn -0.9961 -0.0000 0.0881
vn -0.9978 -0.0000 0.0658
vn -0.9986 -0.0000 0.0524
vn -0.9989 -0.0000 0.0476
vn -0.9987 -0.0000 0.0516
vn -0.9986 -0.0000 0.0535
vn -0.9976 -0.0000 0.0692
vn -0.9970 -0.0000 0.0780
vn -0.9971 -0.0000 0.0757
vn -0.9965 -0.0000 0.0837
vn -0.9905 -0.0000 0.1372
vn -0.9871 -0.0000 0.1603
vn -0.9901 -0.0000 0.1401
vn -0.9870 -0.0000 0.1606
vn -0.9845 -0.0000 0.1755
vn -0.9850 -0.0000 0.1724
vn -0.9885 -0.0000 0.1511
vn -0.9939 -0.0000 0.1106
vn -0.9988 -0.0000 0.0491
vn -0.9986 -0.0000 -0.0538
vn -0.9826 -0.0000 -0.1855
vn -0.9593 -0.0000 -0.2825
vn -0.9480 -0.0000 -0.3184
vn -0.9631 -0.0000 -0.2690
vn -0.9996 -0.0000 0.0279
vn -0.9975 -0.0000 0.0702
vn -0.9782 -0.0000 0.2077
vn -0.3624 -0.0000 0.9320
vn -0.3176 -0.0000 0.9482
vn -0.8387 -0.0000 0.5446
vn -0.8742 -0.0000 0.4857
vn -0.8125 -0.0000 0.5829
vn -0.9044 -0.0000 0.4267
vn -0.9910 -0.0000 0.1338
vn -0.9987 -0.0000 0.0500
vn -0.9972 -0.0000 -0.0746
vn -0.9868 -0.0000 -0.1619
vn -0.9756 -0.0000 -0.2195
vn -0.9674 -0.0000 -0.2531
vn -0.9642 -0.0000 -0.2652
vn -0.9577 -0.0000 -0.2878
vn -0.9373 -0.0000 -0.3484
vn -0.9130 -0.0000 -0.4080
vn -0.9011 -0.0000 -0.4335
vn -0.9047 -0.0000 -0.4260
vn -0.9230 -0.0000 -0.3849
vn -0.9510 -0.0000 -0.3092
vn -0.9766 -0.0000 -0.2150
vn -0.9907 -0.0000 -0.1358
vn -0.9968 -0.0000 -0.0801
vn -0.9993 -0.0000 -0.0383
vn -1.0000 -0.0000 -0.0090
vn -1.0000 -0.0000 0.0089
vn -0.9999 -0.0000 0.0156
vn -0.9999 -0.0000 0.0161
vn -0.9998 -0.0000 0.0200
vn -0.9995 -0.0000 0.0307
vn -0.9989 -0.0000 0.0470
vn -0.9975 -0.0000 0.0709
vn -0.9943 -0.0000 0.1068
vn -0.9864 -0.0000 0.1642
vn -0.9555 -0.0000 0.2950
vn -0.8501 -0.0000 0.5266
vn -0.6671 -0.0000 0.7450
vn -0.5120 -0.0000 0.8590
vn -0.4769 -0.0000 0.8790
vn -0.6146 -0.0000 0.7889
vn -0.8696 -0.0000 0.4937
vn -0.9995 -0.0000 0.0306
vn -0.8697 -0.0000 0.4937
vn -0.9385 -0.0000 -0.3454
vn -0.8483 -0.0000 -0.5294
vn -0.8166 -0.0000 -0.5772
vn -0.8401 -0.0000 -0.5424
vn -0.9033 -0.0000 -0.4289
vn -0.9752 -0.0000 -0.2214
vn -0.9983 -0.0000 0.0580
vn -0.9563 -0.0000 0.2922
vn -0.9105 -0.0000 0.4135
vn -0.7386 -0.0000 0.6742
vn -0.8268 -0.0000 0.5626
vn -0.9668 -0.0000 0.2556
vn -0.8267 -0.0000 0.5626
vn -0.9693 -0.0000 0.2457
vn -0.9984 -0.0000 0.0568
vn -0.9930 -0.0000 -0.1182
vn -0.9725 -0.0000 -0.2327
vn -0.9545 -0.0000 -0.2982
vn -0.9726 -0.0000 -0.2327
vn -0.9464 -0.0000 -0.3229
vn -0.9504 -0.0000 -0.3111
vn -0.9651 -0.0000 -0.2618
vn -0.9810 -0.0000 -0.1941
vn -0.9891 -0.0000 -0.1470
vn -0.9925 -0.0000 -0.1221
vn -0.9946 -0.0000 -0.1035
vn -0.9958 -0.0000 -0.0914
vn -0.9963 -0.0000 -0.0858
vn -0.9962 -0.0000 -0.0865
vn -0.9966 -0.0000 -0.0826
vn -0.9983 -0.0000 -0.0590
vn -0.9999 -0.0000 -0.0160
vn -0.9999 -0.0000 -0.0163
vn -0.9993 -0.0000 -0.0387
vn -0.9977 -0.0000 -0.0672
vn -0.9949 -0.0000 -0.1012
vn -0.9922 -0.0000 -0.1250
vn -0.9889 -0.0000 -0.1483
vn -0.9911 -0.0000 -0.1333
vn -0.9970 -0.0000 -0.0774
vn -0.9995 -0.0000 0.0309
vn -0.9777 -0.0000 0.2100
vn -0.8939 -0.0000 0.4483
vn -0.7501 -0.0000 0.6613
vn -0.6068 -0.0000 0.7948
vn -0.4972 -0.0000 0.8676
vn -0.4268 -0.0000 0.9043
vn -0.3925 -0.0000 0.9197
vn -0.3919 -0.0000 0.9200
vn -0.3975 -0.0000 0.9176
vn -0.3746 -0.0000 0.9272
vn -0.3382 -0.0000 0.9411
vn -0.3118 -0.0000 0.9502
vn -0.2946 -0.0000 0.9556
vn -0.2864 -0.0000 0.9581
vn -0.2871 -0.0000 0.9579
vn -0.2956 -0.0000 0.9553
vn -0.3045 -0.0000 0.9525
vn -0.3058 -0.0000 0.9521
vn -0.2975 -0.0000 0.9547
vn -0.2794 -0.0000 0.9602
vn -0.2510 -0.0000 0.9680
vn -0.2115 -0.0000 0.9774
vn -0.1571 -0.0000 0.9876
vn -0.0944 -0.0000 0.9955
vn -0.0429 -0.0000 0.9991
vn -0.0122 -0.0000 0.9999
vn -0.0030 -0.0000 1.0000
vn -0.0153 -0.0000 0.9999
vn -0.0487 -0.0000 0.9988
vn -0.1103 -0.0000 0.9939
vn -0.1144 -0.0000 0.9934
vn -0.0813 -0.0000 0.9967
vn -0.0758 -0.0000 0.9971
vn -0.0488 -0.0000 0.9988
vn 0.0006 -0.0000 1.0000
vn 0.2167 -0.0000 0.9762
vn 0.3970 -0.0000 0.9178
vn 0.5755 -0.0000 0.8178
vn 0.6915 -0.0000 0.7224
vn 0.6785 -0.0000 0.7346
vn 0.4721 -0.0000 0.8816
vn 0.3201 -0.0000 0.9474
vn 0.3011 -0.0000 0.9536
vn 0.4139 -0.0000 0.9103
vn 0.5527 -0.0000 0.8333
vn 0.4784 -0.0000 0.8782
vn 0.5528 -0.0000 0.8333
vn 0.4830 -0.0000 0.8756
vn 0.5181 -0.0000 0.8553
vn 0.7166 -0.0000 0.6975
vn 0.4888 -0.0000 0.8724
vn 0.1358 -0.0000 0.9907
vn 0.1409 -0.0000 0.9900
vn -0.0632 -0.0000 0.9980
vn -0.2186 -0.0000 0.9758
vn -0.2275 -0.0000 0.9738
vn -0.2491 -0.0000 0.9685
vn -0.3447 -0.0000 0.9387
vn -0.3883 -0.0000 0.9215
vn -0.3138 -0.0000 0.9495
vn -0.2340 -0.0000 0.9722
vn -0.2505 -0.0000 0.9681
vn -0.2280 -0.0000 0.9737
vn -0.1617 -0.0000 0.9868
vn -0.0322 -0.0000 0.9995
vn 0.2740 -0.0000 0.9617
vn 0.6081 -0.0000 0.7939
vn 0.8345 -0.0000 0.5510
vn 0.9786 -0.0000 0.2057
vn 0.9894 -0.0000 -0.1450
vn 0.9991 -0.0000 0.0423
vn 0.8809 -0.0000 0.4733
vn 0.9023 -0.0000 0.4311
vn 0.9824 -0.0000 0.1868
vn 0.9417 -0.0000 0.3365
vn 0.9300 -0.0000 0.3675
vn 0.9834 -0.0000 0.1814
vn 0.9300 -0.0000 0.3676
vn 0.8944 -0.0000 0.4473
vn 0.8566 -0.0000 0.5160
vn 0.7081 -0.0000 0.7061
vn 0.2399 -0.0000 0.9708
vn -0.1507 -0.0000 0.9886
vn -0.1591 -0.0000 0.9873
vn -0.5833 -0.0000 0.8123
vn -0.9901 -0.0000 0.1406
vn -0.9693 -0.0000 -0.2458
vn -0.9974 -0.0000 0.0714
vn -0.8117 -0.0000 0.5840
vn -0.8777 -0.0000 0.4792
vn -0.9169 -0.0000 0.3991
vn -0.9286 -0.0000 0.3711
vn -0.8799 -0.0000 0.4752
vn -0.8290 -0.0000 0.5592
vn -0.8298 -0.0000 0.5581
vn -0.7959 -0.0000 0.6055
vn -0.6199 -0.0000 0.7847
vn -0.3901 -0.0000 0.9208
vn -0.3211 -0.0000 0.9470
vn -0.3216 -0.0000 0.9469
vn -0.3916 -0.0000 0.9202
vn -0.5309 -0.0000 0.8474
vn -0.6978 -0.0000 0.7163
vn -0.8189 -0.0000 0.5739
vn -0.8834 -0.0000 0.4686
vn -0.9155 -0.0000 0.4024
vn -0.9272 -0.0000 0.3745
vn -0.9237 -0.0000 0.3831
vn -0.9039 -0.0000 0.4277
vn -0.8632 -0.0000 0.5048
vn -0.8143 -0.0000 0.5804
vn -0.7831 -0.0000 0.6220
vn -0.7784 -0.0000 0.6278
vn -0.8008 -0.0000 0.5989
vn -0.8495 -0.0000 0.5276
vn -0.9178 -0.0000 0.3971
vn -0.9415 -0.0000 0.3371
vn -0.9673 -0.0000 0.2536
vn -0.9644 -0.0000 0.2644
vn -0.9891 -0.0000 0.1475
vn -0.9486 -0.0000 -0.3163
vn -0.9891 -0.0000 0.1476
vn -0.7233 -0.0000 -0.6906
vn -0.7272 -0.0000 -0.6864
vn -0.7233 -0.0000 -0.6905
vn -0.9542 -0.0000 -0.2991
vn -0.9567 -0.0000 -0.2910
vn -0.9367 -0.0000 -0.3502
vn -0.9819 -0.0000 -0.1891
vn -0.9860 -0.0000 -0.1665
vn -0.9926 -0.0000 -0.1212
vn -0.9987 -0.0000 -0.0518
vn -0.9991 -0.0000 0.0426
vn -0.9766 -0.0000 0.2152
vn -0.9608 -0.0000 0.2771
vn -0.9500 -0.0000 0.3121
vn -0.9067 -0.0000 0.4219
vn -0.8911 -0.0000 0.4539
vn -0.8863 -0.0000 0.4632
vn -0.8344 -0.0000 0.5511
vn -0.7948 -0.0000 0.6069
vn -0.9690 -0.0000 0.2471
vn -0.9902 -0.0000 0.1397
vn -0.9239 -0.0000 0.3826
vn -0.9307 -0.0000 0.3658
vn -0.9419 -0.0000 0.3360
vn -0.9568 -0.0000 0.2908
vn -0.9742 -0.0000 0.2258
vn -0.9908 -0.0000 0.1356
vn -0.9994 -0.0000 0.0333
vn -0.9985 -0.0000 -0.0550
vn -0.9930 -0.0000 -0.1184
vn -0.9878 -0.0000 -0.1557
vn -0.9861 -0.0000 -0.1663
vn -0.9888 -0.0000 -0.1496
vn -0.9441 -0.0000 0.3296
vn -0.6513 -0.0000 0.7588
vn -0.8450 -0.0000 0.5348
vn -0.9997 -0.0000 -0.0262
vn -0.8784 -0.0000 -0.4780
vn -0.7510 -0.0000 -0.6603
vn -0.7770 -0.0000 -0.6295
vn -0.8275 -0.0000 -0.5615
vn -0.8917 -0.0000 -0.4526
vn -0.9542 -0.0000 -0.2992
vn -0.9764 -0.0000 -0.2160
vn -0.9715 -0.0000 -0.2371
vn -0.9641 -0.0000 -0.2654
vn -0.9532 -0.0000 -0.3024
vn -0.9865 -0.0000 -0.1641
vn -0.9986 -0.0000 -0.0523
vn -0.9864 -0.0000 -0.1641
vn -0.9947 -0.0000 -0.1030
vn -0.9899 -0.0000 -0.1419
vn -0.9693 -0.0000 -0.2459
vn -0.9047 -0.0000 -0.4261
vn -0.7579 -0.0000 -0.6524
vn -0.5734 -0.0000 -0.8193
vn -0.7579 -0.0000 -0.6523
vn -0.4644 -0.0000 -0.8856
vn -0.4125 -0.0000 -0.9110
vn -0.4277 -0.0000 -0.9039
vn -0.6596 -0.0000 -0.7516
vn -0.6730 -0.0000 -0.7396
vn -0.7015 -0.0000 -0.7127
vn -0.7496 -0.0000 -0.6619
vn -0.7516 -0.0000 -0.6596
vn -0.7268 -0.0000 -0.6869
vn -0.5950 -0.0000 -0.8037
vn -0.6065 -0.0000 -0.7951
vn -0.5950 -0.0000 -0.8038
vn -0.6199 -0.0000 -0.7847
vn -0.3926 -0.0000 -0.9197
vn -0.4827 -0.0000 -0.8758
vn -0.7369 -0.0000 -0.6760
vn -0.6974 -0.0000 -0.7167
vn -0.8197 -0.0000 -0.5728
vn -0.8549 -0.0000 -0.5189
vn -0.7976 -0.0000 -0.6032
vn -0.8158 -0.0000 -0.5784
vn -0.7881 -0.0000 -0.6155
vn -0.5633 -0.0000 -0.8263
vn -0.3768 -0.0000 -0.9263
vn -0.6217 -0.0000 -0.7832
vn -0.8035 -0.0000 -0.5953
vn -0.7849 -0.0000 -0.6196
vn -0.7438 -0.0000 -0.6684
vn -0.8412 -0.0000 -0.5408
vn -0.8858 -0.0000 -0.4640
vn -0.7262 -0.0000 -0.6874
vn -0.7176 -0.0000 -0.6965
vn -0.5175 -0.0000 -0.8557
vn -0.7175 -0.0000 -0.6965
vn -0.2592 -0.0000 -0.9658
vn -0.4384 -0.0000 -0.8988
vn -0.4069 -0.0000 -0.9135
vn -0.1849 -0.0000 -0.9828
vn -0.1920 -0.0000 -0.9814
vn 0.0501 -0.0000 -0.9987
vn -0.4582 -0.0000 -0.8889
vn -0.6728 -0.0000 -0.7398
vn -0.4581 -0.0000 -0.8889
vn -0.3216 -0.0000 -0.9469
vn -0.6456 -0.0000 -0.7636
vn -0.5237 -0.0000 -0.8519
vn -0.1189 -0.0000 -0.9929
vn 0.3982 -0.0000 -0.9173
vn 0.9187 -0.0000 -0.3949
vn 0.9844 -0.0000 0.1762
vn 0.9565 -0.0000 0.2918
vn 0.9477 -0.0000 -0.3190
vn 0.7050 -0.0000 -0.7092
vn 0.9478 -0.0000 -0.3190
vn 0.6109 -0.0000 -0.7917
vn 0.5554 -0.0000 -0.8316
vn 0.5567 -0.0000 -0.8307
vn 0.4311 -0.0000 -0.9023
vn 0.7613 -0.0000 -0.6484
vn 0.9898 -0.0000 -0.1426
vn 0.9153 -0.0000 -0.4027
vn 0.5083 -0.0000 -0.8612
vn 0.2790 -0.0000 -0.9603
vn 0.5156 -0.0000 -0.8568
vn 0.7234 -0.0000 -0.6904
vn 0.7137 -0.0000 -0.7004
vn 0.7932 -0.0000 -0.6090
vn 0.8844 -0.0000 -0.4666
vn 0.7931 -0.0000 -0.6090
vn 0.7392 -0.0000 -0.6735
vn 0.4792 -0.0000 -0.8777
vn -0.0370 -0.0000 -0.9993
vn -0.4972 -0.0000 -0.8676
vn -0.5589 -0.0000 -0.8293
vn -0.7089 -0.0000 -0.7053
vn -0.7635 -0.0000 -0.6458
vn -0.7818 -0.0000 -0.6235
vn -0.8477 -0.0000 -0.5305
vn -0.8956 -0.0000 -0.4449
vn -0.9227 -0.0000 -0.3856
vn -0.9374 -0.0000 -0.3482
vn -0.9440 -0.0000 -0.3298
vn -0.9442 -0.0000 -0.3293
vn -0.9354 -0.0000 -0.3537
vn -0.9211 -0.0000 -0.3893
vn -0.9152 -0.0000 -0.4031
vn -0.9238 -0.0000 -0.3829
vn -0.9457 -0.0000 -0.3250
vn -0.9766 -0.0000 -0.2151
vn -0.9996 -0.0000 -0.0289
vn -0.9710 -0.0000 0.2389
vn -0.8659 -0.0000 0.5002
vn -0.7419 -0.0000 0.6705
vn -0.6489 -0.0000 0.7609
vn -0.5971 -0.0000 0.8022
vn -0.5847 -0.0000 0.8112
vn -0.6103 -0.0000 0.7922
vn -0.6571 -0.0000 0.7538
vn -0.6892 -0.0000 0.7245
vn -0.6965 -0.0000 0.7175
vn -0.6877 -0.0000 0.7260
vn -0.6623 -0.0000 0.7492
vn -0.6877 -0.0000 0.7259
vn -0.6174 -0.0000 0.7867
vn -0.5481 -0.0000 0.8364
vn -0.4643 -0.0000 0.8857
vn -0.3908 -0.0000 0.9205
vn -0.3280 -0.0000 0.9447
vn -0.2642 -0.0000 0.9645
vn -0.1984 -0.0000 0.9801
vn -0.1293 -0.0000 0.9916
vn -0.0560 -0.0000 0.9984
vn 0.0336 -0.0000 0.9994
vn 0.0762 -0.0000 0.9971
vn 0.1172 -0.0000 0.9931
vn 0.1835 -0.0000 0.9830
vn 0.2296 -0.0000 0.9733
vn 0.3098 -0.0000 0.9508
vn 0.2752 -0.0000 0.9614
vn 0.4327 -0.0000 0.9016
vn 0.4096 -0.0000 0.9123
vn 0.6092 -0.0000 0.7930
vn 0.6873 -0.0000 0.7264
vn 0.3499 -0.0000 0.9368
vn 0.3556 -0.0000 0.9346
vn 0.3208 -0.0000 0.9472
vn 0.2360 -0.0000 0.9717
vn 0.0817 -0.0000 0.9967
vn -0.1252 -0.0000 0.9921
vn -0.3063 -0.0000 0.9519
vn -0.4371 -0.0000 0.8994
vn -0.4306 -0.0000 0.9026
vn -0.3168 -0.0000 0.9485
vn -0.7818 -0.0000 0.6235
vn -0.9295 -0.0000 0.3689
vn -0.9969 -0.0000 0.0786
vn -0.9768 -0.0000 -0.2143
vn -0.9778 -0.0000 -0.2094
vn -0.9762 -0.0000 -0.2169
vn -0.9891 -0.0000 -0.1473
vn -0.9999 -0.0000 0.0168
vn -0.9891 -0.0000 -0.1474
vn -0.9742 -0.0000 0.2259
vn -0.9298 -0.0000 0.3681
vn -0.8921 -0.0000 0.4518
vn -0.8478 -0.0000 0.5303
vn -0.8921 -0.0000 0.4517
vn -0.7935 -0.0000 0.6085
vn -0.7243 -0.0000 0.6895
vn -0.6326 -0.0000 0.7745
vn -0.5052 -0.0000 0.8630
vn -0.6326 -0.0000 0.7744
vn -0.3572 -0.0000 0.9340
vn -0.2319 -0.0000 0.9727
vn -0.1435 -0.0000 0.9896
vn -0.0863 -0.0000 0.9963
vn -0.0552 -0.0000 0.9985
vn -0.0481 -0.0000 0.9988
vn -0.0546 -0.0000 0.9985
vn -0.0520 -0.0000 0.9986
vn -0.0331 -0.0000 0.9995
vn -0.0026 -0.0000 1.0000
vn 0.0397 -0.0000 0.9992
vn 0.0945 -0.0000 0.9955
vn 0.1622 -0.0000 0.9868
vn 0.2479 -0.0000 0.9688
vn 0.3415 -0.0000 0.9399
vn 0.4160 -0.0000 0.9094
vn 0.4619 -0.0000 0.8869
vn 0.4824 -0.0000 0.8760
vn 0.4792 -0.0000 0.8777
vn 0.4521 -0.0000 0.8920
vn 0.4046 -0.0000 0.9145
vn 0.3783 -0.0000 0.9257
vn 0.3753 -0.0000 0.9269
vn 0.3705 -0.0000 0.9288
vn 0.3754 -0.0000 0.9269
vn 0.3900 -0.0000 0.9208
vn 0.4147 -0.0000 0.9100
vn 0.4496 -0.0000 0.8932
vn 0.4704 -0.0000 0.8824
vn 0.4620 -0.0000 0.8869
vn 0.4598 -0.0000 0.8880
vn 0.4907 -0.0000 0.8713
vn 0.5582 -0.0000 0.8297
vn 0.6744 -0.0000 0.7383
vn 0.8401 -0.0000 0.5424
vn 0.9931 -0.0000 0.1170
vn 0.9845 -0.0000 -0.1751
vn 0.9903 -0.0000 -0.1388
vn 0.9390 -0.0000 -0.3440
vn 0.8415 -0.0000 -0.5403
vn 0.8680 -0.0000 -0.4966
vn 0.8337 -0.0000 -0.5523
vn 0.7067 -0.0000 -0.7075
vn 0.7708 -0.0000 -0.6371
vn 0.8726 -0.0000 -0.4884
vn 0.7811 -0.0000 -0.6244
vn 0.7299 -0.0000 -0.6835
vn 0.9378 -0.0000 -0.3471
vn 0.9993 -0.0000 -0.0371
vn 0.9378 -0.0000 -0.3472
vn 1.0000 -0.0000 0.0075
vn 0.9999 -0.0000 0.0153
vn 0.9999 -0.0000 -0.0166
vn 0.9999 -0.0000 0.0125
vn 0.9699 -0.0000 0.2433
vn 0.9321 -0.0000 0.3621
vn 0.9877 -0.0000 0.1563
vn 0.9998 -0.0000 0.0213
vn 0.9963 -0.0000 -0.0862
vn 0.9998 -0.0000 -0.0215
vn 0.6480 -0.0000 0.7617
vn 0.3966 -0.0000 0.9180
vn 0.6480 -0.0000 0.7616
vn 0.7354 -0.0000 0.6777
vn 0.3965 -0.0000 0.9180
vn 0.7026 -0.0000 0.7116
vn 0.6397 -0.0000 0.7686
vn 0.5294 -0.0000 0.8484
vn 0.4432 -0.0000 0.8964
vn 0.5294 -0.0000 0.8483
vn 0.4207 -0.0000 0.9072
vn 0.4556 -0.0000 0.8902
vn 0.5605 -0.0000 0.8282
vn 0.8413 -0.0000 0.5406
vn 0.9725 -0.0000 -0.2330
vn 0.7028 -0.0000 -0.7114
vn 0.7352 -0.0000 -0.6779
vn 0.9484 -0.0000 -0.3169
vn 0.9218 -0.0000 -0.3877
vn 0.7452 -0.0000 -0.6669
vn 0.9506 -0.0000 -0.3105
vn 0.9683 -0.0000 0.2498
vn 0.8363 -0.0000 0.5482
vn 0.7069 -0.0000 0.7073
vn 0.6891 -0.0000 0.7247
vn 0.7092 -0.0000 0.7050
vn 0.6890 -0.0000 0.7247
vn 0.5408 -0.0000 0.8412
vn 0.5422 -0.0000 0.8402
vn 0.7549 -0.0000 0.6559
vn 0.7712 -0.0000 0.6366
vn 0.6998 -0.0000 0.7144
vn 0.6573 -0.0000 0.7537
vn 0.6408 -0.0000 0.7677
vn 0.6526 -0.0000 0.7577
vn 0.6928 -0.0000 0.7211
vn 0.7581 -0.0000 0.6521
vn 0.8319 -0.0000 0.5549
vn 0.8896 -0.0000 0.4567
vn 0.9258 -0.0000 0.3781
vn 0.9466 -0.0000 0.3223
vn 0.9564 -0.0000 0.2919
vn 0.9580 -0.0000 0.2869
vn 0.9912 -0.0000 0.1322
vn 0.9852 -0.0000 0.1716
vn 0.9491 -0.0000 0.3151
vn 0.9958 -0.0000 0.0912
vn 0.9491 -0.0000 0.3150
vn 0.9981 -0.0000 -0.0623
vn 0.9638 -0.0000 0.2665
vn 0.8161 -0.0000 0.5779
vn 0.9233 -0.0000 0.3841
vn 0.9590 -0.0000 0.2835
vn 0.9413 -0.0000 0.3376
vn 0.8889 -0.0000 0.4582
vn 0.8386 -0.0000 0.5448
vn 0.9491 -0.0000 0.3149
vn 0.8967 -0.0000 0.4426
vn 0.8288 -0.0000 0.5596
vn 0.9054 -0.0000 0.4246
vn 0.9773 -0.0000 0.2117
vn 0.9864 -0.0000 0.1641
vn 0.9681 -0.0000 0.2506
vn 0.9987 -0.0000 0.0500
vn 0.9945 -0.0000 0.1048
vn 0.9529 -0.0000 0.3031
vn 0.9896 -0.0000 0.1440
vn 0.9963 -0.0000 0.0854
vn 0.9933 -0.0000 0.1158
vn 0.9908 -0.0000 0.1350
vn 0.9963 -0.0000 0.0864
vn 0.9967 -0.0000 -0.0811
vn 0.9945 -0.0000 -0.1050
vn 0.9625 -0.0000 -0.2714
vn 0.8279 -0.0000 -0.5609
vn 0.9322 -0.0000 -0.3618
vn 0.9999 -0.0000 0.0122
vn 1.0000 -0.0000 0.0049
vn 0.8410 -0.0000 -0.5411
vn 0.9542 -0.0000 -0.2993
vn 0.9483 -0.0000 0.3175
vn 0.9940 -0.0000 -0.1097
vn 0.8966 -0.0000 -0.4428
vn 0.9340 -0.0000 -0.3572
vn 0.9932 -0.0000 0.1163
vn 0.9275 -0.0000 0.3738
vn 0.9580 -0.0000 0.2868
vn 0.9747 -0.0000 0.2233
vn 0.9606 -0.0000 0.2778
vn 0.9503 -0.0000 0.3112
vn 0.9607 -0.0000 0.2778
vn 0.9457 -0.0000 0.3251
vn 0.9474 -0.0000 0.3199
vn 0.9553 -0.0000 0.2958
vn 0.9642 -0.0000 0.2652
vn 0.9688 -0.0000 0.2480
vn 0.9707 -0.0000 0.2402
vn 0.9729 -0.0000 0.2314
vn 0.9751 -0.0000 0.2217
vn 0.9944 -0.0000 0.1059
vn 0.9956 -0.0000 0.0939
vn 1.0000 -0.0000 -0.0055
vn 0.9956 -0.0000 0.0938
vn 0.9982 -0.0000 0.0607
vn 0.9224 -0.0000 0.3863
vn 0.9982 -0.0000 0.0606
vn 0.9499 -0.0000 0.3126
vn 0.9880 -0.0000 0.1543
vn 0.9927 -0.0000 0.1208
vn 0.9847 -0.0000 -0.1745
vn 0.9791 -0.0000 -0.2034
vn 0.9960 -0.0000 0.0891
vn 0.9529 -0.0000 -0.3033
vn 0.9801 -0.0000 -0.1985
vn 0.9977 -0.0000 -0.0673
vn 0.9977 -0.0000 0.0683
vn 0.9993 -0.0000 -0.0365
vn 0.9966 -0.0000 -0.0828
vn 0.9993 -0.0000 -0.0381
vn 0.9988 -0.0000 -0.0482
vn 0.9946 -0.0000 0.1041
vn 0.9902 -0.0000 0.1393
vn 0.9985 -0.0000 0.0540
vn 0.9998 -0.0000 0.0223
vn 0.9990 -0.0000 -0.0447
vn 0.9989 -0.0000 -0.0476
vn 0.9750 -0.0000 -0.2221
vn 0.9933 -0.0000 -0.1154
vn 0.9732 -0.0000 0.2300
vn 0.9613 -0.0000 0.2756
vn 0.9955 -0.0000 0.0946
vn 0.9991 -0.0000 0.0428
vn 0.9948 -0.0000 0.1016
vn 0.9982 -0.0000 0.0603
vn 0.9997 -0.0000 0.0230
vn 0.9999 -0.0000 -0.0165
vn 0.9982 -0.0000 -0.0598
vn 0.9675 -0.0000 -0.2527
vn 0.9479 -0.0000 -0.3186
vn 0.9785 -0.0000 -0.2062
vn 0.9479 -0.0000 -0.3187
vn 0.9700 -0.0000 -0.2429
vn 0.9310 -0.0000 -0.3650
vn 0.9444 -0.0000 -0.3288
vn 0.9765 -0.0000 -0.2157
vn 0.9812 -0.0000 -0.1929
vn 0.9760 -0.0000 -0.2179
vn 0.9858 -0.0000 -0.1678
vn 0.9921 -0.0000 -0.1258
vn 0.9895 -0.0000 -0.1442
vn 0.9994 -0.0000 -0.0337
vn 0.9999 -0.0000 0.0108
vn 0.9965 -0.0000 -0.0833
vn 0.9985 -0.0000 0.0543
vn 0.9970 -0.0000 0.0778
vn 0.9982 -0.0000 -0.0605
vn 0.9987 -0.0000 -0.0515
vn 0.9993 -0.0000 -0.0373
vn 0.9998 -0.0000 -0.0182
vn 0.9993 -0.0000 -0.0374
vn 0.9888 -0.0000 -0.1496
vn 0.9915 -0.0000 -0.1299
vn 0.9936 -0.0000 -0.1128
vn 0.9986 -0.0000 -0.0533
vn 0.9830 -0.0000 0.1836
vn 0.9835 -0.0000 0.1811
vn 0.9905 -0.0000 0.1378
vn 0.9841 -0.0000 0.1776
vn 0.9944 -0.0000 0.1053
vn 0.9944 -0.0000 0.1054
vn 0.9609 -0.0000 0.2769
vn 0.9443 -0.0000 0.3291
vn 0.9709 -0.0000 0.2396
vn 0.9919 -0.0000 0.1270
vn 0.9968 -0.0000 0.0795
vn 0.9832 -0.0000 -0.1825
vn 0.9588 -0.0000 -0.2839
vn 0.9830 -0.0000 -0.1835
vn 0.9331 -0.0000 -0.3596
vn 0.9830 -0.0000 -0.1834
vn 0.9738 -0.0000 0.2272
vn 0.9925 -0.0000 0.1222
vn 0.9998 -0.0000 -0.0213
vn 0.9775 -0.0000 -0.2109
vn 0.9847 -0.0000 -0.1741
vn 0.9653 -0.0000 -0.2611
vn 0.8918 -0.0000 -0.4524
vn 0.9713 -0.0000 -0.2378
vn 0.9991 -0.0000 0.0421
vn 0.9995 -0.0000 -0.0308
vn 0.9929 -0.0000 -0.1191
vn 0.9992 -0.0000 -0.0397
vn 0.9986 -0.0000 0.0534
vn 1.0000 -0.0000 -0.0073
vn 0.9986 -0.0000 0.0533
vn 0.9995 -0.0000 -0.0314
vn 0.9850 -0.0000 -0.1727
vn 0.9924 -0.0000 -0.1232
vn 0.9999 -0.0000 -0.0117
vn 0.9955 -0.0000 -0.0945
vn 0.9917 -0.0000 -0.1283
vn 0.9893 -0.0000 -0.1457
vn 0.9884 -0.0000 -0.1517
vn 0.9773 -0.0000 -0.2117
vn 0.9971 -0.0000 -0.0756
vn 0.9997 -0.0000 0.0241
vn 0.9962 -0.0000 -0.0872
vn 0.9862 -0.0000 -0.1655
vn 0.9991 -0.0000 -0.0435
vn 1.0000 -0.0000 0.0024
vn 0.9601 -0.0000 -0.2797
vn 0.8855 -0.0000 -0.4647
vn 0.8595 -0.0000 -0.5111
vn 0.8474 -0.0000 -0.5309
vn 0.8509 -0.0000 -0.5253
vn 0.8699 -0.0000 -0.4933
vn 0.8415 -0.0000 -0.5402
vn 0.9088 -0.0000 -0.4173
vn 0.9664 -0.0000 -0.2571
vn 0.9908 -0.0000 -0.1354
vn 0.9863 -0.0000 -0.1649
vn 0.8963 -0.0000 -0.4435
vn 0.7712 -0.0000 -0.6366
vn 0.5418 -0.0000 -0.8405
vn 0.2839 -0.0000 -0.9589
vn 0.0984 -0.0000 -0.9952
vn -0.0109 -0.0000 -0.9999
vn -0.0649 -0.0000 -0.9979
vn -0.0764 -0.0000 -0.9971
vn -0.0476 -0.0000 -0.9989
vn -0.0111 -0.0000 -0.9999
vn 0.0049 -0.0000 -1.0000
vn 0.0153 -0.0000 -0.9999
vn 0.0228 -0.0000 -0.9997
vn 0.0211 -0.0000 -0.9998
vn 0.0100 -0.0000 -0.9999
vn -0.0105 -0.0000 -0.9999
vn -0.0405 -0.0000 -0.9992
vn -0.0786 -0.0000 -0.9969
vn -0.1170 -0.0000 -0.9931
vn -0.1473 -0.0000 -0.9891
vn -0.1679 -0.0000 -0.9858
vn -0.1787 -0.0000 -0.9839
vn -0.1799 -0.0000 -0.9837
vn -0.1715 -0.0000 -0.9852
vn -0.1594 -0.0000 -0.9872
vn -0.1279 -0.0000 -0.9918
vn -0.0972 -0.0000 -0.9953
vn -0.0919 -0.0000 -0.9958
vn -0.1072 -0.0000 -0.9942
vn -0.1215 -0.0000 -0.9926
vn -0.1234 -0.0000 -0.9924
vn -0.1356 -0.0000 -0.9908
vn -0.1581 -0.0000 -0.9874
vn -0.1909 -0.0000 -0.9816
vn -0.2341 -0.0000 -0.9722
vn -0.2891 -0.0000 -0.9573
vn -0.3478 -0.0000 -0.9376
vn -0.3945 -0.0000 -0.9189
vn -0.4238 -0.0000 -0.9058
vn -0.4365 -0.0000 -0.8997
vn -0.4332 -0.0000 -0.9013
vn -0.4137 -0.0000 -0.9104
vn -0.3963 -0.0000 -0.9181
vn -0.3998 -0.0000 -0.9166
vn -0.4064 -0.0000 -0.9137
vn -0.3979 -0.0000 -0.9174
vn -0.3739 -0.0000 -0.9275
vn -0.3336 -0.0000 -0.9427
vn -0.2756 -0.0000 -0.9613
vn -0.2063 -0.0000 -0.9785
vn -0.1418 -0.0000 -0.9899
vn -0.0886 -0.0000 -0.9961
vn -0.0438 -0.0000 -0.9990
vn -0.0071 -0.0000 -1.0000
vn 0.0219 -0.0000 -0.9998
vn 0.0436 -0.0000 -0.9990
vn 0.0727 -0.0000 -0.9974
vn 0.1196 -0.0000 -0.9928
vn 0.1633 -0.0000 -0.9866
vn 0.1877 -0.0000 -0.9822
vn 0.1931 -0.0000 -0.9812
vn 0.1797 -0.0000 -0.9837
vn 0.1471 -0.0000 -0.9891
vn 0.1054 -0.0000 -0.9944
vn 0.0728 -0.0000 -0.9973
vn 0.0515 -0.0000 -0.9987
vn 0.0354 -0.0000 -0.9994
vn 0.0245 -0.0000 -0.9997
vn 0.0188 -0.0000 -0.9998
vn 0.0183 -0.0000 -0.9998
vn 0.0122 -0.0000 -0.9999
vn 0.0114 -0.0000 -0.9999
vn 0.0330 -0.0000 -0.9995
vn 0.0459 -0.0000 -0.9989
vn 0.0468 -0.0000 -0.9989
vn 0.0592 -0.0000 -0.9982
vn 0.0835 -0.0000 -0.9965
vn 0.1204 -0.0000 -0.9927
vn 0.1712 -0.0000 -0.9852
vn 0.2674 -0.0000 -0.9636
vn 0.2700 -0.0000 -0.9629
vn 0.1667 -0.0000 -0.9860
vn 0.6987 -0.0000 -0.7154
vn 0.9887 -0.0000 -0.1501
vn 0.9738 -0.0000 -0.2274
vn 0.8003 -0.0000 -0.5996
vn 0.0143 -0.0000 -0.9999
vn -0.5481 -0.0000 -0.8364
vn -0.6179 -0.0000 -0.7863
vn -0.7052 -0.0000 -0.7090
vn -0.7559 -0.0000 -0.6546
vn -0.7851 -0.0000 -0.6193
vn -0.7993 -0.0000 -0.6010
vn -0.8074 -0.0000 -0.5900
vn -0.8225 -0.0000 -0.5688
vn -0.8453 -0.0000 -0.5344
vn -0.8708 -0.0000 -0.4917
vn -0.8981 -0.0000 -0.4397
vn -0.9260 -0.0000 -0.3775
vn -0.9526 -0.0000 -0.3043
vn -0.9798 -0.0000 -0.1998
vn -0.9978 -0.0000 -0.0664
vn -0.9992 -0.0000 0.0405
vn -0.9957 -0.0000 0.0930
vn -0.9953 -0.0000 0.0966
vn -0.9986 -0.0000 0.0523
vn -0.9991 -0.0000 -0.0430
vn -0.9841 -0.0000 -0.1779
vn -0.9529 -0.0000 -0.3033
vn -0.9225 -0.0000 -0.3859
vn -0.9035 -0.0000 -0.4286
vn -0.9003 -0.0000 -0.4353
vn -0.9135 -0.0000 -0.4068
vn -0.9402 -0.0000 -0.3406
vn -0.9666 -0.0000 -0.2563
vn -0.9814 -0.0000 -0.1921
vn -0.9890 -0.0000 -0.1482
vn -0.9940 -0.0000 -0.1096
vn -0.9970 -0.0000 -0.0777
vn -0.9986 -0.0000 -0.0532
vn -0.9993 -0.0000 -0.0365
vn -0.9997 -0.0000 -0.0239
vn -1.0000 -0.0000 -0.0098
vn -1.0000 -0.0000 0.0064
vn -0.9997 -0.0000 0.0236
vn -0.9991 -0.0000 0.0430
vn -0.9955 -0.0000 0.0943
vn -1.0000 -0.0000 0.0042
vn -0.9918 -0.0000 0.1276
vn -0.9951 -0.0000 -0.0984
vn -0.9996 -0.0000 0.0272
vn -0.9951 -0.0000 -0.0985
vn -0.9991 -0.0000 0.0434
vn -0.9996 -0.0000 0.0273
vn -0.9979 -0.0000 0.0644
vn -0.9991 -0.0000 0.0433
vn -0.9656 -0.0000 0.2601
vn -0.8233 -0.0000 0.5676
vn -0.8058 -0.0000 0.5921
vn -0.9498 -0.0000 0.3128
vn -0.9959 -0.0000 -0.0908
vn -0.9661 -0.0000 -0.2582
vn -0.9959 -0.0000 -0.0907
vn -0.9834 -0.0000 -0.1813
vn -0.9984 -0.0000 -0.0564
vn -0.9994 -0.0000 -0.0344
vn -0.9868 -0.0000 -0.1620
vn -0.9679 -0.0000 -0.2515
vn -0.9539 -0.0000 -0.3003
vn -0.9496 -0.0000 -0.3134
vn -0.9539 -0.0000 -0.3002
vn -0.9561 -0.0000 -0.2929
vn -0.9716 -0.0000 -0.2368
vn -0.9870 -0.0000 -0.1607
vn -0.9950 -0.0000 -0.1001
vn -0.9981 -0.0000 -0.0613
vn -0.9994 -0.0000 -0.0334
vn -0.9999 -0.0000 -0.0166
vn -0.9999 -0.0000 -0.0109
vn -0.9999 -0.0000 -0.0164
vn -0.9998 -0.0000 -0.0199
vn -0.9998 -0.0000 0.0184
vn -0.9927 -0.0000 0.1209
vn -0.9939 -0.0000 0.1104
vn -0.9903 -0.0000 0.1388
vn -0.9889 -0.0000 0.1487
vn -0.9792 -0.0000 0.2030
vn -0.9885 -0.0000 0.1514
vn -0.9792 -0.0000 0.2029
vn -0.9958 -0.0000 0.0916
vn -0.9857 -0.0000 0.1682
vn -0.9815 -0.0000 0.1917
vn -0.9857 -0.0000 0.1683
vn -0.9528 -0.0000 0.3036
vn -0.8805 -0.0000 0.4741
vn -0.8389 -0.0000 0.5442
vn -0.8384 -0.0000 0.5450
vn -0.8985 -0.0000 0.4389
vn -0.8385 -0.0000 0.5450
vn -0.9529 -0.0000 0.3032
vn -0.9664 -0.0000 0.2571
vn -0.9381 -0.0000 0.3462
vn -0.8367 -0.0000 0.5477
vn -0.8105 -0.0000 0.5858
vn -0.8003 -0.0000 0.5996
vn -0.8073 -0.0000 0.5901
vn -0.8314 -0.0000 0.5556
vn -0.7639 -0.0000 0.6453
vn -0.7354 -0.0000 0.6776
vn -0.7258 -0.0000 0.6879
vn -0.9386 -0.0000 0.3449
vn -0.9623 -0.0000 -0.2719
vn -0.9471 -0.0000 -0.3209
vn -0.9972 -0.0000 -0.0741
vn -0.9998 -0.0000 -0.0190
vn -0.9966 -0.0000 -0.0823
vn -0.9904 -0.0000 -0.1382
vn -0.9809 -0.0000 -0.1946
vn -0.9669 -0.0000 -0.2553
vn -0.9461 -0.0000 -0.3238
vn -0.9145 -0.0000 -0.4047
vn -0.9366 -0.0000 -0.3503
vn -0.9685 -0.0000 -0.2488
vn -0.9752 -0.0000 -0.2213
vn -0.6915 -0.0000 -0.7224
vn -0.3861 -0.0000 -0.9225
vn -0.6255 -0.0000 -0.7803
vn -0.6977 -0.0000 -0.7164
vn -0.6254 -0.0000 -0.7803
vn -0.7746 -0.0000 -0.6324
vn -0.8666 -0.0000 -0.4990
vn -0.9082 -0.0000 -0.4184
vn -0.8725 -0.0000 -0.4886
vn -0.9082 -0.0000 -0.4185
vn -0.9244 -0.0000 -0.3814
vn -0.8850 -0.0000 -0.4656
vn -0.8512 -0.0000 -0.5249
vn -0.9504 -0.0000 -0.3110
vn -0.9690 -0.0000 -0.2471
vn -0.9822 -0.0000 -0.1878
vn -0.9904 -0.0000 -0.1379
vn -0.9952 -0.0000 -0.0979
vn -0.9977 -0.0000 -0.0675
vn -0.9989 -0.0000 -0.0468
vn -0.9938 -0.0000 0.1109
vn -0.9982 -0.0000 0.0597
vn -0.9999 -0.0000 0.0113
vn -0.9999 -0.0000 0.0146
vn -0.9998 -0.0000 -0.0204
vn -0.9952 -0.0000 0.0980
vn -0.9948 -0.0000 0.1020
vn -0.9996 -0.0000 0.0265
vn -0.9975 -0.0000 0.0701
vn -0.9571 -0.0000 0.2896
vn -0.9504 -0.0000 0.3110
vn -1.0000 -0.0000 0.0061
vn -0.9830 -0.0000 -0.1838
vn -0.9999 -0.0000 -0.0161
vn -1.0000 -0.0000 0.0059
vn -1.0000 -0.0000 -0.0086
vn -0.9998 -0.0000 0.0176
vn -0.9995 -0.0000 0.0329
vn -0.9990 -0.0000 0.0442
vn -0.9997 -0.0000 0.0242
vn -0.9988 -0.0000 0.0480
vn -0.9983 -0.0000 0.0587
vn -0.9985 -0.0000 0.0553
vn -0.9103 -0.0000 0.4140
vn -0.9191 -0.0000 0.3939
vn -0.9103 -0.0000 0.4139
vn -0.9983 -0.0000 0.0588
vn -0.9981 -0.0000 0.0616
vn -0.9976 -0.0000 -0.0698
vn -0.9815 -0.0000 -0.1913
vn -0.9994 -0.0000 -0.0351
vn -0.9961 -0.0000 0.0877
vn -0.9940 -0.0000 0.1091
vn -0.9840 -0.0000 0.1780
vn -0.9518 -0.0000 0.3067
vn -0.8615 -0.0000 0.5078
vn -0.6626 -0.0000 0.7490
vn -0.3980 -0.0000 0.9174
vn -0.1922 -0.0000 0.9814
vn -0.0750 -0.0000 0.9972
vn -0.0248 -0.0000 0.9997
vn -0.0751 -0.0000 0.9972
vn -0.0274 -0.0000 0.9996
vn -0.0823 -0.0000 0.9966
vn -0.1761 -0.0000 0.9844
vn -0.1522 -0.0000 0.9883
vn -0.1242 -0.0000 0.9923
vn -0.1334 -0.0000 0.9911
vn -0.2109 -0.0000 0.9775
vn -0.2399 -0.0000 0.9708
vn -0.1554 -0.0000 0.9878
vn -0.1564 -0.0000 0.9877
vn -0.1485 -0.0000 0.9889
vn -0.1316 -0.0000 0.9913
vn -0.1050 -0.0000 0.9945
vn -0.0155 -0.0000 0.9999
vn -0.0141 -0.0000 0.9999
vn -0.0101 -0.0000 0.9999
vn -0.0470 -0.0000 0.9989
vn 0.0213 -0.0000 0.9998
vn 0.0842 -0.0000 0.9965
vn 0.0501 -0.0000 0.9987
vn -0.0012 -0.0000 1.0000
vn -0.0099 -0.0000 1.0000
vn 0.1259 -0.0000 0.9920
vn 0.1333 -0.0000 0.9911
vn 0.1197 -0.0000 0.9928
vn 0.0847 -0.0000 0.9964
vn 0.0270 -0.0000 0.9996
vn -0.0435 -0.0000 0.9991
vn -0.0340 -0.0000 0.9994
vn -0.0667 -0.0000 0.9978
vn -0.0964 -0.0000 0.9953
vn -0.3391 -0.0000 0.9408
vn -0.5173 -0.0000 0.8558
vn -0.4232 -0.0000 0.9060
vn -0.4305 -0.0000 0.9026
vn -0.2953 -0.0000 0.9554
vn -0.2573 -0.0000 0.9663
vn -0.2424 -0.0000 0.9702
vn -0.3274 -0.0000 0.9449
vn -0.4168 -0.0000 0.9090
vn -0.1715 -0.0000 0.9852
vn -0.4169 -0.0000 0.9090
vn -0.1600 -0.0000 0.9871
vn -0.1352 -0.0000 0.9908
vn -0.1136 -0.0000 0.9935
vn -0.1075 -0.0000 0.9942
vn -0.1165 -0.0000 0.9932
vn -0.1415 -0.0000 0.9899
vn -0.1841 -0.0000 0.9829
vn -0.2166 -0.0000 0.9763
vn -0.2156 -0.0000 0.9765
vn -0.2176 -0.0000 0.9760
vn -0.2557 -0.0000 0.9667
vn -0.3331 -0.0000 0.9429
vn -0.4520 -0.0000 0.8920
vn -0.6065 -0.0000 0.7951
vn -0.7753 -0.0000 0.6315
vn -0.9020 -0.0000 0.4318
vn -0.7753 -0.0000 0.6316
vn -0.9616 -0.0000 0.2746
vn -0.9595 -0.0000 0.2816
vn -0.9550 -0.0000 0.2965
vn -0.9986 -0.0000 0.0538
vn -0.9979 -0.0000 0.0642
vn -0.9533 -0.0000 0.3020
vn -0.9369 -0.0000 0.3497
vn -0.9284 -0.0000 0.3716
vn -0.9197 -0.0000 0.3926
vn -0.9108 -0.0000 0.4128
vn -0.9019 -0.0000 0.4320
vn -0.9108 -0.0000 0.4127
vn -0.8929 -0.0000 0.4502
vn -0.8753 -0.0000 0.4835
vn -0.8442 -0.0000 0.5360
vn -0.8170 -0.0000 0.5766
vn -0.8089 -0.0000 0.5879
vn -0.8206 -0.0000 0.5715
vn -0.7527 -0.0000 0.6584
vn -0.9332 -0.0000 0.3593
vn -0.9967 -0.0000 0.0816
vn -0.9332 -0.0000 0.3594
vn -0.9747 -0.0000 0.2237
vn -0.9965 -0.0000 0.0835
vn -0.9985 -0.0000 0.0542
vn -0.9839 -0.0000 0.1789
vn -0.9677 -0.0000 0.2521
vn -0.9993 -0.0000 -0.0379
vn -1.0000 -0.0000 -0.0055
vn -0.9972 -0.0000 0.0753
vn -0.9999 -0.0000 -0.0110
vn -0.9947 -0.0000 0.1030
vn -0.9899 -0.0000 0.1421
vn -0.9799 -0.0000 0.1995
vn -0.9581 -0.0000 0.2863
vn -0.9210 -0.0000 0.3897
vn -0.8847 -0.0000 0.4662
vn -0.8668 -0.0000 0.4987
vn -0.8716 -0.0000 0.4902
vn -0.8983 -0.0000 0.4394
vn -0.9399 -0.0000 0.3414
vn -0.9802 -0.0000 0.1982
vn -0.9987 -0.0000 0.0511
vn -0.9802 -0.0000 0.1983
vn -0.9987 -0.0000 -0.0516
vn -0.9948 -0.0000 -0.1020
vn -0.9945 -0.0000 -0.1047
vn -0.9982 -0.0000 -0.0608
vn -0.9533 -0.0000 0.3022
vn -0.8311 -0.0000 0.5561
vn -0.9190 -0.0000 0.3942
vn -0.9551 -0.0000 0.2962
vn -0.9053 -0.0000 0.4247
vn -0.7391 -0.0000 0.6736
vn -0.9185 -0.0000 0.3954
vn -0.9495 -0.0000 -0.3136
vn -0.9576 -0.0000 -0.2880
vn -0.9808 -0.0000 -0.1950
vn -0.9876 -0.0000 -0.1567
vn -0.9951 -0.0000 -0.0989
vn -0.9876 -0.0000 -0.1568
vn -0.9996 -0.0000 0.0300
vn -1.0000 -0.0000 0.0071
vn -1.0000 -0.0000 -0.0026
vn -0.8381 -0.0000 0.5455
vn -0.9188 -0.0000 0.3946
vn -0.8381 -0.0000 0.5454
vn -0.9999 -0.0000 0.0165
vn -0.9188 -0.0000 0.3947
vn -0.9715 -0.0000 0.2369
vn -0.9766 -0.0000 0.2149
vn -0.9104 -0.0000 0.4137
vn -0.8761 -0.0000 0.4822
vn -0.6899 -0.0000 0.7239
vn -0.7855 -0.0000 0.6188
vn -0.9769 -0.0000 0.2137
vn -0.8991 -0.0000 0.4377
vn -0.8153 -0.0000 0.5790
vn -0.8991 -0.0000 0.4376
vn -0.8384 -0.0000 0.5451
vn -0.9640 -0.0000 0.2658
vn -0.9834 -0.0000 0.1815
vn -0.8906 -0.0000 0.4548
vn -0.8958 -0.0000 0.4445
vn -0.9007 -0.0000 0.4345
vn -0.9052 -0.0000 0.4249
vn -0.9095 -0.0000 0.4156
vn -0.9089 -0.0000 0.4170
vn -0.9018 -0.0000 0.4321
vn -0.8981 -0.0000 0.4399
vn -0.9044 -0.0000 0.4268
vn -0.9200 -0.0000 0.3919
vn -0.9155 -0.0000 0.4023
vn -0.9086 -0.0000 0.4177
vn -0.9772 -0.0000 0.2124
vn -0.9836 -0.0000 -0.1801
vn -0.9661 -0.0000 -0.2584
vn -0.9660 -0.0000 -0.2584
vn -0.9870 -0.0000 -0.1610
vn -0.9928 -0.0000 -0.1197
vn -0.9996 -0.0000 -0.0296
vn -0.9966 -0.0000 0.0822
vn -0.9863 -0.0000 0.1651
vn -0.9755 -0.0000 0.2201
vn -0.9633 -0.0000 0.2686
vn -0.9502 -0.0000 0.3116
vn -0.9368 -0.0000 0.3498
vn -0.9502 -0.0000 0.3115
vn -0.9233 -0.0000 0.3840
vn -0.9068 -0.0000 0.4216
vn -0.8845 -0.0000 0.4665
vn -0.8611 -0.0000 0.5085
vn -0.8410 -0.0000 0.5411
vn -0.8247 -0.0000 0.5655
vn -0.8126 -0.0000 0.5828
vn -0.8049 -0.0000 0.5934
vn -0.8100 -0.0000 0.5865
vn -0.8261 -0.0000 0.5635
vn -0.8323 -0.0000 0.5544
vn -0.8168 -0.0000 0.5769
vn -0.7754 -0.0000 0.6315
vn -0.6977 -0.0000 0.7164
vn -0.5704 -0.0000 0.8214
vn -0.3882 -0.0000 0.9216
vn -0.1940 -0.0000 0.9810
vn -0.0474 -0.0000 0.9989
vn 0.0423 -0.0000 0.9991
vn 0.0865 -0.0000 0.9962
vn 0.0926 -0.0000 0.9957
vn 0.0615 -0.0000 0.9981
vn 0.0162 -0.0000 0.9999
vn -0.0328 -0.0000 0.9995
vn -0.0850 -0.0000 0.9964
vn -0.1153 -0.0000 0.9933
vn -0.1152 -0.0000 0.9933
vn -0.0835 -0.0000 0.9965
vn -0.0056 -0.0000 1.0000
vn 0.1621 -0.0000 0.9868
vn -0.0057 -0.0000 1.0000
vn 0.4608 -0.0000 0.8875
vn 0.7813 -0.0000 0.6242
vn 0.9591 -0.0000 0.2832
vn 0.9999 -0.0000 0.0147
vn 0.9901 -0.0000 -0.1402
vn 0.9769 -0.0000 -0.2137
vn 0.9326 -0.0000 -0.3608
vn 0.9148 -0.0000 -0.4039
vn 0.9842 -0.0000 -0.1772
vn 0.9547 -0.0000 -0.2977
vn 0.9842 -0.0000 -0.1773
vn 0.8803 -0.0000 -0.4745
vn 0.9547 -0.0000 -0.2976
vn 0.9309 -0.0000 -0.3652
vn 0.9357 -0.0000 -0.3527
vn 0.9415 -0.0000 -0.3371
vn 0.9398 -0.0000 -0.3418
vn 0.9705 -0.0000 -0.2410
vn 0.9802 -0.0000 -0.1979
vn 0.9554 -0.0000 -0.2952
vn 0.9591 -0.0000 -0.2829
vn 0.9633 -0.0000 -0.2684
vn 0.9678 -0.0000 -0.2517
vn 0.9387 -0.0000 -0.3448
vn 0.9514 -0.0000 -0.3078
vn 0.9855 -0.0000 -0.1699
vn 0.9768 -0.0000 -0.2142
vn 0.9915 -0.0000 -0.1301
vn 0.9999 -0.0000 -0.0115
vn 0.9960 -0.0000 -0.0890
vn 0.9885 -0.0000 -0.1513
vn 0.9911 -0.0000 -0.1330
vn 0.9931 -0.0000 -0.1169
vn 0.9936 -0.0000 -0.1130
vn 0.9926 -0.0000 -0.1215
vn 0.9898 -0.0000 -0.1423
vn 0.9845 -0.0000 -0.1755
vn 0.9692 -0.0000 -0.2464
vn 0.9637 -0.0000 -0.2668
vn 0.9799 -0.0000 -0.1995
vn 0.9844 -0.0000 -0.1761
vn 0.9856 -0.0000 -0.1693
vn 0.9846 -0.0000 -0.1749
vn 0.9775 -0.0000 -0.2107
vn 0.9744 -0.0000 -0.2246
vn 0.9737 -0.0000 -0.2278
vn 0.9754 -0.0000 -0.2202
vn 0.9794 -0.0000 -0.2018
vn 0.9850 -0.0000 -0.1724
vn 0.9907 -0.0000 -0.1358
vn 0.9948 -0.0000 -0.1018
vn 0.9984 -0.0000 -0.0561
vn 0.9991 -0.0000 -0.0434
vn 0.9993 -0.0000 -0.0380
vn 0.9981 -0.0000 -0.0622
vn 0.9941 -0.0000 -0.1085
vn 0.9906 -0.0000 -0.1368
vn 0.9921 -0.0000 -0.1257
vn 0.9973 -0.0000 -0.0736
vn 0.9996 -0.0000 0.0283
vn 0.9813 -0.0000 0.1926
vn 0.9019 -0.0000 0.4320
vn 0.7428 -0.0000 0.6696
vn 0.5885 -0.0000 0.8085
vn 0.5056 -0.0000 0.8628
vn 0.4953 -0.0000 0.8687
vn 0.5550 -0.0000 0.8319
vn 0.6837 -0.0000 0.7297
vn 0.8294 -0.0000 0.5586
vn 0.9190 -0.0000 0.3944
vn 0.9593 -0.0000 0.2824
vn 0.9784 -0.0000 0.2066
vn 0.9864 -0.0000 0.1645
vn 0.9882 -0.0000 0.1535
vn 0.9849 -0.0000 0.1729
vn 0.9788 -0.0000 0.2049
vn 0.9757 -0.0000 0.2193
vn 0.9762 -0.0000 0.2167
vn 0.9777 -0.0000 0.2099
vn 0.9800 -0.0000 0.1989
vn 0.9865 -0.0000 0.1639
vn 0.9876 -0.0000 0.1569
vn 0.9853 -0.0000 0.1708
vn 0.9875 -0.0000 0.1579
vn 0.9940 -0.0000 0.1096
vn 0.9996 -0.0000 0.0267
vn 0.9950 -0.0000 -0.0999
vn 0.9600 -0.0000 -0.2801
vn 0.8860 -0.0000 -0.4637
vn 0.8078 -0.0000 -0.5894
vn 0.7490 -0.0000 -0.6625
vn 0.7114 -0.0000 -0.7028
vn 0.6962 -0.0000 -0.7179
vn 0.7113 -0.0000 -0.7029
vn 0.7069 -0.0000 -0.7073
vn 0.5820 -0.0000 -0.8132
vn 0.3522 -0.0000 -0.9359
vn 0.1500 -0.0000 -0.9887
vn 0.1706 -0.0000 -0.9853
vn 0.9420 -0.0000 -0.3357
vn 0.1705 -0.0000 -0.9853
vn 0.7613 -0.0000 0.6484
vn 0.9419 -0.0000 -0.3358
vn 0.6202 -0.0000 0.7844
vn 0.4711 -0.0000 0.8821
vn 0.3899 -0.0000 0.9209
vn 0.3921 -0.0000 0.9199
vn 0.4464 -0.0000 0.8948
vn 0.5550 -0.0000 0.8318
vn 0.7275 -0.0000 0.6861
vn 0.9508 -0.0000 0.3100
vn 0.9999 -0.0000 -0.0140
vn 0.9507 -0.0000 0.3100
vn 0.9999 -0.0000 -0.0151
vn 0.9943 -0.0000 -0.1063
vn 0.9999 -0.0000 -0.0132
vn 1.0000 -0.0000 0.0054
vn 0.9806 -0.0000 -0.1958
vn 0.8782 -0.0000 -0.4783
vn 0.7972 -0.0000 -0.6038
vn 0.8175 -0.0000 -0.5760
vn 0.9682 -0.0000 -0.2500
vn 0.9878 -0.0000 0.1557
vn 0.9682 -0.0000 -0.2501
vn 0.9866 -0.0000 0.1633
vn 0.9577 -0.0000 0.2876
vn 0.9836 -0.0000 0.1802
vn 0.9970 -0.0000 0.0777
vn 0.9837 -0.0000 0.1796
vn 0.9705 -0.0000 0.2410
vn 0.9635 -0.0000 0.2676
vn 0.9649 -0.0000 0.2626
vn 0.9742 -0.0000 0.2258
vn 0.9870 -0.0000 0.1609
vn 0.9919 -0.0000 0.1271
vn 0.9947 -0.0000 0.1032
vn 0.9993 -0.0000 0.0362
vn 1.0000 -0.0000 0.0013
vn 1.0000 -0.0000 0.0043
vn 1.0000 -0.0000 0.0031
vn 0.9999 -0.0000 -0.0141
vn 0.9959 -0.0000 -0.0900
vn 0.9916 -0.0000 -0.1292
vn 0.9886 -0.0000 -0.1508
vn 0.9878 -0.0000 -0.1557
vn 0.9896 -0.0000 -0.1439
vn 0.9934 -0.0000 -0.1150
vn 0.9977 -0.0000 -0.0683
vn 1.0000 -0.0000 0.0022
vn 0.9883 -0.0000 -0.1527
vn 0.9999 -0.0000 0.0103
vn 0.9209 -0.0000 0.3898
vn 0.9573 -0.0000 0.2892
vn 0.9916 -0.0000 0.1290
vn 0.9914 -0.0000 -0.1308
vn 0.9792 -0.0000 -0.2031
vn 0.9914 -0.0000 -0.1307
vn 0.9991 -0.0000 -0.0415
vn 0.9791 -0.0000 -0.2031
vn 0.9996 -0.0000 -0.0293
vn 0.9681 -0.0000 -0.2504
vn 0.9472 -0.0000 -0.3206
vn 0.9759 -0.0000 -0.2182
vn 0.9803 -0.0000 -0.1974
vn 0.9939 -0.0000 -0.1106
vn 0.9914 -0.0000 -0.1309
vn 0.9946 -0.0000 -0.1035
vn 0.9997 -0.0000 -0.0227
vn 1.0000 -0.0000 -0.0023
vn 0.9997 -0.0000 0.0226
vn 0.9964 -0.0000 -0.0853
vn 1.0000 -0.0000 0.0027
vn 0.9928 -0.0000 0.1196
vn 0.9709 -0.0000 0.2395
vn 0.9906 -0.0000 0.1370
vn 0.9976 -0.0000 -0.0688
vn 0.9985 -0.0000 -0.0546
vn 1.0000 -0.0000 0.0086
vn 0.9998 -0.0000 -0.0200
vn 0.9996 -0.0000 -0.0267
vn 0.9997 -0.0000 -0.0239
vn 0.9999 -0.0000 0.0104
vn 0.9959 -0.0000 0.0903
vn 0.9983 -0.0000 0.0579
vn 0.9998 -0.0000 -0.0176
vn 0.9529 -0.0000 0.3032
vn 0.9521 -0.0000 0.3057
vn 0.9783 -0.0000 0.2074
vn 0.9910 -0.0000 0.1340
vn 0.9994 -0.0000 -0.0342
vn 0.9910 -0.0000 0.1341
vn 0.9928 -0.0000 -0.1198
vn 0.9904 -0.0000 -0.1383
vn 0.9900 -0.0000 -0.1411
vn 0.9917 -0.0000 -0.1284
vn 0.9939 -0.0000 -0.1107
vn 0.9969 -0.0000 -0.0784
vn 0.9990 -0.0000 -0.0457
vn 0.9997 -0.0000 -0.0264
vn 0.9999 -0.0000 -0.0122
vn 0.9999 -0.0000 -0.0158
vn 0.9970 -0.0000 -0.0769
vn 0.9909 -0.0000 -0.1348
vn 0.9776 -0.0000 -0.2103
vn 0.9577 -0.0000 -0.2878
vn 0.9379 -0.0000 -0.3468
vn 0.9239 -0.0000 -0.3827
vn 0.9179 -0.0000 -0.3969
vn 0.9207 -0.0000 -0.3903
vn 0.9321 -0.0000 -0.3623
vn 0.9443 -0.0000 -0.3291
vn 0.8949 -0.0000 -0.4463
vn 0.8117 -0.0000 -0.5840
vn 0.9298 -0.0000 -0.3681
vn 0.9992 -0.0000 -0.0390
vn 0.9984 -0.0000 -0.0566
vn 0.9964 -0.0000 -0.0849
vn 0.9968 -0.0000 -0.0802
vn 0.9951 -0.0000 -0.0988
vn 0.9991 -0.0000 -0.0429
vn 0.9997 -0.0000 -0.0247
vn 0.9991 -0.0000 -0.0432
vn 0.9951 -0.0000 -0.0993
vn 0.9808 -0.0000 -0.1949
vn 0.9515 -0.0000 -0.3077
vn 0.8161 -0.0000 -0.5779
vn 0.7831 -0.0000 -0.6219
vn 0.9183 -0.0000 -0.3960
vn 0.9193 -0.0000 -0.3936
vn 0.9193 -0.0000 -0.3935
vn 0.8184 -0.0000 -0.5747
vn 0.7991 -0.0000 -0.6012
vn 0.6950 -0.0000 -0.7191
vn 0.6559 -0.0000 -0.7548
vn 0.5958 -0.0000 -0.8031
vn 0.5080 -0.0000 -0.8613
vn 0.3858 -0.0000 -0.9226
vn 0.2257 -0.0000 -0.9742
vn 0.0151 -0.0000 -0.9999
vn 0.2258 -0.0000 -0.9742
vn -0.4237 -0.0000 -0.9058
vn -0.5779 -0.0000 -0.8161
vn -0.4028 -0.0000 -0.9153
vn -0.2422 -0.0000 -0.9702
vn -0.2726 -0.0000 -0.9621
vn -0.3676 -0.0000 -0.9300
vn -0.2683 -0.0000 -0.9633
vn -0.1934 -0.0000 -0.9811
vn -0.1498 -0.0000 -0.9887
vn -0.1171 -0.0000 -0.9931
vn -0.0950 -0.0000 -0.9955
vn -0.0832 -0.0000 -0.9965
vn -0.0816 -0.0000 -0.9967
vn -0.0681 -0.0000 -0.9977
vn -0.0453 -0.0000 -0.9990
vn -0.0568 -0.0000 -0.9984
vn -0.0801 -0.0000 -0.9968
vn -0.0891 -0.0000 -0.9960
vn -0.0988 -0.0000 -0.9951
vn -0.1093 -0.0000 -0.9940
vn -0.1205 -0.0000 -0.9927
vn -0.1324 -0.0000 -0.9912
vn -0.1616 -0.0000 -0.9869
vn -0.1487 -0.0000 -0.9889
vn -0.1537 -0.0000 -0.9881
vn -0.2167 -0.0000 -0.9762
vn -0.2201 -0.0000 -0.9755
vn -0.1806 -0.0000 -0.9836
vn -0.1638 -0.0000 -0.9865
vn -0.1273 -0.0000 -0.9919
vn -0.1338 -0.0000 -0.9910
vn -0.1751 -0.0000 -0.9846
vn -0.1722 -0.0000 -0.9851
vn -0.1740 -0.0000 -0.9848
vn -0.1542 -0.0000 -0.9880
vn -0.1025 -0.0000 -0.9947
vn -0.0708 -0.0000 -0.9975
vn -0.0436 -0.0000 -0.9990
vn -0.0250 -0.0000 -0.9997
vn 0.0504 -0.0000 -0.9987
vn 0.1737 -0.0000 -0.9848
vn 0.1502 -0.0000 -0.9887
vn 0.0889 -0.0000 -0.9960
vn 0.1322 -0.0000 -0.9912
vn 0.1867 -0.0000 -0.9824
vn 0.2041 -0.0000 -0.9790
vn 0.2827 -0.0000 -0.9592
vn 0.3159 -0.0000 -0.9488
vn 0.2494 -0.0000 -0.9684
vn 0.2155 -0.0000 -0.9765
vn 0.1930 -0.0000 -0.9812
vn 0.2080 -0.0000 -0.9781
vn 0.2206 -0.0000 -0.9754
vn 0.1975 -0.0000 -0.9803
vn 0.1351 -0.0000 -0.9908
vn 0.0226 -0.0000 -0.9997
vn -0.1536 -0.0000 -0.9881
vn -0.3629 -0.0000 -0.9318
vn -0.5322 -0.0000 -0.8466
vn -0.6509 -0.0000 -0.7591
vn -0.7435 -0.0000 -0.6687
vn -0.8751 -0.0000 -0.4840
vn -0.9218 -0.0000 -0.3876
vn -0.9622 -0.0000 -0.2724
vn -0.9891 -0.0000 -0.1472
vn -0.9993 -0.0000 0.0387
vn -0.9987 -0.0000 0.0501
vn -0.9992 -0.0000 0.0403
vn -0.0000 -1.0000 -0.0000
vn -0.0000 1.0000 -0.0000
vn -0.0000 1.0000 -0.0003
vn -0.0139 -0.8956 -0.4447
vn -0.0000 -1.0000 -0.0003
vn -0.0138 0.8956 -0.4447
vt 0.525414 0.432999
vt 0.528783 0.436968
vt 0.525414 0.436968
vt 0.525414 0.429273
vt 0.528783 0.432999
vt 0.525414 0.425716
vt 0.528783 0.429273
vt 0.525414 0.422257
vt 0.528783 0.425716
vt 0.525414 0.418823
vt 0.528783 0.422257
vt 0.525414 0.415340
vt 0.528783 0.418823
vt 0.525414 0.411736
vt 0.528783 0.415340
vt 0.525414 0.408027
vt 0.528783 0.411736
vt 0.525414 0.404282
vt 0.528783 0.408027
vt 0.525414 0.400511
vt 0.528783 0.404282
vt 0.525414 0.396721
vt 0.528783 0.400511
vt 0.525414 0.392921
vt 0.528783 0.396721
vt 0.525414 0.389118
vt 0.528783 0.392921
vt 0.525414 0.385322
vt 0.528783 0.389118
vt 0.525414 0.358666
vt 0.528783 0.385322
vt 0.525414 0.332090
vt 0.528783 0.358666
vt 0.525414 0.305426
vt 0.528783 0.332090
vt 0.525414 0.278779
vt 0.528783 0.305426
vt 0.525414 0.252243
vt 0.528783 0.278779
vt 0.525414 0.226191
vt 0.528783 0.252243
vt 0.525414 0.199719
vt 0.528783 0.226191
vt 0.525414 0.195967
vt 0.528783 0.199719
vt 0.525414 0.192209
vt 0.528783 0.195967
vt 0.525414 0.188458
vt 0.528783 0.192209
vt 0.525414 0.184725
vt 0.528783 0.188458
vt 0.525414 0.181024
vt 0.528783 0.184725
vt 0.525414 0.177366
vt 0.528783 0.181024
vt 0.525414 0.173764
vt 0.528783 0.177366
vt 0.525414 0.170196
vt 0.528783 0.173764
vt 0.525414 0.166646
vt 0.528783 0.170196
vt 0.525414 0.163130
vt 0.528783 0.166646
vt 0.525414 0.159663
vt 0.528783 0.163130
vt 0.525414 0.156273
vt 0.528783 0.159663
vt 0.525414 0.153232
vt 0.528783 0.156273
vt 0.525414 0.150160
vt 0.528783 0.153232
vt 0.525414 0.146929
vt 0.528783 0.150160
vt 0.525414 0.146495
vt 0.528783 0.146929
vt 0.525414 0.142876
vt 0.528783 0.146495
vt 0.525414 0.137150
vt 0.528783 0.142876
vt 0.525414 0.135097
vt 0.528783 0.137150
vt 0.525414 0.132447
vt 0.528783 0.135097
vt 0.525414 0.129549
vt 0.528783 0.132447
vt 0.525414 0.126164
vt 0.528783 0.129549
vt 0.525414 0.122580
vt 0.528783 0.126164
vt 0.525414 0.118865
vt 0.528783 0.122580
vt 0.525414 0.115088
vt 0.528783 0.118865
vt 0.525414 0.111317
vt 0.528783 0.115088
vt 0.525414 0.107621
vt 0.528783 0.111317
vt 0.525414 0.104068
vt 0.528783 0.107621
vt 0.525414 0.100690
vt 0.528783 0.104068
vt 0.525414 0.097437
vt 0.528783 0.100690
vt 0.525414 0.094254
vt 0.528783 0.097437
vt 0.525414 0.091086
vt 0.528783 0.094254
vt 0.525414 0.087879
vt 0.528783 0.091086
vt 0.525414 0.084579
vt 0.528783 0.087879
vt 0.525414 0.081130
vt 0.528783 0.084579
vt 0.525414 0.077514
vt 0.528783 0.081130
vt 0.525414 0.073772
vt 0.528783 0.077514
vt 0.525414 0.069942
vt 0.528783 0.073772
vt 0.525414 0.066062
vt 0.528783 0.069942
vt 0.525414 0.062169
vt 0.528783 0.066062
vt 0.525414 0.058299
vt 0.528783 0.062169
vt 0.525414 0.054489
vt 0.528783 0.058299
vt 0.525414 0.050573
vt 0.528783 0.054489
vt 0.525414 0.046461
vt 0.528783 0.050573
vt 0.525414 0.042308
vt 0.528783 0.046461
vt 0.525414 0.038269
vt 0.528783 0.042308
vt 0.525414 0.034501
vt 0.528783 0.038269
vt 0.525414 0.031159
vt 0.528783 0.034501
vt 0.525414 0.028398
vt 0.528783 0.031159
vt 0.525414 0.026381
vt 0.528783 0.028398
vt 0.525414 0.025026
vt 0.528783 0.026381
vt 0.063346 0.025269
vt 0.060911 0.023002
vt 0.063346 0.023002
vt 0.063346 0.027349
vt 0.060911 0.025269
vt 0.063346 0.029227
vt 0.060911 0.027349
vt 0.063346 0.030888
vt 0.060911 0.029227
vt 0.063346 0.032314
vt 0.060911 0.030888
vt 0.038385 0.661932
vt 0.035027 0.660301
vt 0.038385 0.660301
vt 0.038385 0.663781
vt 0.035027 0.661932
vt 0.038385 0.665820
vt 0.035027 0.663781
vt 0.038385 0.668021
vt 0.035027 0.665820
vt 0.038385 0.670358
vt 0.035027 0.668021
vt 0.038385 0.672801
vt 0.035027 0.670358
vt 0.038385 0.675326
vt 0.035027 0.672801
vt 0.038385 0.677939
vt 0.035027 0.675326
vt 0.038385 0.680667
vt 0.035027 0.677939
vt 0.038385 0.683512
vt 0.035027 0.680667
vt 0.038385 0.685357
vt 0.035027 0.683512
vt 0.038385 0.689555
vt 0.035027 0.685357
vt 0.038385 0.692756
vt 0.035027 0.689555
vt 0.038385 0.696077
vt 0.035027 0.692756
vt 0.038385 0.699572
vt 0.035027 0.696077
vt 0.038385 0.703256
vt 0.035027 0.699572
vt 0.038385 0.707077
vt 0.035027 0.703256
vt 0.038385 0.710982
vt 0.035027 0.707077
vt 0.038385 0.714918
vt 0.035027 0.710982
vt 0.038385 0.718834
vt 0.035027 0.714918
vt 0.038385 0.722676
vt 0.035027 0.718834
vt 0.038385 0.726460
vt 0.035027 0.722676
vt 0.038385 0.730239
vt 0.035027 0.726460
vt 0.038385 0.734014
vt 0.035027 0.730239
vt 0.038385 0.737786
vt 0.035027 0.734014
vt 0.038385 0.741558
vt 0.035027 0.737786
vt 0.038385 0.745328
vt 0.035027 0.741558
vt 0.038385 0.749101
vt 0.035027 0.745328
vt 0.038385 0.775508
vt 0.035027 0.749101
vt 0.038385 0.801761
vt 0.035027 0.775508
vt 0.038385 0.827733
vt 0.035027 0.801761
vt 0.038385 0.853840
vt 0.035025 0.827733
vt 0.038385 0.880085
vt 0.035025 0.853840
vt 0.038385 0.906533
vt 0.035025 0.880085
vt 0.038385 0.910447
vt 0.035025 0.906533
vt 0.038385 0.914562
vt 0.035025 0.910447
vt 0.038385 0.918724
vt 0.035025 0.914562
vt 0.038385 0.922778
vt 0.035025 0.918724
vt 0.038385 0.926570
vt 0.035025 0.922778
vt 0.038385 0.929945
vt 0.035025 0.926570
vt 0.038385 0.932748
vt 0.035025 0.929945
vt 0.069602 0.619047
vt 0.066288 0.615938
vt 0.069602 0.615938
vt 0.042319 0.662788
vt 0.038900 0.660301
vt 0.042319 0.660301
vt 0.042319 0.665777
vt 0.038900 0.662788
vt 0.042319 0.669115
vt 0.038900 0.665777
vt 0.042319 0.672647
vt 0.038900 0.669115
vt 0.042319 0.676218
vt 0.038900 0.672647
vt 0.042319 0.679674
vt 0.038900 0.676218
vt 0.042319 0.683104
vt 0.038900 0.679674
vt 0.042319 0.686673
vt 0.038900 0.683104
vt 0.042319 0.690345
vt 0.038900 0.686673
vt 0.042319 0.694085
vt 0.038900 0.690345
vt 0.042319 0.697854
vt 0.038900 0.694085
vt 0.042319 0.701617
vt 0.038900 0.697854
vt 0.042319 0.705338
vt 0.038900 0.701617
vt 0.042319 0.709033
vt 0.038900 0.705338
vt 0.042319 0.712741
vt 0.038900 0.709033
vt 0.042319 0.716457
vt 0.038900 0.712741
vt 0.042319 0.720175
vt 0.038900 0.716457
vt 0.042319 0.723892
vt 0.038900 0.720175
vt 0.042319 0.727602
vt 0.038900 0.723892
vt 0.042319 0.731302
vt 0.038900 0.727602
vt 0.042319 0.734981
vt 0.038900 0.731302
vt 0.042319 0.738643
vt 0.038900 0.734981
vt 0.042319 0.742297
vt 0.038900 0.738643
vt 0.042319 0.745952
vt 0.038900 0.742297
vt 0.042319 0.749618
vt 0.038900 0.745952
vt 0.042319 0.753306
vt 0.038900 0.749618
vt 0.042319 0.757025
vt 0.038900 0.753306
vt 0.042319 0.783627
vt 0.038900 0.757025
vt 0.042319 0.787426
vt 0.038900 0.783627
vt 0.042319 0.791254
vt 0.038900 0.787426
vt 0.042319 0.795084
vt 0.038900 0.791254
vt 0.042319 0.798888
vt 0.038900 0.795084
vt 0.042319 0.802639
vt 0.038900 0.798888
vt 0.042319 0.805799
vt 0.038900 0.802639
vt 0.042319 0.808988
vt 0.038900 0.805799
vt 0.042319 0.811899
vt 0.038900 0.808988
vt 0.042319 0.814776
vt 0.038900 0.811899
vt 0.042319 0.819097
vt 0.038900 0.814776
vt 0.042319 0.821495
vt 0.038900 0.819097
vt 0.042319 0.825402
vt 0.038900 0.821495
vt 0.042319 0.829004
vt 0.038900 0.825402
vt 0.042319 0.832325
vt 0.038900 0.829004
vt 0.042319 0.835668
vt 0.038900 0.832325
vt 0.042319 0.838944
vt 0.038900 0.835668
vt 0.042319 0.842485
vt 0.038900 0.838944
vt 0.042319 0.845812
vt 0.038900 0.842485
vt 0.042319 0.848816
vt 0.038900 0.845812
vt 0.042319 0.852562
vt 0.038900 0.848816
vt 0.042319 0.856004
vt 0.038900 0.852562
vt 0.042319 0.859495
vt 0.038900 0.856004
vt 0.042319 0.863026
vt 0.038900 0.859495
vt 0.042319 0.866595
vt 0.038900 0.863026
vt 0.042319 0.870377
vt 0.038900 0.866595
vt 0.042319 0.874071
vt 0.038900 0.870377
vt 0.042319 0.877811
vt 0.038900 0.874071
vt 0.042319 0.881160
vt 0.038900 0.877811
vt 0.042319 0.885024
vt 0.038900 0.881160
vt 0.042319 0.889132
vt 0.038900 0.885024
vt 0.042319 0.893322
vt 0.038900 0.889132
vt 0.042319 0.897430
vt 0.038900 0.893322
vt 0.042319 0.901291
vt 0.038900 0.897430
vt 0.042319 0.904743
vt 0.038900 0.901291
vt 0.042319 0.907637
vt 0.038900 0.904743
vt 0.042319 0.909824
vt 0.038900 0.907637
vt 0.013590 0.515093
vt 0.011186 0.510855
vt 0.013590 0.510855
vt 0.013590 0.521062
vt 0.011186 0.515093
vt 0.013590 0.526855
vt 0.011186 0.521062
vt 0.013590 0.531730
vt 0.011186 0.526855
vt 0.013590 0.536026
vt 0.011186 0.531730
vt 0.013590 0.541114
vt 0.011186 0.536026
vt 0.013590 0.548695
vt 0.011186 0.541114
vt 0.013590 0.553619
vt 0.011186 0.548695
vt 0.013590 0.558697
vt 0.011186 0.553619
vt 0.013590 0.568267
vt 0.011186 0.558697
vt 0.013590 0.570685
vt 0.011186 0.568267
vt 0.013590 0.573247
vt 0.011186 0.570685
vt 0.013590 0.579322
vt 0.011186 0.573247
vt 0.063346 0.046861
vt 0.060885 0.040290
vt 0.063346 0.040290
vt 0.063346 0.049327
vt 0.060885 0.046861
vt 0.050100 0.667702
vt 0.046650 0.664278
vt 0.050100 0.664278
vt 0.050100 0.669035
vt 0.046650 0.667702
vt 0.050100 0.671011
vt 0.046650 0.669035
vt 0.050100 0.672147
vt 0.046650 0.671011
vt 0.050100 0.675868
vt 0.046650 0.672147
vt 0.050100 0.678916
vt 0.046650 0.675868
vt 0.050100 0.682074
vt 0.046650 0.678916
vt 0.050100 0.685317
vt 0.046650 0.682074
vt 0.050100 0.688623
vt 0.046650 0.685317
vt 0.050100 0.691881
vt 0.046650 0.688623
vt 0.050100 0.695411
vt 0.046650 0.691881
vt 0.050100 0.698836
vt 0.046650 0.695411
vt 0.050100 0.702077
vt 0.046650 0.698836
vt 0.050100 0.705515
vt 0.046650 0.702077
vt 0.050100 0.708985
vt 0.046650 0.705515
vt 0.050100 0.712465
vt 0.046650 0.708985
vt 0.050100 0.715935
vt 0.046650 0.712465
vt 0.050100 0.719373
vt 0.046650 0.715935
vt 0.050100 0.722756
vt 0.046650 0.719373
vt 0.050100 0.726066
vt 0.046650 0.722756
vt 0.050100 0.729318
vt 0.046650 0.726066
vt 0.050100 0.732536
vt 0.046650 0.729318
vt 0.050100 0.735745
vt 0.046650 0.732536
vt 0.050100 0.738972
vt 0.046650 0.735745
vt 0.050100 0.742241
vt 0.046650 0.738972
vt 0.050100 0.745578
vt 0.046650 0.742241
vt 0.050100 0.749119
vt 0.046650 0.745578
vt 0.050100 0.752886
vt 0.046650 0.749119
vt 0.050100 0.756735
vt 0.046650 0.752886
vt 0.050100 0.760522
vt 0.046650 0.756735
vt 0.050100 0.764102
vt 0.046650 0.760522
vt 0.050100 0.767332
vt 0.046650 0.764102
vt 0.050100 0.770067
vt 0.046650 0.767332
vt 0.061987 0.257680
vt 0.059547 0.253074
vt 0.061987 0.253074
vt 0.061987 0.261619
vt 0.059547 0.257680
vt 0.061987 0.264692
vt 0.059547 0.261619
vt 0.061987 0.269671
vt 0.059547 0.264692
vt 0.061987 0.274512
vt 0.059547 0.269671
vt 0.061987 0.280194
vt 0.059547 0.274512
vt 0.061987 0.285525
vt 0.059547 0.280194
vt 0.061987 0.310822
vt 0.059547 0.285525
vt 0.061987 0.325021
vt 0.059547 0.310822
vt 0.061987 0.329999
vt 0.059547 0.325021
vt 0.061987 0.334986
vt 0.059547 0.329999
vt 0.061987 0.339980
vt 0.059547 0.334986
vt 0.061987 0.344984
vt 0.059547 0.339980
vt 0.061987 0.349995
vt 0.059547 0.344984
vt 0.061987 0.355014
vt 0.059547 0.349995
vt 0.061987 0.360067
vt 0.059547 0.355014
vt 0.061987 0.365152
vt 0.059547 0.360067
vt 0.061987 0.370255
vt 0.059547 0.365152
vt 0.061987 0.375352
vt 0.059547 0.370255
vt 0.061987 0.380417
vt 0.059547 0.375352
vt 0.061987 0.385430
vt 0.059547 0.380417
vt 0.061987 0.390851
vt 0.059547 0.385430
vt 0.061987 0.418429
vt 0.059547 0.390851
vt 0.061987 0.428528
vt 0.059547 0.418429
vt 0.061987 0.433743
vt 0.059547 0.428528
vt 0.061987 0.439045
vt 0.059547 0.433743
vt 0.061987 0.444363
vt 0.059547 0.439045
vt 0.061987 0.449623
vt 0.059547 0.444363
vt 0.061987 0.454757
vt 0.059547 0.449623
vt 0.061987 0.459687
vt 0.059547 0.454757
vt 0.061987 0.464425
vt 0.059547 0.459687
vt 0.061987 0.469034
vt 0.059547 0.464425
vt 0.061987 0.473533
vt 0.059547 0.469034
vt 0.061987 0.477938
vt 0.059547 0.473533
vt 0.061987 0.482268
vt 0.059547 0.477938
vt 0.061987 0.486539
vt 0.059547 0.482268
vt 0.061987 0.490769
vt 0.059547 0.486539
vt 0.061987 0.494180
vt 0.059547 0.490769
vt 0.061987 0.494706
vt 0.059547 0.494180
vt 0.061987 0.501472
vt 0.059547 0.494706
vt 0.061987 0.505020
vt 0.059547 0.501472
vt 0.061987 0.509445
vt 0.059547 0.505020
vt 0.061987 0.513509
vt 0.059547 0.509445
vt 0.061987 0.517976
vt 0.059547 0.513509
vt 0.061987 0.522805
vt 0.059547 0.517976
vt 0.061987 0.528093
vt 0.059547 0.522805
vt 0.061987 0.533066
vt 0.059547 0.528093
vt 0.061987 0.538098
vt 0.059547 0.533066
vt 0.061987 0.543098
vt 0.059547 0.538098
vt 0.061987 0.547971
vt 0.059547 0.543098
vt 0.061987 0.552625
vt 0.059547 0.547971
vt 0.061987 0.556904
vt 0.059547 0.552625
vt 0.061987 0.560976
vt 0.059547 0.556904
vt 0.061987 0.565312
vt 0.059547 0.560976
vt 0.061987 0.568597
vt 0.059547 0.565312
vt 0.061987 0.572159
vt 0.059547 0.568597
vt 0.061987 0.575884
vt 0.059547 0.572159
vt 0.061987 0.578079
vt 0.059547 0.575884
vt 0.046148 0.662160
vt 0.042775 0.658692
vt 0.046148 0.658692
vt 0.046148 0.667659
vt 0.042775 0.662160
vt 0.046148 0.671280
vt 0.042775 0.667659
vt 0.046148 0.674655
vt 0.042775 0.671280
vt 0.046148 0.677846
vt 0.042775 0.674655
vt 0.046148 0.681751
vt 0.042775 0.677846
vt 0.046148 0.688061
vt 0.042775 0.681751
vt 0.046148 0.710929
vt 0.042775 0.688061
vt 0.046148 0.715458
vt 0.042775 0.710929
vt 0.046148 0.718970
vt 0.042775 0.715458
vt 0.046148 0.722983
vt 0.042775 0.718970
vt 0.046148 0.727255
vt 0.042775 0.722983
vt 0.046148 0.731059
vt 0.042775 0.727255
vt 0.046148 0.735786
vt 0.042775 0.731059
vt 0.046148 0.738156
vt 0.042775 0.735786
vt 0.046148 0.743632
vt 0.042775 0.738156
vt 0.046148 0.747480
vt 0.042775 0.743632
vt 0.046148 0.749824
vt 0.042775 0.747480
vt 0.046148 0.753021
vt 0.042775 0.749824
vt 0.046148 0.756479
vt 0.042775 0.753021
vt 0.046148 0.760093
vt 0.042775 0.756479
vt 0.046148 0.763768
vt 0.042775 0.760093
vt 0.046148 0.768628
vt 0.042775 0.763768
vt 0.046148 0.772416
vt 0.042775 0.768628
vt 0.046148 0.776225
vt 0.042775 0.772416
vt 0.046148 0.780025
vt 0.042775 0.776225
vt 0.046148 0.783791
vt 0.042775 0.780025
vt 0.046148 0.789958
vt 0.042775 0.783791
vt 0.046148 0.792117
vt 0.042775 0.789958
vt 0.046148 0.794235
vt 0.042775 0.792117
vt 0.046148 0.796937
vt 0.042775 0.794235
vt 0.046148 0.799515
vt 0.042775 0.796937
vt 0.046148 0.801877
vt 0.042775 0.799515
vt 0.046148 0.804374
vt 0.042775 0.801877
vt 0.046148 0.806445
vt 0.042775 0.804374
vt 0.046148 0.808591
vt 0.042775 0.806445
vt 0.046148 0.812881
vt 0.042775 0.808591
vt 0.046148 0.819593
vt 0.042775 0.812881
vt 0.046148 0.821680
vt 0.042775 0.819593
vt 0.046148 0.820865
vt 0.042775 0.821680
vt 0.062413 0.629239
vt 0.065890 0.630242
vt 0.062413 0.630242
vt 0.062413 0.629137
vt 0.065890 0.629239
vt 0.062413 0.628307
vt 0.065890 0.629137
vt 0.062413 0.627445
vt 0.065890 0.628307
vt 0.061640 0.647917
vt 0.058276 0.645640
vt 0.061640 0.645640
vt 0.061640 0.650007
vt 0.058276 0.647917
vt 0.061640 0.656694
vt 0.058276 0.650007
vt 0.061640 0.660985
vt 0.058276 0.656694
vt 0.061640 0.663597
vt 0.058276 0.660985
vt 0.061640 0.679645
vt 0.058276 0.663597
vt 0.061640 0.685258
vt 0.058276 0.679645
vt 0.061640 0.689183
vt 0.058276 0.685258
vt 0.061640 0.692477
vt 0.058276 0.689183
vt 0.061640 0.697408
vt 0.058276 0.692477
vt 0.061640 0.701169
vt 0.058276 0.697408
vt 0.061640 0.703523
vt 0.058276 0.701169
vt 0.061640 0.709901
vt 0.058276 0.703523
vt 0.061640 0.719746
vt 0.058276 0.709901
vt 0.061640 0.722987
vt 0.058276 0.719746
vt 0.061640 0.727373
vt 0.058276 0.722987
vt 0.061640 0.729717
vt 0.058276 0.727373
vt 0.061640 0.734887
vt 0.058276 0.729717
vt 0.061640 0.743919
vt 0.058276 0.734887
vt 0.061640 0.749278
vt 0.058276 0.743919
vt 0.061640 0.751466
vt 0.058276 0.749278
vt 0.062883 0.062928
vt 0.060326 0.060666
vt 0.062883 0.060666
vt 0.062883 0.064783
vt 0.060326 0.062928
vt 0.062883 0.067715
vt 0.060326 0.064783
vt 0.062883 0.070945
vt 0.060326 0.067715
vt 0.062883 0.074462
vt 0.060326 0.070945
vt 0.013590 0.439838
vt 0.011115 0.437317
vt 0.013590 0.437317
vt 0.013590 0.444561
vt 0.011115 0.439838
vt 0.013590 0.449264
vt 0.011115 0.444561
vt 0.013590 0.454182
vt 0.011115 0.449264
vt 0.013590 0.459249
vt 0.011115 0.454182
vt 0.013590 0.464397
vt 0.011115 0.459249
vt 0.013590 0.469555
vt 0.011115 0.464397
vt 0.013590 0.474657
vt 0.011115 0.469555
vt 0.013590 0.479634
vt 0.011115 0.474657
vt 0.013590 0.484800
vt 0.011115 0.479634
vt 0.013590 0.490317
vt 0.011115 0.484800
vt 0.013590 0.495898
vt 0.011115 0.490317
vt 0.013590 0.501253
vt 0.011115 0.495898
vt 0.013590 0.506088
vt 0.011115 0.501253
vt 0.013590 0.510115
vt 0.011115 0.506088
vt 0.062883 0.077650
vt 0.060357 0.072905
vt 0.062883 0.072905
vt 0.062883 0.082038
vt 0.060357 0.077650
vt 0.062883 0.086140
vt 0.060357 0.082038
vt 0.062883 0.090035
vt 0.060357 0.086140
vt 0.013605 0.344359
vt 0.011170 0.339013
vt 0.013605 0.339013
vt 0.013605 0.349865
vt 0.011170 0.344359
vt 0.013605 0.355361
vt 0.011170 0.349865
vt 0.013605 0.360681
vt 0.011170 0.355361
vt 0.013605 0.365939
vt 0.011170 0.360681
vt 0.013605 0.371323
vt 0.011170 0.365939
vt 0.013605 0.376774
vt 0.011170 0.371323
vt 0.013605 0.382233
vt 0.011170 0.376774
vt 0.013605 0.387640
vt 0.011170 0.382233
vt 0.013605 0.392936
vt 0.011170 0.387640
vt 0.013605 0.398061
vt 0.011170 0.392936
vt 0.013605 0.403085
vt 0.011170 0.398061
vt 0.013605 0.408085
vt 0.011170 0.403085
vt 0.013605 0.413009
vt 0.011170 0.408085
vt 0.013605 0.417810
vt 0.011170 0.413009
vt 0.013605 0.422435
vt 0.011170 0.417810
vt 0.013605 0.426835
vt 0.011170 0.422435
vt 0.013605 0.430960
vt 0.011170 0.426835
vt 0.013605 0.434753
vt 0.011170 0.430960
vt 0.081777 0.260549
vt 0.079380 0.251822
vt 0.081777 0.251822
vt 0.081777 0.268864
vt 0.079380 0.260549
vt 0.081777 0.276467
vt 0.079380 0.268864
vt 0.081777 0.282772
vt 0.079380 0.276467
vt 0.081777 0.291522
vt 0.079380 0.282772
vt 0.081777 0.306494
vt 0.079380 0.291522
vt 0.081777 0.313600
vt 0.079380 0.306494
vt 0.081777 0.358880
vt 0.079380 0.313600
vt 0.081777 0.362649
vt 0.079380 0.358880
vt 0.081777 0.368243
vt 0.079380 0.362649
vt 0.081777 0.373881
vt 0.079380 0.368243
vt 0.081777 0.379431
vt 0.079380 0.373881
vt 0.081777 0.384756
vt 0.079380 0.379431
vt 0.081777 0.389723
vt 0.079380 0.384756
vt 0.081777 0.394196
vt 0.079380 0.389723
vt 0.081777 0.398350
vt 0.079380 0.394196
vt 0.081777 0.402365
vt 0.079380 0.398350
vt 0.081777 0.406109
vt 0.079380 0.402365
vt 0.085221 0.618620
vt 0.081790 0.614621
vt 0.085221 0.614621
vt 0.085221 0.621492
vt 0.081790 0.618620
vt 0.085221 0.625022
vt 0.081790 0.621492
vt 0.085221 0.627898
vt 0.081790 0.625022
vt 0.085221 0.629734
vt 0.081790 0.627898
vt 0.076312 0.309537
vt 0.073839 0.303555
vt 0.076312 0.303555
vt 0.076312 0.314685
vt 0.073839 0.309537
vt 0.076312 0.320033
vt 0.073839 0.314685
vt 0.076312 0.325376
vt 0.073839 0.320033
vt 0.076312 0.330510
vt 0.073839 0.325376
vt 0.076312 0.335229
vt 0.073839 0.330510
vt 0.076312 0.339744
vt 0.073839 0.335229
vt 0.076312 0.344311
vt 0.073839 0.339744
vt 0.076312 0.348783
vt 0.073839 0.344311
vt 0.076312 0.353018
vt 0.073839 0.348783
vt 0.076312 0.356872
vt 0.073839 0.353018
vt 0.013590 0.583184
vt 0.010977 0.577750
vt 0.013590 0.577750
vt 0.013590 0.588367
vt 0.010977 0.583184
vt 0.013590 0.593364
vt 0.010977 0.588367
vt 0.013590 0.598332
vt 0.010977 0.593364
vt 0.013590 0.603244
vt 0.010977 0.598332
vt 0.013590 0.608082
vt 0.010977 0.603244
vt 0.013590 0.612824
vt 0.010977 0.608082
vt 0.013590 0.617445
vt 0.010977 0.612824
vt 0.013590 0.621927
vt 0.010977 0.617445
vt 0.013590 0.626346
vt 0.010977 0.621927
vt 0.013590 0.630745
vt 0.010977 0.626346
vt 0.013590 0.635056
vt 0.010977 0.630745
vt 0.013590 0.639209
vt 0.010977 0.635056
vt 0.053960 0.664166
vt 0.050526 0.660301
vt 0.053960 0.660301
vt 0.053960 0.667990
vt 0.050526 0.664166
vt 0.053960 0.671755
vt 0.050526 0.667990
vt 0.053960 0.675449
vt 0.050526 0.671755
vt 0.053960 0.679083
vt 0.050526 0.675449
vt 0.053960 0.682676
vt 0.050526 0.679083
vt 0.053960 0.686247
vt 0.050526 0.682676
vt 0.053960 0.689814
vt 0.050526 0.686247
vt 0.053960 0.693397
vt 0.050526 0.689814
vt 0.053960 0.697014
vt 0.050526 0.693397
vt 0.053960 0.722713
vt 0.050526 0.697014
vt 0.053960 0.726400
vt 0.050526 0.722713
vt 0.053960 0.730128
vt 0.050526 0.726400
vt 0.053960 0.733863
vt 0.050526 0.730128
vt 0.053960 0.737570
vt 0.050526 0.733863
vt 0.053960 0.741218
vt 0.050526 0.737570
vt 0.053960 0.744770
vt 0.050526 0.741218
vt 0.053960 0.748194
vt 0.050526 0.744770
vt 0.053960 0.751713
vt 0.050526 0.748194
vt 0.053960 0.755434
vt 0.050526 0.751713
vt 0.053960 0.759142
vt 0.050526 0.755434
vt 0.053960 0.762624
vt 0.050526 0.759142
vt 0.053960 0.765668
vt 0.050526 0.762624
vt 0.053960 0.767167
vt 0.050526 0.765668
vt 0.076312 0.443471
vt 0.073821 0.439657
vt 0.076312 0.439657
vt 0.076312 0.447253
vt 0.073821 0.443471
vt 0.076312 0.451933
vt 0.073821 0.447253
vt 0.073557 0.618233
vt 0.070164 0.613594
vt 0.073557 0.613594
vt 0.073557 0.620664
vt 0.070164 0.618233
vt 0.073557 0.624297
vt 0.070164 0.620664
vt 0.073557 0.628274
vt 0.070164 0.624297
vt 0.073557 0.632139
vt 0.070164 0.628274
vt 0.073557 0.636933
vt 0.070164 0.632139
vt 0.073557 0.640847
vt 0.070164 0.636933
vt 0.073557 0.642766
vt 0.070164 0.640847
vt 0.073557 0.644928
vt 0.070164 0.642766
vt 0.073557 0.646282
vt 0.070164 0.644928
vt 0.073557 0.652295
vt 0.070164 0.646282
vt 0.073557 0.659337
vt 0.070164 0.652295
vt 0.073557 0.663774
vt 0.070164 0.659337
vt 0.073557 0.667510
vt 0.070164 0.663774
vt 0.073557 0.671935
vt 0.070164 0.667510
vt 0.073557 0.677690
vt 0.070164 0.671935
vt 0.073557 0.679267
vt 0.070164 0.677690
vt 0.073557 0.681891
vt 0.070164 0.679267
vt 0.073557 0.686538
vt 0.070164 0.681891
vt 0.073557 0.686711
vt 0.070164 0.686538
vt 0.013590 0.642847
vt 0.011088 0.642468
vt 0.013590 0.642468
vt 0.013590 0.645024
vt 0.011088 0.642847
vt 0.013590 0.652498
vt 0.011088 0.645024
vt 0.013590 0.656782
vt 0.011088 0.652498
vt 0.013590 0.661115
vt 0.011088 0.656782
vt 0.013590 0.665553
vt 0.011088 0.661115
vt 0.013590 0.670176
vt 0.011088 0.665553
vt 0.013590 0.674962
vt 0.011088 0.670176
vt 0.013590 0.679811
vt 0.011088 0.674962
vt 0.013590 0.684623
vt 0.011088 0.679811
vt 0.013590 0.689299
vt 0.011088 0.684623
vt 0.013590 0.693741
vt 0.011088 0.689299
vt 0.013590 0.696707
vt 0.011088 0.693741
vt 0.013590 0.699073
vt 0.011088 0.696707
vt 0.077381 0.619044
vt 0.074039 0.617100
vt 0.077381 0.617100
vt 0.077381 0.624794
vt 0.074039 0.619044
vt 0.077381 0.626536
vt 0.074039 0.624794
vt 0.077381 0.629725
vt 0.074039 0.626536
vt 0.077381 0.631261
vt 0.074039 0.629725
vt 0.077381 0.633635
vt 0.074039 0.631261
vt 0.047208 0.019061
vt 0.041987 0.014420
vt 0.047208 0.014420
vt 0.047208 0.021031
vt 0.041987 0.019061
vt 0.047208 0.023101
vt 0.041987 0.021031
vt 0.047208 0.025105
vt 0.041987 0.023101
vt 0.047208 0.027008
vt 0.041987 0.025105
vt 0.047208 0.029556
vt 0.041987 0.027008
vt 0.047208 0.031670
vt 0.041987 0.029556
vt 0.047208 0.046377
vt 0.041987 0.031670
vt 0.047208 0.048291
vt 0.041987 0.046377
vt 0.047208 0.050133
vt 0.041987 0.048291
vt 0.047208 0.051927
vt 0.041987 0.050133
vt 0.047208 0.053696
vt 0.041987 0.051927
vt 0.047208 0.055467
vt 0.041987 0.053696
vt 0.047208 0.057264
vt 0.041987 0.055467
vt 0.047208 0.059112
vt 0.041987 0.057264
vt 0.047208 0.060990
vt 0.041987 0.059112
vt 0.047208 0.062867
vt 0.041987 0.060990
vt 0.047208 0.064758
vt 0.041987 0.062867
vt 0.047208 0.066675
vt 0.041987 0.064758
vt 0.047208 0.068633
vt 0.041987 0.066675
vt 0.047208 0.070644
vt 0.041987 0.068633
vt 0.047208 0.073436
vt 0.041987 0.070644
vt 0.047208 0.089235
vt 0.041987 0.073436
vt 0.047208 0.102947
vt 0.041987 0.089235
vt 0.047208 0.104980
vt 0.041987 0.102947
vt 0.047208 0.107895
vt 0.041987 0.104980
vt 0.047208 0.110462
vt 0.041987 0.107895
vt 0.047208 0.113167
vt 0.041987 0.110462
vt 0.047208 0.115360
vt 0.041987 0.113167
vt 0.047208 0.117662
vt 0.041987 0.115360
vt 0.047208 0.120030
vt 0.041987 0.117662
vt 0.047208 0.122397
vt 0.041987 0.120030
vt 0.047208 0.124685
vt 0.041987 0.122397
vt 0.047208 0.126802
vt 0.041987 0.124685
vt 0.047208 0.129293
vt 0.041987 0.126802
vt 0.047208 0.131598
vt 0.041987 0.129293
vt 0.047208 0.133893
vt 0.041987 0.131598
vt 0.047208 0.135937
vt 0.041987 0.133893
vt 0.047208 0.138192
vt 0.041987 0.135937
vt 0.047208 0.140665
vt 0.041987 0.138192
vt 0.047208 0.142567
vt 0.041987 0.140665
vt 0.047208 0.144853
vt 0.041987 0.142567
vt 0.047208 0.147530
vt 0.041987 0.144853
vt 0.047208 0.149438
vt 0.041987 0.147530
vt 0.047208 0.151666
vt 0.041987 0.149438
vt 0.047208 0.153863
vt 0.041987 0.151666
vt 0.047208 0.156006
vt 0.041987 0.153863
vt 0.047208 0.158022
vt 0.041987 0.156006
vt 0.047208 0.160005
vt 0.041987 0.158022
vt 0.047208 0.161961
vt 0.041987 0.160005
vt 0.047208 0.163817
vt 0.041987 0.161961
vt 0.047208 0.167085
vt 0.041987 0.163817
vt 0.047208 0.175877
vt 0.041987 0.167085
vt 0.047208 0.191245
vt 0.041987 0.175877
vt 0.047208 0.207550
vt 0.041987 0.191245
vt 0.047208 0.209305
vt 0.041987 0.207550
vt 0.047208 0.213962
vt 0.041987 0.209305
vt 0.047208 0.225145
vt 0.041987 0.213962
vt 0.047208 0.227214
vt 0.041987 0.225145
vt 0.047208 0.228132
vt 0.041987 0.227214
vt 0.047208 0.230286
vt 0.041987 0.228132
vt 0.047208 0.233165
vt 0.041987 0.230286
vt 0.047208 0.235612
vt 0.041987 0.233165
vt 0.047208 0.237823
vt 0.041987 0.235612
vt 0.047208 0.240085
vt 0.041987 0.237823
vt 0.047208 0.242383
vt 0.041987 0.240085
vt 0.047208 0.244702
vt 0.041987 0.242383
vt 0.047208 0.247028
vt 0.041987 0.244702
vt 0.047208 0.249344
vt 0.041987 0.247028
vt 0.047208 0.251636
vt 0.041987 0.249344
vt 0.047208 0.253911
vt 0.041987 0.251636
vt 0.047208 0.256182
vt 0.041987 0.253911
vt 0.047208 0.258449
vt 0.041987 0.256182
vt 0.047208 0.260712
vt 0.041987 0.258449
vt 0.047208 0.262970
vt 0.041987 0.260712
vt 0.047208 0.265107
vt 0.041987 0.262970
vt 0.047208 0.267455
vt 0.041987 0.265107
vt 0.047208 0.269109
vt 0.041987 0.267455
vt 0.047208 0.271657
vt 0.041987 0.269109
vt 0.047208 0.274216
vt 0.041987 0.271657
vt 0.047208 0.276454
vt 0.041987 0.274216
vt 0.047208 0.278669
vt 0.041987 0.276454
vt 0.047208 0.280851
vt 0.041987 0.278669
vt 0.047208 0.282333
vt 0.041987 0.280851
vt 0.047208 0.284797
vt 0.041987 0.282333
vt 0.047208 0.286891
vt 0.041987 0.284797
vt 0.047208 0.289035
vt 0.041987 0.286891
vt 0.047208 0.291302
vt 0.041987 0.289035
vt 0.047208 0.293234
vt 0.041987 0.291302
vt 0.047208 0.294877
vt 0.041987 0.293234
vt 0.047208 0.297178
vt 0.041987 0.294877
vt 0.047208 0.311285
vt 0.041987 0.297178
vt 0.047208 0.325942
vt 0.041987 0.311285
vt 0.047208 0.340475
vt 0.041987 0.325942
vt 0.047208 0.361728
vt 0.041987 0.340475
vt 0.047208 0.370389
vt 0.041987 0.361728
vt 0.047208 0.383951
vt 0.041987 0.370389
vt 0.047208 0.386418
vt 0.041987 0.383951
vt 0.047208 0.388652
vt 0.041987 0.386418
vt 0.047208 0.390715
vt 0.041987 0.388652
vt 0.047208 0.392757
vt 0.041987 0.390715
vt 0.047208 0.394629
vt 0.041987 0.392757
vt 0.047208 0.396772
vt 0.041987 0.394629
vt 0.047208 0.399650
vt 0.041987 0.396772
vt 0.047208 0.414818
vt 0.041987 0.399650
vt 0.047208 0.417372
vt 0.041987 0.414818
vt 0.047208 0.419520
vt 0.041987 0.417372
vt 0.047208 0.421891
vt 0.041987 0.419520
vt 0.047208 0.423964
vt 0.041987 0.421891
vt 0.047208 0.426210
vt 0.041987 0.423964
vt 0.047208 0.428204
vt 0.041987 0.426210
vt 0.047208 0.430295
vt 0.041987 0.428204
vt 0.047208 0.431963
vt 0.041987 0.430295
vt 0.047208 0.433842
vt 0.041987 0.431963
vt 0.047208 0.435499
vt 0.041987 0.433842
vt 0.047208 0.437210
vt 0.041987 0.435499
vt 0.047208 0.438877
vt 0.041987 0.437210
vt 0.047208 0.440761
vt 0.041987 0.438877
vt 0.047208 0.442576
vt 0.041987 0.440761
vt 0.047208 0.444429
vt 0.041987 0.442576
vt 0.047208 0.446131
vt 0.041987 0.444429
vt 0.047208 0.448108
vt 0.041987 0.446131
vt 0.047208 0.450051
vt 0.041987 0.448108
vt 0.047208 0.452179
vt 0.041987 0.450051
vt 0.047208 0.454602
vt 0.041987 0.452179
vt 0.047208 0.456849
vt 0.041987 0.454602
vt 0.047208 0.470611
vt 0.041987 0.456849
vt 0.047208 0.472967
vt 0.041987 0.470611
vt 0.047208 0.475028
vt 0.041987 0.472967
vt 0.047208 0.477097
vt 0.041987 0.475028
vt 0.047208 0.479176
vt 0.041987 0.477097
vt 0.047208 0.481270
vt 0.041987 0.479176
vt 0.047208 0.483380
vt 0.041987 0.481270
vt 0.047208 0.485235
vt 0.041987 0.483380
vt 0.047208 0.487625
vt 0.041987 0.485235
vt 0.047208 0.489421
vt 0.041987 0.487625
vt 0.047208 0.491818
vt 0.041987 0.489421
vt 0.047208 0.494092
vt 0.041987 0.491818
vt 0.047208 0.496489
vt 0.041987 0.494092
vt 0.047208 0.498666
vt 0.041987 0.496489
vt 0.047208 0.500910
vt 0.041987 0.498666
vt 0.047208 0.503104
vt 0.041987 0.500910
vt 0.047208 0.505198
vt 0.041987 0.503104
vt 0.047208 0.507453
vt 0.041987 0.505198
vt 0.047208 0.509812
vt 0.041987 0.507453
vt 0.047208 0.512029
vt 0.041987 0.509812
vt 0.047208 0.514213
vt 0.041987 0.512029
vt 0.047208 0.516349
vt 0.041987 0.514213
vt 0.047208 0.518361
vt 0.041987 0.516349
vt 0.047208 0.520727
vt 0.041987 0.518361
vt 0.047208 0.522822
vt 0.041987 0.520727
vt 0.047208 0.525717
vt 0.041987 0.522822
vt 0.047208 0.526814
vt 0.041987 0.525717
vt 0.047208 0.528403
vt 0.041987 0.526814
vt 0.047208 0.530445
vt 0.041987 0.528403
vt 0.047208 0.543397
vt 0.041987 0.530445
vt 0.047208 0.545341
vt 0.041987 0.543397
vt 0.047208 0.547243
vt 0.041987 0.545341
vt 0.047208 0.548992
vt 0.041987 0.547243
vt 0.047208 0.550395
vt 0.041987 0.548992
vt 0.047208 0.552407
vt 0.041987 0.550395
vt 0.047208 0.554537
vt 0.041987 0.552407
vt 0.047208 0.556486
vt 0.041987 0.554537
vt 0.047208 0.558497
vt 0.041987 0.556486
vt 0.047208 0.560788
vt 0.041987 0.558497
vt 0.047208 0.562705
vt 0.041987 0.560788
vt 0.047208 0.564956
vt 0.041987 0.562705
vt 0.047208 0.567221
vt 0.041987 0.564956
vt 0.047208 0.569080
vt 0.041987 0.567221
vt 0.047208 0.571273
vt 0.041987 0.569080
vt 0.047208 0.585316
vt 0.041987 0.571273
vt 0.047208 0.600096
vt 0.041987 0.585316
vt 0.047208 0.613354
vt 0.041987 0.600096
vt 0.047208 0.627132
vt 0.041987 0.613354
vt 0.047208 0.629061
vt 0.041987 0.627132
vt 0.047208 0.631064
vt 0.041987 0.629061
vt 0.047208 0.633170
vt 0.041987 0.631064
vt 0.047208 0.635333
vt 0.041987 0.633170
vt 0.047208 0.637408
vt 0.041987 0.635333
vt 0.047208 0.639477
vt 0.041987 0.637408
vt 0.047208 0.641333
vt 0.041987 0.639477
vt 0.047208 0.642813
vt 0.041987 0.641333
vt 0.076312 0.251114
vt 0.073932 0.246152
vt 0.076312 0.246152
vt 0.076312 0.256078
vt 0.073932 0.251114
vt 0.076312 0.261031
vt 0.073932 0.256078
vt 0.076312 0.265958
vt 0.073932 0.261031
vt 0.076312 0.270846
vt 0.073932 0.265958
vt 0.076312 0.275683
vt 0.073932 0.270846
vt 0.076312 0.281133
vt 0.073932 0.275683
vt 0.076312 0.285763
vt 0.073932 0.281133
vt 0.076312 0.290898
vt 0.073932 0.285763
vt 0.076312 0.295611
vt 0.073932 0.290898
vt 0.076312 0.300304
vt 0.073932 0.295611
vt 0.076312 0.304639
vt 0.073932 0.300304
vt 0.532639 0.027243
vt 0.529287 0.025026
vt 0.532639 0.025026
vt 0.532639 0.030131
vt 0.529287 0.027243
vt 0.532639 0.033568
vt 0.529287 0.030131
vt 0.532639 0.037405
vt 0.529287 0.033568
vt 0.532639 0.041491
vt 0.529287 0.037405
vt 0.532639 0.045679
vt 0.529287 0.041491
vt 0.532639 0.049818
vt 0.529287 0.045679
vt 0.532639 0.053760
vt 0.529287 0.049818
vt 0.532639 0.080348
vt 0.529287 0.053760
vt 0.532639 0.084151
vt 0.529287 0.080348
vt 0.532639 0.087960
vt 0.529287 0.084151
vt 0.532639 0.091772
vt 0.529287 0.087960
vt 0.532639 0.095580
vt 0.529287 0.091772
vt 0.532639 0.099380
vt 0.529287 0.095580
vt 0.532639 0.103166
vt 0.529287 0.099380
vt 0.532639 0.106936
vt 0.529287 0.103166
vt 0.532639 0.110683
vt 0.529287 0.106936
vt 0.532639 0.114410
vt 0.529287 0.110683
vt 0.532639 0.118123
vt 0.529287 0.114410
vt 0.532639 0.121829
vt 0.529287 0.118123
vt 0.532639 0.125535
vt 0.529287 0.121829
vt 0.532639 0.129248
vt 0.529287 0.125535
vt 0.532639 0.132974
vt 0.529287 0.129248
vt 0.532639 0.159220
vt 0.529287 0.132974
vt 0.532639 0.185671
vt 0.529287 0.159220
vt 0.532639 0.212145
vt 0.529287 0.185671
vt 0.532639 0.238620
vt 0.529287 0.212145
vt 0.532639 0.242386
vt 0.529287 0.238620
vt 0.532639 0.246163
vt 0.529287 0.242386
vt 0.532639 0.249937
vt 0.529287 0.246163
vt 0.532639 0.253694
vt 0.529287 0.249937
vt 0.532639 0.257423
vt 0.529287 0.253694
vt 0.532639 0.261109
vt 0.529287 0.257423
vt 0.532639 0.264739
vt 0.529287 0.261109
vt 0.532639 0.268298
vt 0.529287 0.264739
vt 0.532639 0.271790
vt 0.529287 0.268298
vt 0.532639 0.275238
vt 0.529287 0.271790
vt 0.532639 0.278662
vt 0.529287 0.275238
vt 0.532639 0.282082
vt 0.529287 0.278662
vt 0.532639 0.285520
vt 0.529287 0.282082
vt 0.532639 0.288996
vt 0.529287 0.285520
vt 0.532639 0.292494
vt 0.529287 0.288996
vt 0.532639 0.295990
vt 0.529287 0.292494
vt 0.532639 0.299494
vt 0.529287 0.295990
vt 0.532639 0.303014
vt 0.529287 0.299494
vt 0.532639 0.306562
vt 0.529287 0.303014
vt 0.532639 0.310147
vt 0.529287 0.306562
vt 0.532639 0.313779
vt 0.529287 0.310147
vt 0.532639 0.317473
vt 0.529287 0.313779
vt 0.532639 0.321225
vt 0.529287 0.317473
vt 0.532639 0.325017
vt 0.529287 0.321225
vt 0.532639 0.328831
vt 0.529287 0.325017
vt 0.532639 0.332649
vt 0.529287 0.328831
vt 0.532639 0.336453
vt 0.529287 0.332649
vt 0.532639 0.340227
vt 0.529287 0.336453
vt 0.532639 0.343969
vt 0.529287 0.340227
vt 0.532639 0.347696
vt 0.529287 0.343969
vt 0.532639 0.351413
vt 0.529287 0.347696
vt 0.532639 0.355127
vt 0.529287 0.351413
vt 0.532639 0.358843
vt 0.529287 0.355127
vt 0.532639 0.362567
vt 0.529287 0.358843
vt 0.532639 0.366306
vt 0.529287 0.362567
vt 0.532639 0.370057
vt 0.529287 0.366306
vt 0.532639 0.373816
vt 0.529287 0.370057
vt 0.532639 0.377581
vt 0.529287 0.373816
vt 0.532639 0.381352
vt 0.529287 0.377581
vt 0.532639 0.385127
vt 0.529287 0.381352
vt 0.532639 0.388905
vt 0.529287 0.385127
vt 0.532639 0.392684
vt 0.529287 0.388905
vt 0.532639 0.419219
vt 0.529287 0.392684
vt 0.532639 0.445786
vt 0.529287 0.419219
vt 0.532639 0.449579
vt 0.529287 0.445786
vt 0.532639 0.453407
vt 0.529287 0.449579
vt 0.532639 0.457237
vt 0.529287 0.453407
vt 0.532639 0.461036
vt 0.529287 0.457237
vt 0.532639 0.464774
vt 0.529287 0.461036
vt 0.532639 0.468416
vt 0.529287 0.464774
vt 0.532639 0.471932
vt 0.529287 0.468416
vt 0.532639 0.475322
vt 0.529287 0.471932
vt 0.532639 0.480141
vt 0.529287 0.475322
vt 0.532639 0.490866
vt 0.529287 0.480141
vt 0.532639 0.492616
vt 0.529287 0.490866
vt 0.532639 0.493816
vt 0.529287 0.492616
vt 0.532639 0.494526
vt 0.529287 0.493816
vt 0.532639 0.494990
vt 0.529287 0.494526
vt 0.532639 0.496902
vt 0.529287 0.494990
vt 0.532639 0.499828
vt 0.529287 0.496902
vt 0.532639 0.502705
vt 0.529287 0.499828
vt 0.525411 0.579331
vt 0.528783 0.582385
vt 0.525411 0.582385
vt 0.525411 0.576057
vt 0.528783 0.579331
vt 0.525411 0.572770
vt 0.528783 0.576057
vt 0.525411 0.569678
vt 0.528783 0.572770
vt 0.525411 0.566712
vt 0.528783 0.569678
vt 0.525411 0.563665
vt 0.528783 0.566712
vt 0.525411 0.560536
vt 0.528783 0.563665
vt 0.525411 0.557325
vt 0.528783 0.560536
vt 0.525411 0.554031
vt 0.528783 0.557325
vt 0.525411 0.550652
vt 0.528783 0.554031
vt 0.525411 0.547189
vt 0.528783 0.550652
vt 0.525411 0.543589
vt 0.528783 0.547189
vt 0.525414 0.539835
vt 0.528783 0.543589
vt 0.525414 0.535980
vt 0.528783 0.539835
vt 0.525414 0.532076
vt 0.528783 0.535980
vt 0.525414 0.528175
vt 0.528783 0.532076
vt 0.525414 0.524329
vt 0.528783 0.528175
vt 0.525414 0.520588
vt 0.528783 0.524329
vt 0.525414 0.516969
vt 0.528783 0.520588
vt 0.525414 0.513427
vt 0.528783 0.516969
vt 0.525414 0.509933
vt 0.528783 0.513427
vt 0.525414 0.506456
vt 0.528783 0.509933
vt 0.525414 0.502965
vt 0.528783 0.506456
vt 0.525414 0.499429
vt 0.528783 0.502965
vt 0.525414 0.495817
vt 0.528783 0.499429
vt 0.525414 0.492177
vt 0.528783 0.495817
vt 0.525414 0.488551
vt 0.528783 0.492177
vt 0.525414 0.484903
vt 0.528783 0.488551
vt 0.525414 0.481195
vt 0.528783 0.484903
vt 0.525414 0.477392
vt 0.528783 0.481195
vt 0.525414 0.473456
vt 0.528783 0.477392
vt 0.525414 0.469350
vt 0.528783 0.473456
vt 0.525414 0.464971
vt 0.528783 0.469350
vt 0.525414 0.460320
vt 0.528783 0.464971
vt 0.525414 0.455510
vt 0.528783 0.460320
vt 0.525414 0.450656
vt 0.528783 0.455510
vt 0.525414 0.445871
vt 0.528783 0.450656
vt 0.525414 0.441271
vt 0.528783 0.445871
vt 0.528783 0.441271
vt 0.019055 0.249227
vt 0.016642 0.243321
vt 0.019055 0.243321
vt 0.019055 0.254785
vt 0.016642 0.249227
vt 0.019055 0.260106
vt 0.016642 0.254785
vt 0.019055 0.265247
vt 0.016642 0.260106
vt 0.019055 0.270279
vt 0.016642 0.265247
vt 0.019055 0.275273
vt 0.016642 0.270279
vt 0.019055 0.280554
vt 0.016642 0.275273
vt 0.019055 0.285403
vt 0.016642 0.280554
vt 0.019055 0.289344
vt 0.016641 0.285403
vt 0.019055 0.293942
vt 0.016641 0.289344
vt 0.019055 0.299021
vt 0.016641 0.293942
vt 0.019055 0.304248
vt 0.016641 0.299021
vt 0.019055 0.309317
vt 0.016641 0.304248
vt 0.019055 0.314246
vt 0.016641 0.309317
vt 0.019055 0.319278
vt 0.016641 0.314246
vt 0.019055 0.324370
vt 0.016641 0.319278
vt 0.019055 0.329510
vt 0.016641 0.324370
vt 0.019055 0.334680
vt 0.016641 0.329510
vt 0.019055 0.339868
vt 0.016641 0.334680
vt 0.019055 0.345057
vt 0.016641 0.339868
vt 0.019055 0.350232
vt 0.016641 0.345057
vt 0.019055 0.355393
vt 0.016641 0.350232
vt 0.019055 0.360553
vt 0.016641 0.355393
vt 0.019055 0.365717
vt 0.016641 0.360553
vt 0.019055 0.370891
vt 0.016641 0.365717
vt 0.019055 0.376083
vt 0.016641 0.370891
vt 0.019055 0.381297
vt 0.016641 0.376083
vt 0.019055 0.386541
vt 0.016641 0.381297
vt 0.019055 0.423867
vt 0.016641 0.386541
vt 0.019055 0.461185
vt 0.016641 0.423867
vt 0.019055 0.498351
vt 0.016641 0.461185
vt 0.019055 0.534752
vt 0.016641 0.498351
vt 0.019055 0.540079
vt 0.016641 0.534752
vt 0.019055 0.545329
vt 0.016641 0.540079
vt 0.019055 0.550814
vt 0.016641 0.545329
vt 0.019055 0.555931
vt 0.016641 0.550814
vt 0.019055 0.561298
vt 0.016641 0.555931
vt 0.019055 0.566346
vt 0.016641 0.561298
vt 0.019055 0.571438
vt 0.016641 0.566346
vt 0.019055 0.576447
vt 0.016641 0.571438
vt 0.019055 0.582052
vt 0.016641 0.576447
vt 0.019055 0.587107
vt 0.016641 0.582052
vt 0.019055 0.592602
vt 0.016641 0.587107
vt 0.019055 0.596393
vt 0.016641 0.592602
vt 0.019055 0.601314
vt 0.016641 0.596393
vt 0.019055 0.605151
vt 0.016641 0.601314
vt 0.019055 0.609606
vt 0.016641 0.605151
vt 0.019055 0.613916
vt 0.016641 0.609606
vt 0.019055 0.618129
vt 0.016641 0.613916
vt 0.019055 0.622302
vt 0.016641 0.618129
vt 0.019055 0.626485
vt 0.016641 0.622302
vt 0.019055 0.630734
vt 0.016641 0.626485
vt 0.019055 0.636113
vt 0.016641 0.630734
vt 0.019055 0.639922
vt 0.016641 0.636113
vt 0.019055 0.643791
vt 0.016641 0.639922
vt 0.019055 0.647692
vt 0.016641 0.643791
vt 0.019055 0.652438
vt 0.016641 0.647692
vt 0.019055 0.657551
vt 0.016641 0.652438
vt 0.019055 0.662519
vt 0.016641 0.657551
vt 0.019055 0.667340
vt 0.016641 0.662519
vt 0.019055 0.672396
vt 0.016641 0.667340
vt 0.019055 0.677722
vt 0.016641 0.672396
vt 0.019055 0.683172
vt 0.016641 0.677722
vt 0.019055 0.688601
vt 0.016641 0.683172
vt 0.019055 0.693865
vt 0.016641 0.688601
vt 0.019055 0.698818
vt 0.016641 0.693865
vt 0.019055 0.703314
vt 0.016641 0.698818
vt 0.019055 0.706353
vt 0.016641 0.703314
vt 0.060714 0.105957
vt 0.058212 0.103082
vt 0.060714 0.103082
vt 0.060714 0.106884
vt 0.058212 0.105957
vt 0.060714 0.117837
vt 0.058212 0.106884
vt 0.060714 0.122999
vt 0.058212 0.117837
vt 0.060714 0.128184
vt 0.058212 0.122999
vt 0.060714 0.133379
vt 0.058212 0.128184
vt 0.060714 0.138663
vt 0.058212 0.133379
vt 0.060714 0.143651
vt 0.058212 0.138663
vt 0.060714 0.148874
vt 0.058212 0.143651
vt 0.060714 0.154707
vt 0.058212 0.148874
vt 0.060714 0.159296
vt 0.058212 0.154707
vt 0.060714 0.165495
vt 0.058212 0.159296
vt 0.060714 0.170424
vt 0.058212 0.165495
vt 0.060714 0.175108
vt 0.058212 0.170424
vt 0.060714 0.179614
vt 0.058212 0.175108
vt 0.060714 0.183966
vt 0.058212 0.179614
vt 0.060714 0.188188
vt 0.058212 0.183966
vt 0.060714 0.192304
vt 0.058212 0.188188
vt 0.060714 0.196335
vt 0.058212 0.192304
vt 0.060714 0.200307
vt 0.058212 0.196335
vt 0.060714 0.204178
vt 0.058212 0.200307
vt 0.016312 0.015239
vt 0.013935 0.010043
vt 0.016312 0.010043
vt 0.016312 0.020571
vt 0.013935 0.015239
vt 0.016312 0.025774
vt 0.013935 0.020571
vt 0.016312 0.031059
vt 0.013935 0.025774
vt 0.016312 0.036332
vt 0.013935 0.031059
vt 0.016312 0.041579
vt 0.013935 0.036332
vt 0.016312 0.078178
vt 0.013935 0.041579
vt 0.016312 0.083215
vt 0.013935 0.078178
vt 0.016312 0.088603
vt 0.013935 0.083215
vt 0.016312 0.094158
vt 0.013935 0.088603
vt 0.016312 0.099083
vt 0.013935 0.094158
vt 0.016312 0.103860
vt 0.013935 0.099083
vt 0.016312 0.109172
vt 0.013935 0.103860
vt 0.016312 0.114379
vt 0.013935 0.109172
vt 0.016312 0.150994
vt 0.013935 0.114379
vt 0.016312 0.187745
vt 0.013935 0.150994
vt 0.016312 0.224541
vt 0.013935 0.187745
vt 0.016312 0.261293
vt 0.013935 0.224541
vt 0.016311 0.297999
vt 0.013935 0.261293
vt 0.016311 0.334789
vt 0.013935 0.297999
vt 0.016311 0.371508
vt 0.013935 0.334789
vt 0.016311 0.408306
vt 0.013935 0.371508
vt 0.016311 0.413365
vt 0.013935 0.408306
vt 0.016311 0.420001
vt 0.013935 0.413365
vt 0.016311 0.424818
vt 0.013935 0.420001
vt 0.016311 0.429592
vt 0.013935 0.424818
vt 0.016311 0.434071
vt 0.013935 0.429592
vt 0.016311 0.438246
vt 0.013935 0.434071
vt 0.016311 0.442837
vt 0.013935 0.438246
vt 0.016311 0.447943
vt 0.013935 0.442837
vt 0.016311 0.453345
vt 0.013935 0.447943
vt 0.016311 0.458810
vt 0.013935 0.453345
vt 0.016311 0.464103
vt 0.013935 0.458810
vt 0.016311 0.468989
vt 0.013935 0.464103
vt 0.016311 0.473234
vt 0.013935 0.468989
vt 0.016311 0.476603
vt 0.013935 0.473234
vt 0.033520 0.025726
vt 0.031040 0.021289
vt 0.033520 0.021289
vt 0.033520 0.030449
vt 0.031040 0.025726
vt 0.033520 0.035388
vt 0.031040 0.030449
vt 0.033520 0.040471
vt 0.031040 0.035388
vt 0.033520 0.045630
vt 0.031040 0.040471
vt 0.033520 0.050791
vt 0.031040 0.045630
vt 0.033520 0.055885
vt 0.031040 0.050791
vt 0.033520 0.091800
vt 0.031040 0.055885
vt 0.033520 0.126884
vt 0.031040 0.091800
vt 0.033520 0.161803
vt 0.031040 0.126884
vt 0.033520 0.196871
vt 0.031040 0.161803
vt 0.033520 0.201696
vt 0.031040 0.196871
vt 0.033520 0.206763
vt 0.031040 0.201696
vt 0.033520 0.211844
vt 0.031040 0.206763
vt 0.033520 0.216897
vt 0.031040 0.211844
vt 0.033520 0.221883
vt 0.031040 0.216897
vt 0.033520 0.226763
vt 0.031040 0.221883
vt 0.033520 0.231498
vt 0.031040 0.226763
vt 0.033520 0.237271
vt 0.031040 0.231498
vt 0.033520 0.240584
vt 0.031040 0.237271
vt 0.033520 0.244646
vt 0.031040 0.240584
vt 0.033520 0.248993
vt 0.031040 0.244646
vt 0.033520 0.253875
vt 0.031040 0.248993
vt 0.033520 0.258069
vt 0.031040 0.253875
vt 0.033520 0.262036
vt 0.031040 0.258069
vt 0.033520 0.266090
vt 0.031040 0.262036
vt 0.033520 0.270384
vt 0.031040 0.266090
vt 0.033520 0.274677
vt 0.031040 0.270384
vt 0.033520 0.279004
vt 0.031040 0.274677
vt 0.033520 0.283400
vt 0.031040 0.279004
vt 0.033520 0.287902
vt 0.031040 0.283400
vt 0.033520 0.292546
vt 0.031040 0.287902
vt 0.033520 0.297342
vt 0.031040 0.292546
vt 0.033520 0.302765
vt 0.031040 0.297342
vt 0.033520 0.308119
vt 0.031040 0.302765
vt 0.033520 0.313160
vt 0.031040 0.308119
vt 0.033520 0.317493
vt 0.031040 0.313160
vt 0.033520 0.322914
vt 0.031040 0.317493
vt 0.033520 0.327919
vt 0.031040 0.322914
vt 0.033520 0.365585
vt 0.031040 0.327919
vt 0.033520 0.370292
vt 0.031040 0.365585
vt 0.033520 0.376242
vt 0.031040 0.370292
vt 0.033520 0.380517
vt 0.031040 0.376242
vt 0.033520 0.387840
vt 0.031040 0.380517
vt 0.033520 0.390643
vt 0.031040 0.387840
vt 0.033520 0.395693
vt 0.031040 0.390643
vt 0.033520 0.400750
vt 0.031040 0.395693
vt 0.033520 0.405827
vt 0.031040 0.400750
vt 0.033520 0.410920
vt 0.031040 0.405827
vt 0.033520 0.416012
vt 0.031040 0.410920
vt 0.033520 0.421084
vt 0.031040 0.416012
vt 0.033520 0.426117
vt 0.031040 0.421084
vt 0.033520 0.431094
vt 0.031040 0.426117
vt 0.033520 0.435996
vt 0.031040 0.431094
vt 0.033520 0.440855
vt 0.031040 0.435996
vt 0.033520 0.445699
vt 0.031040 0.440855
vt 0.033520 0.450501
vt 0.031040 0.445699
vt 0.033520 0.455235
vt 0.031040 0.450501
vt 0.033520 0.459875
vt 0.031040 0.455235
vt 0.033520 0.464395
vt 0.031040 0.459875
vt 0.033520 0.468768
vt 0.031040 0.464395
vt 0.033520 0.472926
vt 0.031040 0.468768
vt 0.033520 0.476873
vt 0.031040 0.472926
vt 0.036262 0.026648
vt 0.033850 0.021289
vt 0.036262 0.021289
vt 0.036262 0.032609
vt 0.033850 0.026648
vt 0.036262 0.038289
vt 0.033850 0.032609
vt 0.036262 0.043633
vt 0.033850 0.038289
vt 0.036262 0.049001
vt 0.033850 0.043633
vt 0.036262 0.054158
vt 0.033850 0.049001
vt 0.036262 0.059278
vt 0.033850 0.054158
vt 0.036262 0.064368
vt 0.033850 0.059278
vt 0.036262 0.069435
vt 0.033850 0.064368
vt 0.036262 0.074486
vt 0.033850 0.069435
vt 0.036262 0.079526
vt 0.033850 0.074486
vt 0.036262 0.084561
vt 0.033850 0.079526
vt 0.036262 0.089566
vt 0.033850 0.084561
vt 0.036262 0.094526
vt 0.033850 0.089566
vt 0.036262 0.099467
vt 0.033850 0.094526
vt 0.036262 0.104409
vt 0.033850 0.099467
vt 0.036262 0.109380
vt 0.033850 0.104409
vt 0.036262 0.115509
vt 0.033850 0.109380
vt 0.036262 0.119496
vt 0.033850 0.115509
vt 0.036262 0.124679
vt 0.033850 0.119496
vt 0.036262 0.129934
vt 0.033850 0.124679
vt 0.036262 0.135239
vt 0.033850 0.129934
vt 0.036262 0.140572
vt 0.033850 0.135239
vt 0.036262 0.145911
vt 0.033850 0.140572
vt 0.036262 0.151562
vt 0.033850 0.145911
vt 0.036262 0.156713
vt 0.033850 0.151562
vt 0.036262 0.161789
vt 0.033850 0.156713
vt 0.036262 0.167145
vt 0.033850 0.161789
vt 0.036262 0.172345
vt 0.033850 0.167145
vt 0.036262 0.177603
vt 0.033850 0.172345
vt 0.036262 0.182828
vt 0.033850 0.177603
vt 0.036262 0.188005
vt 0.033850 0.182828
vt 0.036262 0.193120
vt 0.033850 0.188005
vt 0.036262 0.198146
vt 0.033850 0.193120
vt 0.036262 0.203088
vt 0.033850 0.198146
vt 0.036262 0.207977
vt 0.033850 0.203088
vt 0.036262 0.212843
vt 0.033850 0.207977
vt 0.036262 0.217720
vt 0.033850 0.212843
vt 0.036262 0.222637
vt 0.033850 0.217720
vt 0.036262 0.227628
vt 0.033850 0.222637
vt 0.036262 0.232687
vt 0.033850 0.227628
vt 0.036262 0.237784
vt 0.033850 0.232687
vt 0.036262 0.242913
vt 0.033850 0.237784
vt 0.036262 0.248070
vt 0.033850 0.242913
vt 0.036262 0.253248
vt 0.033850 0.248070
vt 0.036262 0.258440
vt 0.033850 0.253248
vt 0.036262 0.263642
vt 0.033850 0.258440
vt 0.036262 0.268605
vt 0.033850 0.263642
vt 0.036262 0.271451
vt 0.033850 0.268605
vt 0.036262 0.279473
vt 0.033850 0.271451
vt 0.036262 0.284783
vt 0.033850 0.279473
vt 0.036262 0.290072
vt 0.033850 0.284783
vt 0.036262 0.298326
vt 0.033850 0.290072
vt 0.036262 0.300473
vt 0.033850 0.298326
vt 0.036262 0.305176
vt 0.033850 0.300473
vt 0.036262 0.310429
vt 0.033850 0.305176
vt 0.036262 0.315507
vt 0.033850 0.310429
vt 0.036262 0.320438
vt 0.033850 0.315507
vt 0.036262 0.325386
vt 0.033850 0.320438
vt 0.036262 0.330391
vt 0.033850 0.325386
vt 0.036262 0.335465
vt 0.033850 0.330391
vt 0.036262 0.340658
vt 0.033850 0.335465
vt 0.036262 0.345453
vt 0.033850 0.340658
vt 0.036262 0.351217
vt 0.033850 0.345453
vt 0.036262 0.356792
vt 0.033850 0.351217
vt 0.036262 0.362160
vt 0.033850 0.356792
vt 0.036262 0.367214
vt 0.033850 0.362160
vt 0.036262 0.372368
vt 0.033850 0.367214
vt 0.036262 0.377405
vt 0.033850 0.372368
vt 0.036262 0.382356
vt 0.033850 0.377405
vt 0.036262 0.389964
vt 0.033850 0.382356
vt 0.036262 0.392763
vt 0.033850 0.389964
vt 0.036262 0.397348
vt 0.033850 0.392763
vt 0.036262 0.402625
vt 0.033850 0.397348
vt 0.036262 0.407285
vt 0.033850 0.402625
vt 0.036262 0.440628
vt 0.033850 0.407285
vt 0.036262 0.446376
vt 0.033850 0.440628
vt 0.036262 0.451363
vt 0.033850 0.446376
vt 0.036262 0.456356
vt 0.033850 0.451363
vt 0.036262 0.461350
vt 0.033850 0.456356
vt 0.036262 0.466343
vt 0.033850 0.461350
vt 0.036262 0.471329
vt 0.033850 0.466343
vt 0.036262 0.476304
vt 0.033850 0.471329
vt 0.036262 0.481264
vt 0.033850 0.476304
vt 0.036262 0.486211
vt 0.033850 0.481264
vt 0.036262 0.491149
vt 0.033850 0.486211
vt 0.036262 0.496089
vt 0.033850 0.491149
vt 0.036262 0.501033
vt 0.033850 0.496089
vt 0.036262 0.506313
vt 0.033850 0.501033
vt 0.036262 0.511493
vt 0.033850 0.506313
vt 0.036262 0.515948
vt 0.033850 0.511493
vt 0.036262 0.520936
vt 0.033850 0.515948
vt 0.036262 0.525928
vt 0.033850 0.520936
vt 0.036262 0.530936
vt 0.033850 0.525928
vt 0.036262 0.535968
vt 0.033850 0.530936
vt 0.036262 0.541036
vt 0.033850 0.535968
vt 0.036262 0.546145
vt 0.033850 0.541036
vt 0.036262 0.551328
vt 0.033850 0.546145
vt 0.036262 0.556587
vt 0.033850 0.551328
vt 0.036262 0.561887
vt 0.033850 0.556587
vt 0.036262 0.567197
vt 0.033850 0.561887
vt 0.036262 0.572482
vt 0.033850 0.567197
vt 0.036262 0.577708
vt 0.033850 0.572482
vt 0.036262 0.582842
vt 0.033850 0.577708
vt 0.036262 0.587921
vt 0.033850 0.582842
vt 0.036262 0.592986
vt 0.033850 0.587921
vt 0.036262 0.598011
vt 0.033850 0.592986
vt 0.036262 0.602974
vt 0.033850 0.598011
vt 0.036262 0.607847
vt 0.033850 0.602974
vt 0.036262 0.612607
vt 0.033850 0.607847
vt 0.036262 0.617230
vt 0.033850 0.612607
vt 0.036262 0.621861
vt 0.033850 0.617230
vt 0.036262 0.626574
vt 0.033850 0.621861
vt 0.036262 0.631228
vt 0.033850 0.626574
vt 0.036262 0.635683
vt 0.033850 0.631228
vt 0.036262 0.639802
vt 0.033850 0.635683
vt 0.036262 0.643442
vt 0.033850 0.639802
vt 0.063564 0.107380
vt 0.061044 0.102627
vt 0.063564 0.102627
vt 0.063564 0.112186
vt 0.061044 0.107380
vt 0.063564 0.117031
vt 0.061044 0.112186
vt 0.063564 0.121904
vt 0.061044 0.117031
vt 0.063564 0.126794
vt 0.061044 0.121904
vt 0.063564 0.131691
vt 0.061044 0.126794
vt 0.063564 0.136585
vt 0.061044 0.131691
vt 0.063564 0.141466
vt 0.061044 0.136585
vt 0.063564 0.175558
vt 0.061044 0.141466
vt 0.063564 0.180883
vt 0.061044 0.175558
vt 0.063564 0.186754
vt 0.061044 0.180883
vt 0.063564 0.192771
vt 0.061044 0.186754
vt 0.063564 0.198535
vt 0.061044 0.192771
vt 0.063564 0.203647
vt 0.061044 0.198535
vt 0.063564 0.207708
vt 0.061044 0.203647
vt 0.063346 0.036101
vt 0.060931 0.032551
vt 0.063346 0.032551
vt 0.063346 0.038646
vt 0.060931 0.036101
vt 0.076312 0.421885
vt 0.073701 0.419086
vt 0.076312 0.419086
vt 0.076312 0.424779
vt 0.073701 0.421885
vt 0.076312 0.427780
vt 0.073701 0.424779
vt 0.076312 0.430903
vt 0.073701 0.427780
vt 0.076312 0.434161
vt 0.073701 0.430903
vt 0.076312 0.437940
vt 0.073701 0.434161
vt 0.076312 0.441478
vt 0.073701 0.437940
vt 0.079033 0.026216
vt 0.076642 0.021793
vt 0.079033 0.021793
vt 0.079033 0.032128
vt 0.076642 0.026216
vt 0.079033 0.037729
vt 0.076642 0.032128
vt 0.079033 0.043237
vt 0.076642 0.037729
vt 0.079033 0.048836
vt 0.076642 0.043237
vt 0.079033 0.054155
vt 0.076642 0.048836
vt 0.079033 0.059490
vt 0.076642 0.054155
vt 0.079033 0.064412
vt 0.076642 0.059490
vt 0.079033 0.069704
vt 0.076642 0.064412
vt 0.079033 0.074992
vt 0.076642 0.069704
vt 0.079033 0.080274
vt 0.076642 0.074992
vt 0.079033 0.085545
vt 0.076642 0.080274
vt 0.079033 0.090798
vt 0.076642 0.085545
vt 0.079033 0.096455
vt 0.076642 0.090798
vt 0.079033 0.101595
vt 0.076642 0.096455
vt 0.079033 0.106801
vt 0.076642 0.101595
vt 0.079033 0.111934
vt 0.076642 0.106801
vt 0.079033 0.116880
vt 0.076642 0.111934
vt 0.079033 0.122064
vt 0.076642 0.116880
vt 0.079033 0.127258
vt 0.076642 0.122064
vt 0.079033 0.132441
vt 0.076642 0.127258
vt 0.079033 0.137611
vt 0.076642 0.132441
vt 0.079033 0.142774
vt 0.076642 0.137611
vt 0.079033 0.147938
vt 0.076642 0.142774
vt 0.079033 0.153111
vt 0.076642 0.147938
vt 0.079033 0.158301
vt 0.076642 0.153111
vt 0.079033 0.163517
vt 0.076642 0.158301
vt 0.079033 0.200486
vt 0.076642 0.163517
vt 0.079033 0.237222
vt 0.076642 0.200486
vt 0.079033 0.273600
vt 0.076642 0.237222
vt 0.079033 0.310214
vt 0.076642 0.273600
vt 0.079033 0.346564
vt 0.076642 0.310214
vt 0.079033 0.351794
vt 0.076642 0.346564
vt 0.079033 0.357038
vt 0.076642 0.351794
vt 0.079033 0.362287
vt 0.076642 0.357038
vt 0.079033 0.367532
vt 0.076642 0.362287
vt 0.079033 0.372763
vt 0.076642 0.367532
vt 0.079033 0.377968
vt 0.076642 0.372763
vt 0.079033 0.383140
vt 0.076642 0.377968
vt 0.079033 0.388275
vt 0.076642 0.383140
vt 0.079033 0.393382
vt 0.076642 0.388275
vt 0.079033 0.398465
vt 0.076642 0.393382
vt 0.079033 0.403531
vt 0.076642 0.398465
vt 0.079033 0.408585
vt 0.076642 0.403531
vt 0.079033 0.413632
vt 0.076642 0.408585
vt 0.079033 0.418677
vt 0.076642 0.413632
vt 0.079033 0.423922
vt 0.076642 0.418677
vt 0.079033 0.429429
vt 0.076642 0.423922
vt 0.079033 0.434995
vt 0.076642 0.429429
vt 0.079033 0.440416
vt 0.076642 0.434995
vt 0.079033 0.445491
vt 0.076642 0.440416
vt 0.079033 0.450017
vt 0.076642 0.445491
vt 0.079033 0.453789
vt 0.076642 0.450017
vt 0.057865 0.663705
vt 0.054401 0.660301
vt 0.057865 0.660301
vt 0.057865 0.667186
vt 0.054401 0.663705
vt 0.057865 0.670727
vt 0.054401 0.667186
vt 0.057865 0.674309
vt 0.054401 0.670727
vt 0.057865 0.677917
vt 0.054401 0.674309
vt 0.057865 0.681533
vt 0.054401 0.677917
vt 0.057865 0.685141
vt 0.054401 0.681533
vt 0.057865 0.688753
vt 0.054401 0.685141
vt 0.057865 0.692389
vt 0.054401 0.688753
vt 0.057865 0.696042
vt 0.054401 0.692389
vt 0.057865 0.699704
vt 0.054401 0.696042
vt 0.057865 0.703366
vt 0.054401 0.699704
vt 0.057865 0.707021
vt 0.054401 0.703366
vt 0.057865 0.710660
vt 0.054401 0.707021
vt 0.057865 0.714295
vt 0.054401 0.710660
vt 0.057865 0.717939
vt 0.054401 0.714295
vt 0.057865 0.721581
vt 0.054401 0.717939
vt 0.057865 0.725212
vt 0.054401 0.721581
vt 0.057865 0.728822
vt 0.054401 0.725212
vt 0.057865 0.732400
vt 0.054401 0.728822
vt 0.057865 0.735937
vt 0.054401 0.732400
vt 0.057865 0.739572
vt 0.054401 0.735937
vt 0.057865 0.743360
vt 0.054401 0.739572
vt 0.057865 0.747165
vt 0.054401 0.743360
vt 0.057865 0.750852
vt 0.054401 0.747165
vt 0.057865 0.754284
vt 0.054401 0.750852
vt 0.057865 0.757327
vt 0.054401 0.754284
vt 0.057865 0.759845
vt 0.054401 0.757327
vt 0.076312 0.362056
vt 0.073864 0.357164
vt 0.076312 0.357164
vt 0.076312 0.367201
vt 0.073864 0.362056
vt 0.076312 0.372385
vt 0.073864 0.367201
vt 0.076312 0.377393
vt 0.073864 0.372385
vt 0.076312 0.382011
vt 0.073864 0.377393
vt 0.076312 0.386021
vt 0.073864 0.382011
vt 0.076312 0.389211
vt 0.073864 0.386021
vt 0.076312 0.391429
vt 0.073864 0.389211
vt 0.076312 0.392820
vt 0.073864 0.391429
vt 0.081777 0.407703
vt 0.079399 0.406403
vt 0.081777 0.406403
vt 0.081777 0.408556
vt 0.079399 0.407703
vt 0.081777 0.408913
vt 0.079399 0.408556
vt 0.076312 0.393508
vt 0.073804 0.392974
vt 0.076312 0.392974
vt 0.076312 0.395012
vt 0.073804 0.393508
vt 0.076312 0.397607
vt 0.073804 0.395012
vt 0.076312 0.401053
vt 0.073804 0.397607
vt 0.076312 0.405129
vt 0.073804 0.401053
vt 0.076312 0.409610
vt 0.073804 0.405129
vt 0.076312 0.414274
vt 0.073804 0.409610
vt 0.076312 0.418898
vt 0.073804 0.414274
vt 0.524876 0.027462
vt 0.521536 0.025026
vt 0.524876 0.025026
vt 0.524876 0.030427
vt 0.521536 0.027462
vt 0.524876 0.034042
vt 0.521536 0.030427
vt 0.524876 0.037987
vt 0.521536 0.034042
vt 0.524876 0.042004
vt 0.521536 0.037987
vt 0.524876 0.045884
vt 0.521536 0.042004
vt 0.524876 0.049858
vt 0.521536 0.045884
vt 0.524876 0.053559
vt 0.521536 0.049858
vt 0.524876 0.058231
vt 0.521536 0.053559
vt 0.524876 0.061747
vt 0.521536 0.058231
vt 0.524876 0.069167
vt 0.521536 0.061747
vt 0.524876 0.070816
vt 0.521536 0.069167
vt 0.524876 0.072602
vt 0.521536 0.070816
vt 0.524876 0.073610
vt 0.521536 0.072602
vt 0.524876 0.076642
vt 0.521536 0.073610
vt 0.524876 0.080196
vt 0.521536 0.076642
vt 0.524876 0.083837
vt 0.521536 0.080196
vt 0.524876 0.087544
vt 0.521536 0.083837
vt 0.524876 0.091295
vt 0.521536 0.087544
vt 0.524876 0.095067
vt 0.521536 0.091295
vt 0.524876 0.098838
vt 0.521536 0.095067
vt 0.524876 0.102586
vt 0.521536 0.098838
vt 0.524876 0.128847
vt 0.521536 0.102586
vt 0.524876 0.155110
vt 0.521536 0.128847
vt 0.524876 0.181523
vt 0.521536 0.155110
vt 0.524876 0.208026
vt 0.521536 0.181523
vt 0.524876 0.234528
vt 0.521536 0.208026
vt 0.524876 0.260970
vt 0.521536 0.234528
vt 0.524876 0.287455
vt 0.521536 0.260970
vt 0.524876 0.313961
vt 0.521536 0.287455
vt 0.524876 0.340350
vt 0.521536 0.313961
vt 0.524876 0.344118
vt 0.521536 0.340350
vt 0.524876 0.347893
vt 0.521536 0.344118
vt 0.524876 0.351669
vt 0.521536 0.347893
vt 0.524876 0.355438
vt 0.521536 0.351669
vt 0.524876 0.359196
vt 0.521536 0.355438
vt 0.524876 0.362935
vt 0.521536 0.359196
vt 0.524876 0.366651
vt 0.521536 0.362935
vt 0.524876 0.370334
vt 0.521536 0.366651
vt 0.524876 0.373965
vt 0.521536 0.370334
vt 0.524876 0.377449
vt 0.521536 0.373965
vt 0.524876 0.381244
vt 0.521536 0.377449
vt 0.524876 0.384871
vt 0.521536 0.381244
vt 0.524876 0.388510
vt 0.521536 0.384871
vt 0.524876 0.392232
vt 0.521536 0.388510
vt 0.524876 0.395903
vt 0.521536 0.392232
vt 0.524876 0.399692
vt 0.521536 0.395903
vt 0.524876 0.403251
vt 0.521536 0.399692
vt 0.524876 0.407278
vt 0.521536 0.403251
vt 0.524876 0.410841
vt 0.521536 0.407278
vt 0.524876 0.414504
vt 0.521536 0.410841
vt 0.524876 0.418161
vt 0.521536 0.414504
vt 0.524876 0.444436
vt 0.521536 0.418161
vt 0.524876 0.470712
vt 0.521536 0.444436
vt 0.524876 0.497041
vt 0.521536 0.470712
vt 0.524876 0.523543
vt 0.521536 0.497041
vt 0.524876 0.550046
vt 0.521536 0.523543
vt 0.524876 0.553826
vt 0.521536 0.550046
vt 0.524876 0.557542
vt 0.521536 0.553826
vt 0.524876 0.561160
vt 0.521536 0.557542
vt 0.524876 0.564843
vt 0.521536 0.561160
vt 0.524876 0.568733
vt 0.521536 0.564843
vt 0.524876 0.572700
vt 0.521536 0.568733
vt 0.524876 0.576460
vt 0.521536 0.572700
vt 0.524876 0.602712
vt 0.521536 0.576460
vt 0.524876 0.629067
vt 0.521536 0.602712
vt 0.524876 0.632841
vt 0.521536 0.629067
vt 0.524876 0.636618
vt 0.521536 0.632841
vt 0.524876 0.640396
vt 0.521536 0.636618
vt 0.524876 0.644170
vt 0.521536 0.640396
vt 0.524876 0.647937
vt 0.521536 0.644170
vt 0.524876 0.651692
vt 0.521536 0.647937
vt 0.524876 0.655431
vt 0.521536 0.651692
vt 0.524876 0.659147
vt 0.521536 0.655431
vt 0.524876 0.662711
vt 0.521536 0.659147
vt 0.524876 0.666074
vt 0.521536 0.662711
vt 0.524876 0.669530
vt 0.521536 0.666074
vt 0.524876 0.673622
vt 0.521536 0.669530
vt 0.524876 0.677419
vt 0.521536 0.673622
vt 0.524876 0.681289
vt 0.521536 0.677419
vt 0.524876 0.685028
vt 0.521536 0.681289
vt 0.524876 0.688782
vt 0.521536 0.685028
vt 0.524876 0.692549
vt 0.521536 0.688782
vt 0.524876 0.696322
vt 0.521536 0.692549
vt 0.524876 0.700098
vt 0.521536 0.696322
vt 0.524876 0.703873
vt 0.521536 0.700098
vt 0.524876 0.707641
vt 0.521536 0.703873
vt 0.524876 0.733995
vt 0.521536 0.707641
vt 0.524876 0.760389
vt 0.521536 0.733995
vt 0.524876 0.764173
vt 0.521536 0.760389
vt 0.524876 0.767975
vt 0.521536 0.764173
vt 0.524876 0.771783
vt 0.521536 0.767975
vt 0.524876 0.775580
vt 0.521536 0.771783
vt 0.524876 0.779354
vt 0.521536 0.775580
vt 0.524876 0.783091
vt 0.521536 0.779354
vt 0.524876 0.786775
vt 0.521536 0.783091
vt 0.524876 0.790398
vt 0.521536 0.786775
vt 0.524876 0.793971
vt 0.521536 0.790398
vt 0.524876 0.797505
vt 0.521536 0.793971
vt 0.524876 0.801016
vt 0.521536 0.797505
vt 0.524876 0.804516
vt 0.521536 0.801016
vt 0.524876 0.808020
vt 0.521536 0.804516
vt 0.524876 0.811541
vt 0.521536 0.808020
vt 0.524876 0.815061
vt 0.521536 0.811541
vt 0.524876 0.819177
vt 0.521536 0.815061
vt 0.524876 0.823302
vt 0.521536 0.819177
vt 0.524876 0.826346
vt 0.521536 0.823302
vt 0.524876 0.829410
vt 0.521536 0.826346
vt 0.524876 0.832787
vt 0.521536 0.829410
vt 0.524876 0.836248
vt 0.521536 0.832787
vt 0.524876 0.839943
vt 0.521536 0.836248
vt 0.524876 0.843732
vt 0.521536 0.839943
vt 0.524876 0.847566
vt 0.521536 0.843732
vt 0.524876 0.851398
vt 0.521536 0.847566
vt 0.524876 0.855182
vt 0.521536 0.851398
vt 0.524876 0.858871
vt 0.521536 0.855182
vt 0.524876 0.862418
vt 0.521536 0.858871
vt 0.524876 0.865902
vt 0.521536 0.862418
vt 0.524876 0.870649
vt 0.521536 0.865902
vt 0.524876 0.873984
vt 0.521536 0.870649
vt 0.524876 0.876747
vt 0.521536 0.873984
vt 0.524876 0.879532
vt 0.521536 0.876747
vt 0.524876 0.882570
vt 0.521536 0.879532
vt 0.524876 0.884692
vt 0.521536 0.882570
vt 0.524876 0.887042
vt 0.521536 0.884692
vt 0.081316 0.617963
vt 0.077914 0.614621
vt 0.081316 0.614621
vt 0.081316 0.621228
vt 0.077914 0.617963
vt 0.081316 0.624372
vt 0.077914 0.621228
vt 0.081316 0.627344
vt 0.077914 0.624372
vt 0.081316 0.630098
vt 0.077914 0.627344
vt 0.081316 0.632587
vt 0.077914 0.630098
vt 0.536495 0.028156
vt 0.533162 0.025026
vt 0.536495 0.025026
vt 0.536495 0.032313
vt 0.533162 0.028156
vt 0.536495 0.034704
vt 0.533162 0.032313
vt 0.536495 0.038504
vt 0.533162 0.034704
vt 0.536495 0.042477
vt 0.533162 0.038504
vt 0.536495 0.046228
vt 0.533162 0.042477
vt 0.536495 0.049936
vt 0.533162 0.046228
vt 0.536495 0.053631
vt 0.533162 0.049936
vt 0.536495 0.057376
vt 0.533162 0.053631
vt 0.536495 0.061156
vt 0.533162 0.057376
vt 0.536495 0.064958
vt 0.533162 0.061156
vt 0.536495 0.068769
vt 0.533162 0.064958
vt 0.536495 0.072575
vt 0.533162 0.068769
vt 0.536495 0.076363
vt 0.533162 0.072575
vt 0.536495 0.102777
vt 0.533162 0.076363
vt 0.536495 0.129167
vt 0.533162 0.102777
vt 0.536495 0.132943
vt 0.533162 0.129167
vt 0.536495 0.136722
vt 0.533162 0.132943
vt 0.536495 0.140503
vt 0.533162 0.136722
vt 0.536495 0.144284
vt 0.533162 0.140503
vt 0.536495 0.148065
vt 0.533162 0.144284
vt 0.536495 0.151843
vt 0.533162 0.148065
vt 0.536495 0.155616
vt 0.533162 0.151843
vt 0.536495 0.181968
vt 0.533162 0.155616
vt 0.536495 0.208144
vt 0.533162 0.181968
vt 0.536495 0.234344
vt 0.533162 0.208144
vt 0.536495 0.260511
vt 0.533162 0.234344
vt 0.536495 0.286837
vt 0.533162 0.260511
vt 0.536495 0.313220
vt 0.533162 0.286837
vt 0.536495 0.339601
vt 0.533162 0.313220
vt 0.536495 0.366044
vt 0.533162 0.339601
vt 0.536495 0.392259
vt 0.533162 0.366044
vt 0.536495 0.396028
vt 0.533162 0.392259
vt 0.536495 0.399811
vt 0.533162 0.396028
vt 0.536495 0.403600
vt 0.533162 0.399811
vt 0.536495 0.407389
vt 0.533162 0.403600
vt 0.536495 0.411171
vt 0.533162 0.407389
vt 0.536495 0.414938
vt 0.533162 0.411171
vt 0.536495 0.418685
vt 0.533162 0.414938
vt 0.536495 0.422417
vt 0.533162 0.418685
vt 0.536495 0.429242
vt 0.533162 0.422417
vt 0.536495 0.435307
vt 0.533162 0.429242
vt 0.536495 0.436259
vt 0.533162 0.435307
vt 0.536495 0.437241
vt 0.533162 0.436259
vt 0.536495 0.440899
vt 0.533162 0.437241
vt 0.536495 0.444530
vt 0.533162 0.440899
vt 0.536495 0.448127
vt 0.533162 0.444530
vt 0.536495 0.451691
vt 0.533162 0.448127
vt 0.536495 0.456248
vt 0.533162 0.451691
vt 0.536495 0.458754
vt 0.533162 0.456248
vt 0.536495 0.462270
vt 0.533162 0.458754
vt 0.536495 0.465786
vt 0.533162 0.462270
vt 0.536495 0.469311
vt 0.533162 0.465786
vt 0.536495 0.472907
vt 0.533162 0.469311
vt 0.536495 0.476585
vt 0.533162 0.472907
vt 0.536495 0.480282
vt 0.533162 0.476585
vt 0.536495 0.483934
vt 0.533162 0.480282
vt 0.536495 0.487479
vt 0.533162 0.483934
vt 0.536495 0.490853
vt 0.533162 0.487479
vt 0.536495 0.493992
vt 0.533162 0.490853
vt 0.536495 0.496969
vt 0.533162 0.493992
vt 0.536495 0.499863
vt 0.533162 0.496969
vt 0.536495 0.502625
vt 0.533162 0.499863
vt 0.019055 0.180556
vt 0.016642 0.176523
vt 0.019055 0.176523
vt 0.019055 0.185078
vt 0.016642 0.180556
vt 0.019055 0.189999
vt 0.016642 0.185078
vt 0.019055 0.195235
vt 0.016642 0.189999
vt 0.019055 0.201097
vt 0.016642 0.195235
vt 0.019055 0.207764
vt 0.016642 0.201097
vt 0.019055 0.214954
vt 0.016642 0.207764
vt 0.019055 0.222386
vt 0.016642 0.214954
vt 0.019055 0.229778
vt 0.016642 0.222386
vt 0.019055 0.236851
vt 0.016642 0.229778
vt 0.016642 0.236851
vt 0.493302 0.651960
vt 0.491280 0.656020
vt 0.492566 0.654164
vt 0.940324 0.071139
vt 0.944623 0.072806
vt 0.942559 0.071732
vt 0.489109 0.657023
vt 0.493131 0.648867
vt 0.492878 0.651389
vt 0.938899 0.071424
vt 0.943177 0.073092
vt 0.936453 0.071308
vt 0.485563 0.469157
vt 0.485817 0.465345
vt 0.485200 0.463684
vt 0.484308 0.462160
vt 0.484677 0.471337
vt 0.483315 0.460755
vt 0.483511 0.473660
vt 0.481794 0.474732
vt 0.482398 0.459453
vt 0.481733 0.458238
vt 0.481090 0.478584
vt 0.485055 0.453951
vt 0.486491 0.451543
vt 0.484110 0.454600
vt 0.483167 0.455085
vt 0.486892 0.449571
vt 0.482340 0.455559
vt 0.487201 0.447184
vt 0.487430 0.444494
vt 0.487594 0.441610
vt 0.481745 0.456177
vt 0.487704 0.438644
vt 0.485520 0.366032
vt 0.486706 0.364432
vt 0.486500 0.362371
vt 0.483182 0.368595
vt 0.480362 0.373516
vt 0.478056 0.377019
vt 0.479559 0.375237
vt 0.476343 0.049263
vt 0.476172 0.052542
vt 0.477910 0.052638
vt 0.476031 0.053594
vt 0.480008 0.054060
vt 0.475742 0.055514
vt 0.482069 0.055936
vt 0.484067 0.058117
vt 0.466484 0.056713
vt 0.485972 0.060455
vt 0.487757 0.062802
vt 0.489392 0.065011
vt 0.462444 0.057562
vt 0.490913 0.067129
vt 0.460015 0.058423
vt 0.492356 0.069305
vt 0.493695 0.071539
vt 0.494907 0.073832
vt 0.495966 0.076184
vt 0.496846 0.078597
vt 0.497524 0.081070
vt 0.497867 0.086322
vt 0.497648 0.089074
vt 0.497350 0.091862
vt 0.457495 0.058939
vt 0.497108 0.094648
vt 0.454884 0.059314
vt 0.497059 0.097395
vt 0.452206 0.059580
vt 0.497337 0.100066
vt 0.449483 0.059767
vt 0.446738 0.059905
vt 0.443995 0.060025
vt 0.441277 0.060157
vt 0.498005 0.102651
vt 0.422236 0.060495
vt 0.500104 0.107675
vt 0.498963 0.105180
vt 0.501321 0.110158
vt 0.502505 0.112651
vt 0.504352 0.117755
vt 0.505366 0.122944
vt 0.505700 0.125549
vt 0.505944 0.128197
vt 0.506116 0.130913
vt 0.506237 0.133724
vt 0.506325 0.136656
vt 0.506380 0.139782
vt 0.506386 0.143104
vt 0.506336 0.146539
vt 0.506223 0.150005
vt 0.403219 0.060592
vt 0.506041 0.153422
vt 0.505783 0.156707
vt 0.504964 0.162614
vt 0.503611 0.167815
vt 0.502119 0.172737
vt 0.502853 0.170285
vt 0.500957 0.177798
vt 0.501467 0.175224
vt 0.400511 0.060644
vt 0.395098 0.060746
vt 0.500591 0.180447
vt 0.392396 0.060824
vt 0.389697 0.060938
vt 0.387003 0.061102
vt 0.384314 0.061331
vt 0.378966 0.062129
vt 0.376303 0.062648
vt 0.373641 0.063179
vt 0.500319 0.183121
vt 0.370977 0.063668
vt 0.500117 0.185814
vt 0.368306 0.064064
vt 0.499834 0.191234
vt 0.499964 0.188520
vt 0.365624 0.064314
vt 0.499705 0.193950
vt 0.498579 0.215696
vt 0.499554 0.196661
vt 0.362919 0.064457
vt 0.357456 0.064577
vt 0.496922 0.234674
vt 0.354723 0.064513
vt 0.349317 0.064032
vt 0.495612 0.253715
vt 0.346670 0.063573
vt 0.494038 0.272744
vt 0.344066 0.062923
vt 0.492427 0.291693
vt 0.488852 0.310297
vt 0.341497 0.062086
vt 0.338954 0.061109
vt 0.486352 0.329201
vt 0.336431 0.060039
vt 0.485950 0.331881
vt 0.485481 0.334564
vt 0.484996 0.337243
vt 0.484547 0.339908
vt 0.333921 0.058922
vt 0.328908 0.056730
vt 0.326417 0.055641
vt 0.484186 0.342551
vt 0.323953 0.054474
vt 0.321501 0.053274
vt 0.316577 0.050965
vt 0.311524 0.049087
vt 0.306280 0.047822
vt 0.300915 0.046961
vt 0.298210 0.046614
vt 0.295503 0.046287
vt 0.292804 0.045952
vt 0.273830 0.044209
vt 0.254856 0.042441
vt 0.483963 0.345164
vt 0.235900 0.040497
vt 0.217090 0.037563
vt 0.483930 0.347736
vt 0.214419 0.037116
vt 0.211759 0.036633
vt 0.209102 0.036141
vt 0.203785 0.035234
vt 0.198429 0.034602
vt 0.193013 0.034382
vt 0.187560 0.034437
vt 0.184829 0.034503
vt 0.182099 0.034562
vt 0.179373 0.034587
vt 0.160318 0.034598
vt 0.157493 0.034534
vt 0.484238 0.350284
vt 0.154526 0.034318
vt 0.151525 0.034076
vt 0.145847 0.034007
vt 0.141314 0.035321
vt 0.138551 0.038699
vt 0.137767 0.043467
vt 0.136938 0.046048
vt 0.136401 0.048589
vt 0.134595 0.050959
vt 0.133418 0.053174
vt 0.132107 0.055354
vt 0.130735 0.057528
vt 0.128103 0.061964
vt 0.126702 0.066702
vt 0.127016 0.069248
vt 0.126453 0.071898
vt 0.125974 0.077396
vt 0.126254 0.080187
vt 0.125541 0.082964
vt 0.125057 0.085701
vt 0.119530 0.123314
vt 0.117698 0.142707
vt 0.116151 0.164380
vt 0.115266 0.169603
vt 0.115167 0.172505
vt 0.115215 0.174965
vt 0.115480 0.178004
vt 0.115020 0.180746
vt 0.114826 0.183434
vt 0.114858 0.186454
vt 0.115077 0.189420
vt 0.113784 0.191514
vt 0.112300 0.197166
vt 4.590062 0.840980
vt 0.109278 0.213303
vt 0.108445 0.220236
vt 0.109373 0.224790
vt 0.107394 0.228218
vt 0.106367 0.233785
vt 0.105474 0.238797
vt 0.106160 0.244166
vt 0.107098 0.246850
vt 0.108027 0.249534
vt 0.108647 0.252221
vt 0.171759 0.863155
vt 0.170570 0.865489
vt 0.173434 0.861710
vt 0.172433 0.867001
vt 0.174860 0.868358
vt 0.177591 0.869637
vt 0.175695 0.858602
vt 0.180363 0.870915
vt 0.175716 0.857173
vt 0.177665 0.855202
vt 0.182915 0.872270
vt 0.179241 0.853268
vt 0.184985 0.873778
vt 0.186668 0.875379
vt 0.179074 0.850291
vt 0.188228 0.876984
vt 0.182967 0.938628
vt 0.183416 0.941980
vt 0.184350 0.943085
vt 0.186386 0.944618
vt 0.183411 0.936247
vt 0.188736 0.946030
vt 0.183750 0.932986
vt 0.184844 0.931379
vt 0.191250 0.947360
vt 0.186174 0.929169
vt 0.193776 0.948644
vt 0.187552 0.926621
vt 0.196161 0.949922
vt 0.189417 0.924279
vt 0.198482 0.951158
vt 0.191990 0.922227
vt 0.200899 0.952310
vt 0.203385 0.953396
vt 0.193220 0.919877
vt 0.205918 0.954440
vt 0.194045 0.918488
vt 0.195332 0.917264
vt 0.208470 0.955461
vt 0.196139 0.916290
vt 0.211018 0.956479
vt 0.213537 0.957516
vt 0.231092 0.964666
vt 0.196525 0.906099
vt 0.196214 0.911366
vt 0.233552 0.965847
vt 0.196289 0.902910
vt 0.196410 0.900109
vt 0.235980 0.967149
vt 0.238394 0.968497
vt 0.196376 0.896663
vt 0.243254 0.971034
vt 0.248273 0.972862
vt 0.253537 0.973728
vt 0.258957 0.973943
vt 0.261688 0.973887
vt 0.264414 0.973763
vt 0.267119 0.973603
vt 0.272745 0.973332
vt 0.275632 0.973145
vt 0.281179 0.972342
vt 0.285925 0.970535
vt 0.289804 0.967352
vt 0.293015 0.963154
vt 0.295358 0.958524
vt 0.296442 0.953858
vt 0.295662 0.948664
vt 0.295035 0.946023
vt 0.405177 0.878425
vt 0.402395 0.882391
vt 0.406127 0.877952
vt 0.407591 0.878822
vt 0.400594 0.885506
vt 0.409391 0.879821
vt 0.396010 0.890113
vt 0.411264 0.881341
vt 0.393441 0.892795
vt 0.412053 0.882329
vt 0.413620 0.884089
vt 0.414998 0.886031
vt 0.392174 0.894724
vt 0.416227 0.888283
vt 0.417337 0.890764
vt 0.418357 0.893397
vt 0.388212 0.895330
vt 0.419315 0.896101
vt 0.385248 0.896240
vt 0.420241 0.898799
vt 0.380049 0.901294
vt 0.422214 0.904025
vt 0.421163 0.901411
vt 0.423413 0.906738
vt 0.424616 0.909491
vt 0.425683 0.912223
vt 0.426470 0.914874
vt 0.426634 0.919691
vt 0.424333 0.923650
vt 0.422474 0.925396
vt 0.420338 0.927055
vt 0.415823 0.930316
vt 0.418072 0.928678
vt 0.411785 0.933842
vt 0.413738 0.932020
vt 0.409821 0.935756
vt 0.407830 0.937690
vt 0.379862 0.908094
vt 0.405797 0.939576
vt 0.378813 0.912066
vt 0.403706 0.941343
vt 0.401542 0.942925
vt 0.399288 0.944249
vt 0.396926 0.945350
vt 0.394463 0.946300
vt 0.391924 0.947089
vt 0.376018 0.913310
vt 0.389332 0.947708
vt 0.372383 0.915174
vt 0.386713 0.948147
vt 0.384090 0.948394
vt 0.370664 0.916649
vt 0.381488 0.948441
vt 0.378890 0.948219
vt 0.374388 0.947913
vt 0.356313 0.919801
vt 0.358881 0.929686
vt 0.360373 0.933305
vt 0.370129 0.947190
vt 0.360188 0.938287
vt 0.366229 0.946392
vt 0.363047 0.945536
vt 0.358870 0.939635
vt 0.358789 0.943890
vt 0.354702 0.939733
vt 0.351231 0.942432
vt 0.352357 0.939104
vt 0.348314 0.939942
vt 0.350606 0.937145
vt 0.350220 0.936901
vt 0.348885 0.936778
vt 0.348496 0.934722
vt 0.340603 0.933565
vt 0.325039 0.936689
vt 0.336988 0.933367
vt 0.335340 0.932825
vt 0.333813 0.931947
vt 0.332065 0.931233
vt 0.330020 0.930949
vt 0.323738 0.933605
vt 0.328589 0.928946
vt 0.326707 0.927512
vt 0.321002 0.932623
vt 0.325396 0.925573
vt 0.318259 0.931554
vt 0.324666 0.923677
vt 0.321592 0.920523
vt 0.315551 0.930544
vt 0.312921 0.929738
vt 0.319877 0.918444
vt 0.310411 0.929281
vt 0.318236 0.916261
vt 0.316621 0.914040
vt 0.308064 0.929319
vt 0.314365 0.913083
vt 0.311293 0.911883
vt 0.305787 0.929866
vt 0.309553 0.909997
vt 0.303508 0.930798
vt 0.308061 0.907716
vt 0.301309 0.932051
vt 0.306545 0.905732
vt 0.305067 0.903748
vt 0.303976 0.901480
vt 0.298718 0.933067
vt 0.302131 0.899576
vt 0.300183 0.897778
vt 0.299238 0.896552
vt 0.295809 0.896228
vt 0.293338 0.894091
vt 0.296148 0.933786
vt 0.290500 0.892043
vt 0.287975 0.890002
vt 0.295992 0.937112
vt 0.285562 0.888364
vt 0.294545 0.938805
vt 0.283651 0.885161
vt 0.271242 0.875326
vt 0.266109 0.869530
vt 0.293817 0.940523
vt 0.264701 0.867569
vt 0.262610 0.866442
vt 0.256528 0.863622
vt 0.294550 0.943475
vt 0.196305 0.892012
vt 0.253807 0.862112
vt 0.195563 0.890568
vt 0.252118 0.860642
vt 0.195056 0.888693
vt 0.194840 0.884369
vt 0.250733 0.858456
vt 0.194862 0.881540
vt 0.249922 0.855964
vt 0.195019 0.880594
vt 0.249462 0.853462
vt 0.194753 0.878431
vt 0.249147 0.850382
vt 0.248872 0.847731
vt 0.189658 0.878628
vt 0.248870 0.845157
vt 0.248039 0.842715
vt 0.247293 0.840170
vt 0.246625 0.837568
vt 0.246023 0.834955
vt 0.245479 0.832378
vt 0.244428 0.829883
vt 0.243240 0.827898
vt 0.240509 0.824520
vt 0.176647 0.845351
vt 0.238830 0.822651
vt 0.238353 0.820884
vt 0.239392 0.816046
vt 0.175071 0.843488
vt 0.240573 0.815141
vt 0.242641 0.813154
vt 0.242347 0.810978
vt 0.241979 0.808774
vt 0.241599 0.806539
vt 0.172980 0.841714
vt 0.241271 0.804271
vt 0.169086 0.837788
vt 0.171090 0.839694
vt 0.241056 0.801966
vt 0.241017 0.799621
vt 0.165802 0.836460
vt 0.163834 0.834576
vt 0.153449 0.820073
vt 0.241216 0.797234
vt 0.151789 0.818315
vt 0.241684 0.794774
vt 0.242378 0.792233
vt 0.150014 0.816700
vt 0.243243 0.789643
vt 0.146380 0.813661
vt 0.148189 0.815168
vt 0.143072 0.810477
vt 0.140584 0.806743
vt 0.138901 0.802611
vt 0.138217 0.800435
vt 0.137557 0.798198
vt 0.136968 0.792361
vt 0.136862 0.795906
vt 0.244229 0.787036
vt 0.130119 0.774903
vt 0.245283 0.784443
vt 0.245625 0.775748
vt 0.125904 0.759429
vt 0.126150 0.756499
vt 0.254458 0.763283
vt 0.124533 0.749792
vt 0.126314 0.752514
vt 0.256362 0.760955
vt 0.122588 0.747239
vt 0.122229 0.744621
vt 0.257625 0.758529
vt 0.258906 0.756077
vt 0.260128 0.753604
vt 0.261797 0.748535
vt 0.262892 0.743577
vt 0.262627 0.738466
vt 0.262238 0.735892
vt 0.261758 0.733315
vt 0.261247 0.730738
vt 0.257343 0.723896
vt 0.254971 0.707860
vt 0.252370 0.706099
vt 0.250947 0.703761
vt 0.121054 0.742111
vt 0.250629 0.700448
vt 0.120348 0.739340
vt 0.251613 0.698070
vt 0.117320 0.734706
vt 0.118499 0.737148
vt 0.116825 0.732131
vt 0.251951 0.695720
vt 0.113588 0.727401
vt 0.112465 0.722376
vt 0.111055 0.716863
vt 0.111273 0.714374
vt 0.110463 0.711723
vt 0.109540 0.706374
vt 0.108910 0.700966
vt 0.108432 0.695607
vt 0.108687 0.692949
vt 0.108990 0.690306
vt 0.114485 0.683240
vt 0.110113 0.687885
vt 0.114297 0.671025
vt 0.252847 0.693404
vt 0.253591 0.691139
vt 0.114114 0.650913
vt 0.254793 0.688928
vt 0.114100 0.629508
vt 0.256318 0.686754
vt 0.259793 0.682436
vt 0.261472 0.680255
vt 0.264134 0.675695
vt 0.265194 0.673234
vt 0.266189 0.670730
vt 0.267196 0.668266
vt 0.118064 0.632203
vt 0.268295 0.665923
vt 0.269564 0.663782
vt 0.114317 0.606787
vt 0.115151 0.604347
vt 0.271082 0.661926
vt 0.116565 0.599759
vt 0.116113 0.602898
vt 0.114033 0.593447
vt 0.115171 0.596220
vt 0.272946 0.660476
vt 0.113524 0.590820
vt 0.112833 0.588205
vt 0.275116 0.659401
vt 0.111129 0.582991
vt 0.112016 0.585596
vt 0.110228 0.580383
vt 0.109369 0.577769
vt 0.107925 0.572509
vt 0.107261 0.569870
vt 0.106621 0.567226
vt 0.277472 0.658551
vt 0.106005 0.564577
vt 0.105434 0.559289
vt 0.105319 0.554668
vt 0.282247 0.656929
vt 0.285856 0.654118
vt 0.288655 0.649941
vt 0.291210 0.645179
vt 0.292217 0.642673
vt 0.293294 0.640372
vt 0.294520 0.638417
vt 0.296152 0.636420
vt 0.295225 0.634886
vt 0.295871 0.629656
vt 0.104233 0.551455
vt 0.102786 0.548577
vt 0.298781 0.629916
vt 0.101950 0.543206
vt 0.102577 0.538658
vt 0.102439 0.535418
vt 0.102071 0.532714
vt 0.103196 0.530203
vt 0.103773 0.527269
vt 0.104146 0.522068
vt 0.104325 0.524607
vt 0.106558 0.500076
vt 0.103930 0.518815
vt 0.300652 0.629101
vt 0.107056 0.481004
vt 0.109274 0.434812
vt 0.108009 0.461946
vt 0.106018 0.406728
vt 0.105848 0.400724
vt 0.106105 0.395317
vt 0.105985 0.398018
vt 0.107159 0.392843
vt 0.304209 0.629485
vt 0.114370 0.378938
vt 0.107662 0.389053
vt 0.117706 0.363142
vt 0.100492 0.360093
vt 0.100364 0.354586
vt 0.100686 0.349169
vt 0.101634 0.346858
vt 0.102359 0.344112
vt 0.103635 0.339067
vt 0.105482 0.333688
vt 0.104726 0.336576
vt 0.106512 0.328431
vt 0.105962 0.331023
vt 0.107353 0.323375
vt 0.107061 0.326079
vt 0.108151 0.317894
vt 0.107733 0.320758
vt 0.108071 0.311797
vt 0.109407 0.290170
vt 0.110119 0.293364
vt 0.109737 0.284718
vt 0.109581 0.287445
vt 0.109941 0.279266
vt 0.109862 0.281991
vt 0.110647 0.274265
vt 0.109961 0.276545
vt 0.111121 0.269250
vt 0.110555 0.271398
vt 0.110011 0.263247
vt 0.110642 0.266111
vt 0.109226 0.257608
vt 0.109577 0.260305
vt 0.485722 0.355330
vt 0.484891 0.352819
vt 0.487094 0.360226
vt 0.307734 0.630884
vt 0.477721 0.379310
vt 0.477481 0.384287
vt 0.477424 0.381727
vt 0.478360 0.389637
vt 0.477819 0.386939
vt 0.479752 0.394969
vt 0.479030 0.392330
vt 0.481234 0.399919
vt 0.480450 0.397506
vt 0.483284 0.404515
vt 0.482206 0.402242
vt 0.485423 0.409067
vt 0.486985 0.413887
vt 0.487702 0.419141
vt 0.487912 0.424646
vt 0.487905 0.427427
vt 0.487863 0.430191
vt 0.487775 0.435708
vt 0.487819 0.432911
vt 0.481497 0.457093
vt 0.480211 0.481109
vt 0.479924 0.486156
vt 0.479804 0.483623
vt 0.481178 0.491388
vt 0.480420 0.488749
vt 0.483003 0.496748
vt 0.482077 0.494059
vt 0.484460 0.502122
vt 0.485256 0.507492
vt 0.485558 0.510191
vt 0.485818 0.512898
vt 0.486054 0.515608
vt 0.486284 0.518320
vt 0.486524 0.521031
vt 0.487982 0.540052
vt 0.315546 0.661232
vt 0.317774 0.664624
vt 0.319608 0.665635
vt 0.322033 0.665762
vt 0.315508 0.658428
vt 0.316377 0.655665
vt 0.324745 0.665444
vt 0.327629 0.664832
vt 0.315287 0.653004
vt 0.330572 0.664075
vt 0.313729 0.650704
vt 0.333457 0.663321
vt 0.338347 0.661745
vt 0.312928 0.648065
vt 0.312603 0.644015
vt 0.340896 0.660734
vt 0.343573 0.659824
vt 0.310990 0.641682
vt 0.310591 0.638984
vt 0.346400 0.659318
vt 0.348906 0.658590
vt 0.309488 0.633985
vt 0.351386 0.658193
vt 0.308495 0.632825
vt 0.353838 0.658271
vt 0.356255 0.658892
vt 0.359472 0.658962
vt 0.488769 0.559100
vt 0.488590 0.578143
vt 0.360996 0.661341
vt 0.363332 0.662934
vt 0.366021 0.664377
vt 0.370904 0.667042
vt 0.373032 0.668803
vt 0.376047 0.669301
vt 0.381090 0.671165
vt 0.385420 0.675231
vt 0.389214 0.677933
vt 0.393950 0.678921
vt 0.399312 0.678658
vt 0.402000 0.678431
vt 0.423351 0.675380
vt 0.489383 0.597082
vt 0.425963 0.675196
vt 0.428553 0.675126
vt 0.431128 0.675116
vt 0.436260 0.675053
vt 0.438832 0.674889
vt 0.444014 0.674062
vt 0.490059 0.616147
vt 0.446620 0.673433
vt 0.449230 0.672706
vt 0.451842 0.671911
vt 0.454451 0.671076
vt 0.457055 0.670233
vt 0.459651 0.669410
vt 0.464907 0.667831
vt 0.467554 0.667033
vt 0.491941 0.635110
vt 0.470180 0.666202
vt 0.472759 0.665322
vt 0.475266 0.664371
vt 0.492232 0.637914
vt 0.477674 0.663333
vt 0.480102 0.662272
vt 0.492663 0.640836
vt 0.482610 0.661227
vt 0.493111 0.643789
vt 0.485090 0.660138
vt 0.493450 0.646685
vt 0.487434 0.658947
vt 0.493555 0.649438
vt 0.489534 0.657595
vt 0.608014 0.035655
vt 0.603444 0.033196
vt 0.601297 0.033488
vt 0.599247 0.034163
vt 0.597286 0.035160
vt 0.595405 0.036421
vt 0.609702 0.035698
vt 0.593596 0.037886
vt 0.612390 0.038195
vt 0.591848 0.039497
vt 0.590154 0.041195
vt 0.589117 0.043046
vt 0.615704 0.037989
vt 0.586133 0.047380
vt 0.585298 0.049772
vt 0.618322 0.039180
vt 0.583998 0.052255
vt 0.581045 0.054771
vt 0.579391 0.059850
vt 0.579020 0.062516
vt 0.578850 0.065250
vt 0.578781 0.068019
vt 0.620942 0.040055
vt 0.626276 0.041100
vt 0.623585 0.040641
vt 0.631757 0.041742
vt 0.629004 0.041458
vt 0.637283 0.042201
vt 0.634520 0.041981
vt 0.659255 0.043442
vt 0.640031 0.042430
vt 0.678492 0.044166
vt 0.681234 0.044373
vt 0.683975 0.044604
vt 0.686714 0.044860
vt 0.689452 0.045145
vt 0.692185 0.045459
vt 0.694913 0.045804
vt 0.697634 0.046183
vt 0.735473 0.051849
vt 0.716543 0.049713
vt 0.754254 0.055550
vt 0.772917 0.060119
vt 0.810756 0.067030
vt 0.791773 0.063971
vt 0.533397 0.984590
vt 0.535093 0.986670
vt 0.536851 0.987169
vt 0.533226 0.983146
vt 0.533372 0.981490
vt 0.539213 0.987281
vt 0.533733 0.979665
vt 0.542013 0.987117
vt 0.534206 0.977714
vt 0.535327 0.975680
vt 0.545088 0.986784
vt 0.536080 0.973491
vt 0.548272 0.986394
vt 0.537826 0.968525
vt 0.551403 0.986055
vt 0.538992 0.965859
vt 0.554315 0.985876
vt 0.539949 0.963145
vt 0.541047 0.960442
vt 0.573566 0.985801
vt 0.542962 0.955210
vt 0.541879 0.957803
vt 0.544035 0.949994
vt 0.543207 0.952607
vt 0.545593 0.944741
vt 0.544833 0.947372
vt 0.576386 0.985903
vt 0.546310 0.942101
vt 0.579297 0.986155
vt 0.546976 0.939452
vt 0.548296 0.936791
vt 0.582232 0.986444
vt 0.585120 0.986658
vt 0.587893 0.986687
vt 0.592817 0.985733
vt 0.596666 0.983073
vt 0.599791 0.979251
vt 0.601230 0.977121
vt 0.602665 0.974959
vt 0.604158 0.972852
vt 0.607301 0.968610
vt 0.608871 0.966393
vt 0.610397 0.964119
vt 0.611845 0.961795
vt 0.613183 0.959427
vt 0.614378 0.957020
vt 0.615459 0.954559
vt 0.548750 0.934121
vt 0.616463 0.952033
vt 0.549225 0.931439
vt 0.617374 0.949456
vt 0.618175 0.946842
vt 0.549936 0.928750
vt 0.618847 0.944204
vt 0.619374 0.941557
vt 0.619738 0.938914
vt 0.619575 0.933533
vt 0.619152 0.930797
vt 0.618678 0.928063
vt 0.618283 0.925355
vt 0.549946 0.926056
vt 0.550434 0.920663
vt 0.549999 0.923360
vt 0.617220 0.922696
vt 0.550830 0.917958
vt 0.617263 0.920112
vt 0.551165 0.915240
vt 0.551474 0.912516
vt 0.551788 0.909794
vt 0.552143 0.907080
vt 0.618360 0.917612
vt 0.552571 0.904383
vt 0.553105 0.901709
vt 0.558822 0.883430
vt 0.619545 0.915175
vt 0.620497 0.912786
vt 0.621579 0.910428
vt 0.622729 0.908084
vt 0.624996 0.903376
vt 0.563379 0.864795
vt 0.626075 0.900998
vt 0.627181 0.898620
vt 0.628317 0.896246
vt 0.629482 0.893877
vt 0.630677 0.891515
vt 0.631417 0.884865
vt 0.566489 0.846008
vt 0.642267 0.870705
vt 0.570156 0.827134
vt 0.643507 0.868457
vt 0.645892 0.864062
vt 0.646476 0.861858
vt 0.652034 0.857329
vt 0.654257 0.852461
vt 0.654372 0.849896
vt 0.655007 0.847271
vt 0.654885 0.840926
vt 0.573008 0.808267
vt 0.657637 0.839250
vt 0.657625 0.833963
vt 0.657786 0.828661
vt 0.657504 0.826010
vt 0.656451 0.820739
vt 0.573561 0.805592
vt 0.655339 0.818129
vt 0.574166 0.802927
vt 0.575417 0.797608
vt 0.574795 0.800267
vt 0.654716 0.815549
vt 0.576003 0.794944
vt 0.576523 0.792271
vt 0.659167 0.813012
vt 0.576946 0.789582
vt 0.660326 0.810487
vt 0.577266 0.786877
vt 0.661549 0.807964
vt 0.662243 0.803461
vt 0.577504 0.784160
vt 0.664336 0.800258
vt 0.664512 0.794836
vt 0.664247 0.792058
vt 0.663924 0.789279
vt 0.663677 0.786530
vt 0.577813 0.778700
vt 0.577681 0.781433
vt 0.663639 0.783845
vt 0.577920 0.775965
vt 0.663943 0.781254
vt 0.578019 0.773232
vt 0.578128 0.770503
vt 0.578366 0.767709
vt 0.578754 0.764824
vt 0.579170 0.761917
vt 0.664663 0.778790
vt 0.579490 0.759055
vt 0.665704 0.776434
vt 0.579591 0.756307
vt 0.666949 0.774144
vt 0.579350 0.753740
vt 0.668280 0.771878
vt 0.670733 0.767250
vt 0.672233 0.762251
vt 0.672677 0.759628
vt 0.672997 0.756953
vt 0.672934 0.751518
vt 0.673666 0.748792
vt 0.673451 0.743364
vt 0.674352 0.740602
vt 0.578644 0.751424
vt 0.674480 0.737826
vt 0.674654 0.735062
vt 0.675416 0.729681
vt 0.577300 0.749465
vt 0.676145 0.727118
vt 0.575369 0.747840
vt 0.675869 0.724669
vt 0.678538 0.722327
vt 0.573067 0.746417
vt 0.680070 0.720051
vt 0.570606 0.745066
vt 0.568200 0.743657
vt 0.564406 0.740141
vt 0.562371 0.735409
vt 0.561229 0.730016
vt 0.560357 0.724436
vt 0.560798 0.727219
vt 0.559228 0.719068
vt 0.559829 0.721726
vt 0.558626 0.716403
vt 0.558037 0.713731
vt 0.557471 0.711052
vt 0.556942 0.708367
vt 0.556462 0.705676
vt 0.556042 0.702978
vt 0.555065 0.697381
vt 0.555590 0.700219
vt 0.554555 0.694517
vt 0.554149 0.691684
vt 0.553997 0.686325
vt 0.555379 0.681624
vt 0.558568 0.677285
vt 0.562278 0.673546
vt 0.565068 0.670755
vt 0.563878 0.672010
vt 0.566779 0.669484
vt 0.567892 0.669297
vt 0.568072 0.669247
vt 0.681701 0.717810
vt 0.683341 0.715573
vt 0.684897 0.713307
vt 0.687510 0.708604
vt 0.688691 0.706214
vt 0.689820 0.703808
vt 0.690894 0.701381
vt 0.691913 0.698930
vt 0.692878 0.696450
vt 0.693786 0.693940
vt 0.694119 0.688434
vt 0.694857 0.685523
vt 0.695922 0.682665
vt 0.696515 0.679979
vt 0.698595 0.675604
vt 0.567920 0.669031
vt 0.700226 0.674074
vt 0.567375 0.668504
vt 0.702161 0.672902
vt 0.566201 0.667761
vt 0.704338 0.672009
vt 0.564371 0.666961
vt 0.936398 0.639399
vt 0.939663 0.636532
vt 0.934030 0.640057
vt 0.940583 0.634347
vt 0.941170 0.631819
vt 0.931321 0.640367
vt 0.941533 0.629074
vt 0.928402 0.640471
vt 0.941784 0.626235
vt 0.925401 0.640512
vt 0.942033 0.623430
vt 0.922446 0.640633
vt 0.942390 0.620782
vt 0.941867 0.618255
vt 0.919668 0.640976
vt 0.941402 0.615729
vt 0.941508 0.613194
vt 0.941721 0.610653
vt 0.901227 0.645280
vt 0.941815 0.608085
vt 0.944356 0.605493
vt 0.944567 0.602866
vt 0.945162 0.583728
vt 0.881769 0.646736
vt 0.946825 0.564660
vt 0.863047 0.650009
vt 0.947009 0.545515
vt 0.843816 0.651807
vt 0.947754 0.526429
vt 0.838555 0.653095
vt 0.841273 0.652677
vt 0.835838 0.653528
vt 0.833132 0.653949
vt 0.827776 0.654657
vt 0.821847 0.654699
vt 0.817582 0.654708
vt 0.812124 0.654528
vt 0.807225 0.654298
vt 0.801981 0.654328
vt 0.796474 0.653591
vt 0.799236 0.653956
vt 0.793712 0.653294
vt 0.948707 0.507324
vt 0.790968 0.653125
vt 0.949020 0.488180
vt 0.788256 0.653146
vt 0.949386 0.469060
vt 0.785572 0.653358
vt 0.948689 0.449984
vt 0.779664 0.653555
vt 0.782601 0.653213
vt 0.776694 0.653602
vt 0.948820 0.447277
vt 0.771826 0.655403
vt 0.774234 0.654034
vt 0.948602 0.444577
vt 0.769707 0.656752
vt 0.947797 0.441879
vt 0.948638 0.439187
vt 0.949567 0.436497
vt 0.949961 0.431107
vt 0.751330 0.662448
vt 0.745990 0.663899
vt 0.739924 0.664969
vt 0.735916 0.666521
vt 0.730504 0.667393
vt 0.724917 0.668029
vt 0.719382 0.668674
vt 0.722126 0.668331
vt 0.716722 0.669098
vt 0.953213 0.412210
vt 0.953494 0.409487
vt 0.953776 0.406750
vt 0.953663 0.401262
vt 0.953729 0.395808
vt 0.954347 0.390427
vt 0.953983 0.385070
vt 0.953243 0.379788
vt 0.951927 0.374653
vt 0.948604 0.369590
vt 0.946476 0.364624
vt 0.781766 0.472325
vt 0.944319 0.359981
vt 0.941011 0.355943
vt 0.936976 0.352727
vt 0.931112 0.351838
vt 0.930663 0.349637
vt 0.930215 0.347900
vt 0.929694 0.345891
vt 0.928527 0.343576
vt 0.926723 0.338323
vt 0.714178 0.669641
vt 0.926081 0.335534
vt 0.711675 0.670212
vt 0.706691 0.671316
vt 0.709158 0.670743
vt 0.925608 0.332737
vt 0.562144 0.666058
vt 0.557527 0.663768
vt 0.554411 0.660530
vt 0.554487 0.655874
vt 0.555128 0.650177
vt 0.555079 0.644350
vt 0.558168 0.639201
vt 0.563435 0.632392
vt 0.562845 0.628687
vt 0.563010 0.630494
vt 0.561656 0.624999
vt 0.562552 0.627474
vt 0.561243 0.619801
vt 0.561615 0.622432
vt 0.559896 0.614412
vt 0.560637 0.617122
vt 0.558405 0.608963
vt 0.555498 0.587282
vt 0.552961 0.568307
vt 0.551528 0.549224
vt 0.551479 0.510929
vt 0.551568 0.530076
vt 0.550712 0.491825
vt 0.551315 0.472688
vt 0.551855 0.434474
vt 0.552569 0.429024
vt 0.553432 0.423573
vt 0.553006 0.426297
vt 0.554063 0.418156
vt 0.553801 0.420858
vt 0.554053 0.412811
vt 0.554172 0.415472
vt 0.553995 0.407546
vt 0.555025 0.410171
vt 0.552372 0.402308
vt 0.553115 0.397033
vt 0.553238 0.394370
vt 0.553338 0.391704
vt 0.554815 0.386349
vt 0.556028 0.380970
vt 0.555274 0.383662
vt 0.558210 0.359274
vt 0.556370 0.378275
vt 0.562191 0.321267
vt 0.561408 0.340353
vt 0.925302 0.330004
vt 0.925201 0.324940
vt 0.562279 0.302120
vt 0.924798 0.322520
vt 0.562280 0.282972
vt 0.924140 0.320142
vt 0.562566 0.277510
vt 0.562156 0.280241
vt 0.923188 0.317799
vt 0.922826 0.315655
vt 0.562627 0.274779
vt 0.562550 0.272048
vt 0.561961 0.269326
vt 0.561191 0.263888
vt 0.563887 0.244964
vt 0.925756 0.313195
vt 0.563280 0.225880
vt 0.927482 0.310919
vt 0.563319 0.223154
vt 0.563390 0.220425
vt 0.563466 0.217695
vt 0.929992 0.308693
vt 0.563529 0.212247
vt 0.563521 0.214969
vt 0.563464 0.209534
vt 0.931357 0.306527
vt 0.563300 0.206833
vt 0.932880 0.304397
vt 0.562973 0.204148
vt 0.934485 0.302273
vt 0.937638 0.297933
vt 0.939412 0.293319
vt 0.940955 0.288505
vt 0.944221 0.283544
vt 0.947062 0.278455
vt 0.948099 0.273196
vt 0.948606 0.267786
vt 0.949768 0.262342
vt 0.951077 0.240869
vt 0.955733 0.202896
vt 0.955388 0.183761
vt 0.955329 0.181073
vt 0.955300 0.178400
vt 0.955270 0.175738
vt 0.955092 0.170438
vt 0.954557 0.165143
vt 0.953250 0.159819
vt 0.952371 0.157152
vt 0.951483 0.154494
vt 0.950693 0.151852
vt 0.562985 0.201478
vt 0.950106 0.149237
vt 0.949830 0.146656
vt 0.562691 0.196160
vt 0.563067 0.198817
vt 0.560921 0.190834
vt 0.560177 0.185449
vt 0.560645 0.180016
vt 0.561013 0.177290
vt 0.561411 0.174562
vt 0.562121 0.169112
vt 0.561795 0.171835
vt 0.565133 0.131003
vt 0.564108 0.150072
vt 0.949925 0.144130
vt 0.565237 0.128269
vt 0.565305 0.122771
vt 0.565279 0.125521
vt 0.565510 0.117300
vt 0.566243 0.111939
vt 0.567815 0.106740
vt 0.569935 0.101650
vt 0.572092 0.096590
vt 0.571041 0.099121
vt 0.573875 0.091503
vt 0.573025 0.094046
vt 0.577531 0.086451
vt 0.575630 0.088975
vt 0.577731 0.081373
vt 0.577815 0.083920
vt 0.578175 0.076196
vt 0.578112 0.078801
vt 0.949550 0.141659
vt 0.578544 0.073525
vt 0.949018 0.139220
vt 0.948557 0.134340
vt 0.578713 0.070788
vt 0.949952 0.131848
vt 0.952377 0.129288
vt 0.953824 0.124156
vt 0.954050 0.118943
vt 0.953471 0.113361
vt 0.954170 0.110342
vt 0.954454 0.103403
vt 0.954642 0.099616
vt 0.954693 0.092121
vt 0.953753 0.085691
vt 0.937868 0.071022
vt 0.946586 0.074261
vt 0.490856 0.655449
vt 0.317349 0.664053
vt 0.315122 0.660660
vt 0.319184 0.665064
vt 0.321608 0.665191
vt 0.315084 0.657855
vt 0.315954 0.655090
vt 0.324320 0.664873
vt 0.327205 0.664261
vt 0.314863 0.652430
vt 0.330147 0.663504
vt 0.313305 0.650132
vt 0.335746 0.662149
vt 0.333033 0.662750
vt 0.337922 0.661173
vt 0.312504 0.647493
vt 0.312178 0.643442
vt 0.340471 0.660163
vt 0.343148 0.659253
vt 0.310566 0.641109
vt 0.310167 0.638412
vt 0.345975 0.658747
vt 0.348481 0.658018
vt 0.309064 0.633411
vt 0.350962 0.657622
vt 0.308070 0.632252
vt 0.307307 0.630312
vt 0.353413 0.657700
vt 0.402022 0.881899
vt 0.404761 0.877847
vt 0.405710 0.877375
vt 0.407178 0.878243
vt 0.400366 0.885126
vt 0.408967 0.879250
vt 0.395961 0.890033
vt 0.410839 0.880769
vt 0.392882 0.892162
vt 0.411628 0.881757
vt 0.413196 0.883517
vt 0.414573 0.885460
vt 0.391608 0.893710
vt 0.415803 0.887712
vt 0.416913 0.890193
vt 0.417933 0.892826
vt 0.387788 0.894759
vt 0.418891 0.895530
vt 0.384823 0.895669
vt 0.419816 0.898228
vt 0.379624 0.900723
vt 0.420738 0.900840
vt 0.422988 0.906167
vt 0.424192 0.908920
vt 0.425258 0.911652
vt 0.426045 0.914303
vt 0.426209 0.919120
vt 0.423909 0.923079
vt 0.422049 0.924825
vt 0.419913 0.926484
vt 0.417647 0.928107
vt 0.415398 0.929745
vt 0.413314 0.931449
vt 0.409396 0.935184
vt 0.407405 0.937118
vt 0.379437 0.907524
vt 0.405372 0.939004
vt 0.378387 0.911498
vt 0.403282 0.940773
vt 0.401117 0.942354
vt 0.398863 0.943678
vt 0.396501 0.944779
vt 0.394039 0.945729
vt 0.391499 0.946518
vt 0.375587 0.912744
vt 0.388908 0.947137
vt 0.371955 0.914605
vt 0.386288 0.947575
vt 0.383666 0.947823
vt 0.370235 0.916079
vt 0.381064 0.947870
vt 0.378466 0.947648
vt 0.373963 0.947342
vt 0.365043 0.920518
vt 0.358459 0.929115
vt 0.359949 0.932734
vt 0.369705 0.946618
vt 0.359764 0.937718
vt 0.365804 0.945819
vt 0.362623 0.944963
vt 0.358445 0.939067
vt 0.358364 0.943317
vt 0.354276 0.939165
vt 0.350807 0.941861
vt 0.351931 0.938534
vt 0.347890 0.939371
vt 0.350182 0.936575
vt 0.348459 0.936207
vt 0.349794 0.936330
vt 0.346128 0.935047
vt 0.348069 0.934152
vt 0.340176 0.932995
vt 0.324614 0.936118
vt 0.334913 0.932254
vt 0.336562 0.932796
vt 0.331637 0.930661
vt 0.333386 0.931376
vt 0.328162 0.928374
vt 0.329592 0.930378
vt 0.323314 0.933034
vt 0.326282 0.926939
vt 0.320577 0.932052
vt 0.324972 0.925001
vt 0.317834 0.930983
vt 0.324241 0.923106
vt 0.321167 0.919951
vt 0.315126 0.929973
vt 0.312496 0.929167
vt 0.319452 0.917873
vt 0.309986 0.928710
vt 0.317811 0.915690
vt 0.316197 0.913469
vt 0.307640 0.928748
vt 0.313938 0.912510
vt 0.310865 0.911309
vt 0.305362 0.929295
vt 0.309126 0.909423
vt 0.303083 0.930226
vt 0.307635 0.907142
vt 0.300884 0.931480
vt 0.306119 0.905159
vt 0.304641 0.903175
vt 0.303551 0.900909
vt 0.298294 0.932496
vt 0.301707 0.899005
vt 0.299753 0.897206
vt 0.298811 0.895981
vt 0.295375 0.895656
vt 0.292910 0.893519
vt 0.295723 0.933214
vt 0.290073 0.891471
vt 0.287549 0.889430
vt 0.295567 0.936540
vt 0.283227 0.884590
vt 0.285137 0.887792
vt 0.294120 0.938233
vt 0.270817 0.874753
vt 0.265684 0.868958
vt 0.293393 0.939952
vt 0.264277 0.866998
vt 0.259808 0.864889
vt 0.262185 0.865871
vt 0.256103 0.863050
vt 0.294125 0.942904
vt 0.183004 0.941418
vt 0.182577 0.938049
vt 0.183925 0.942514
vt 0.185961 0.944046
vt 0.182987 0.935675
vt 0.188312 0.945459
vt 0.183325 0.932415
vt 0.184420 0.930807
vt 0.190826 0.946789
vt 0.185750 0.928597
vt 0.193351 0.948073
vt 0.187128 0.926049
vt 0.195737 0.949350
vt 0.188994 0.923707
vt 0.198058 0.950587
vt 0.191565 0.921655
vt 0.200474 0.951739
vt 0.202961 0.952825
vt 0.192795 0.919306
vt 0.205493 0.953869
vt 0.194141 0.917736
vt 0.194869 0.916705
vt 0.208046 0.954889
vt 0.195710 0.915721
vt 0.210594 0.955908
vt 0.213112 0.956945
vt 0.230668 0.964095
vt 0.195789 0.910795
vt 0.233127 0.965276
vt 0.196100 0.905527
vt 0.195864 0.902339
vt 0.195986 0.899538
vt 0.235555 0.966578
vt 0.237970 0.967926
vt 0.195951 0.896092
vt 0.242829 0.970462
vt 0.247849 0.972291
vt 0.253113 0.973157
vt 0.258533 0.973372
vt 0.261264 0.973315
vt 0.263989 0.973191
vt 0.269458 0.972892
vt 0.266694 0.973033
vt 0.272320 0.972761
vt 0.275207 0.972574
vt 0.280754 0.971771
vt 0.285500 0.969964
vt 0.289379 0.966781
vt 0.292590 0.962583
vt 0.294934 0.957953
vt 0.296017 0.953287
vt 0.295237 0.948092
vt 0.294610 0.945452
vt 0.195881 0.891441
vt 0.253381 0.861538
vt 0.195137 0.889997
vt 0.251692 0.860068
vt 0.194631 0.888121
vt 0.194416 0.883798
vt 0.250308 0.857882
vt 0.194436 0.880971
vt 0.249499 0.855392
vt 0.194535 0.879903
vt 0.249039 0.852890
vt 0.194331 0.877862
vt 0.248723 0.849811
vt 0.248447 0.847159
vt 0.189233 0.878057
vt 0.170146 0.864917
vt 0.171334 0.862584
vt 0.173008 0.861141
vt 0.172008 0.866430
vt 0.174436 0.867787
vt 0.177167 0.869066
vt 0.175267 0.858034
vt 0.179939 0.870344
vt 0.175288 0.856604
vt 0.177235 0.854634
vt 0.182491 0.871698
vt 0.178791 0.852706
vt 0.184560 0.873206
vt 0.186243 0.874808
vt 0.178650 0.849720
vt 0.187803 0.876412
vt 0.248446 0.844586
vt 0.246869 0.839599
vt 0.247614 0.842144
vt 0.245599 0.834384
vt 0.246200 0.836997
vt 0.244004 0.829312
vt 0.245054 0.831807
vt 0.241488 0.825583
vt 0.242816 0.827327
vt 0.240085 0.823948
vt 0.176223 0.844780
vt 0.237931 0.820315
vt 0.238408 0.822078
vt 0.240148 0.814569
vt 0.238969 0.815475
vt 0.174646 0.842917
vt 0.242216 0.812583
vt 0.241922 0.810407
vt 0.241554 0.808203
vt 0.241175 0.805968
vt 0.172555 0.841142
vt 0.240631 0.801395
vt 0.240846 0.803699
vt 0.170666 0.839123
vt 0.240592 0.799050
vt 0.168662 0.837217
vt 0.165378 0.835889
vt 0.163409 0.834005
vt 0.153025 0.819501
vt 0.241260 0.794203
vt 0.240791 0.796663
vt 0.151365 0.817743
vt 0.241953 0.791662
vt 0.149590 0.816129
vt 0.242819 0.789072
vt 0.147765 0.814597
vt 0.145956 0.813090
vt 0.142647 0.809906
vt 0.140159 0.806171
vt 0.138476 0.802040
vt 0.137792 0.799864
vt 0.137132 0.797626
vt 0.136438 0.795335
vt 0.243805 0.786465
vt 0.136543 0.791790
vt 0.129694 0.774332
vt 0.245929 0.781324
vt 0.244859 0.783872
vt 0.245201 0.775176
vt 0.125479 0.758857
vt 0.125725 0.755928
vt 0.254033 0.762711
vt 0.125888 0.751942
vt 0.255938 0.760384
vt 0.124108 0.749221
vt 0.122163 0.746668
vt 0.121804 0.744050
vt 0.257200 0.757957
vt 0.258481 0.755506
vt 0.259703 0.753033
vt 0.261372 0.747964
vt 0.262468 0.743006
vt 0.262202 0.737895
vt 0.261813 0.735321
vt 0.261333 0.732743
vt 0.256919 0.723325
vt 0.260822 0.730167
vt 0.254547 0.707289
vt 0.251947 0.705527
vt 0.250524 0.703190
vt 0.120629 0.741539
vt 0.250206 0.699877
vt 0.119923 0.738769
vt 0.251189 0.697498
vt 0.118074 0.736576
vt 0.116401 0.731559
vt 0.251526 0.695149
vt 0.113163 0.726829
vt 0.112040 0.721805
vt 0.110630 0.716291
vt 0.110848 0.713802
vt 0.110038 0.711151
vt 0.109116 0.705802
vt 0.108485 0.700394
vt 0.108007 0.695036
vt 0.108262 0.692377
vt 0.108566 0.689735
vt 0.109689 0.687314
vt 0.113872 0.670453
vt 0.252423 0.692833
vt 0.253166 0.690568
vt 0.113689 0.650342
vt 0.254368 0.688357
vt 0.113676 0.628937
vt 0.257605 0.684025
vt 0.255893 0.686183
vt 0.259368 0.681865
vt 0.261047 0.679683
vt 0.263710 0.675124
vt 0.264769 0.672663
vt 0.265764 0.670159
vt 0.267871 0.665352
vt 0.266772 0.667695
vt 0.118856 0.626572
vt 0.269140 0.663211
vt 0.113893 0.606216
vt 0.114727 0.603776
vt 0.270658 0.661355
vt 0.115689 0.602327
vt 0.116140 0.599187
vt 0.114746 0.595649
vt 0.272521 0.659905
vt 0.113608 0.592876
vt 0.113100 0.590249
vt 0.112409 0.587634
vt 0.274692 0.658830
vt 0.111592 0.585025
vt 0.109803 0.579812
vt 0.108944 0.577197
vt 0.107501 0.571938
vt 0.106837 0.569299
vt 0.106196 0.566655
vt 0.277047 0.657980
vt 0.105580 0.564006
vt 0.105009 0.558718
vt 0.104894 0.554097
vt 0.281823 0.656358
vt 0.285432 0.653547
vt 0.288230 0.649370
vt 0.290786 0.644608
vt 0.292869 0.639801
vt 0.291792 0.642102
vt 0.295727 0.635849
vt 0.294095 0.637846
vt 0.294945 0.631178
vt 0.294801 0.634315
vt 0.295448 0.629083
vt 0.103809 0.550884
vt 0.102362 0.548006
vt 0.298357 0.629345
vt 0.101525 0.542635
vt 0.102153 0.538087
vt 0.102014 0.534845
vt 0.101646 0.532143
vt 0.102772 0.529630
vt 0.103349 0.526698
vt 0.103901 0.524036
vt 0.103722 0.521497
vt 0.103506 0.518244
vt 0.300228 0.628530
vt 0.106134 0.499505
vt 0.106632 0.480433
vt 0.107584 0.461375
vt 0.108849 0.434241
vt 0.105593 0.406157
vt 0.105423 0.400153
vt 0.105560 0.397447
vt 0.106735 0.392273
vt 0.303785 0.628913
vt 0.106223 0.389322
vt 0.105115 0.385627
vt 0.100619 0.364952
vt 0.100067 0.359522
vt 0.099939 0.354015
vt 0.100261 0.348598
vt 0.101210 0.346286
vt 0.101934 0.343540
vt 0.103211 0.338496
vt 0.104302 0.336004
vt 0.105058 0.333116
vt 0.105537 0.330452
vt 0.106088 0.327860
vt 0.106636 0.325508
vt 0.106928 0.322804
vt 0.107308 0.320187
vt 0.107726 0.317322
vt 0.107647 0.311225
vt 0.109694 0.292792
vt 0.108983 0.289599
vt 0.109157 0.286874
vt 0.109313 0.284147
vt 0.109437 0.281420
vt 0.109516 0.278695
vt 0.109536 0.275973
vt 0.110222 0.273694
vt 0.110131 0.270826
vt 0.110697 0.268678
vt 0.110218 0.265539
vt 0.109587 0.262675
vt 0.109153 0.259734
vt 0.475813 0.052116
vt 0.476290 0.051283
vt 0.477486 0.052067
vt 0.475624 0.053042
vt 0.479583 0.053489
vt 0.475321 0.054945
vt 0.481645 0.055365
vt 0.483642 0.057546
vt 0.466060 0.056142
vt 0.485548 0.059884
vt 0.487332 0.062231
vt 0.488968 0.064439
vt 0.462020 0.056991
vt 0.490488 0.066558
vt 0.459590 0.057852
vt 0.491931 0.068733
vt 0.493271 0.070968
vt 0.494482 0.073261
vt 0.495541 0.075613
vt 0.496422 0.078026
vt 0.497099 0.080499
vt 0.497442 0.085751
vt 0.497223 0.088503
vt 0.496925 0.091291
vt 0.457070 0.058368
vt 0.496683 0.094077
vt 0.454460 0.058744
vt 0.496634 0.096824
vt 0.449058 0.059196
vt 0.451781 0.059010
vt 0.496912 0.099495
vt 0.446314 0.059334
vt 0.443570 0.059454
vt 0.440852 0.059586
vt 0.497581 0.102080
vt 0.421812 0.059924
vt 0.498539 0.104608
vt 0.500896 0.109587
vt 0.502081 0.112080
vt 0.503928 0.117184
vt 0.504942 0.122373
vt 0.505275 0.124978
vt 0.505519 0.127626
vt 0.505692 0.130342
vt 0.505812 0.133153
vt 0.505900 0.136085
vt 0.505955 0.139211
vt 0.505961 0.142533
vt 0.505911 0.145967
vt 0.505798 0.149434
vt 0.402795 0.060021
vt 0.505616 0.152851
vt 0.505358 0.156136
vt 0.504540 0.162043
vt 0.503186 0.167243
vt 0.502428 0.169714
vt 0.501694 0.172166
vt 0.501043 0.174653
vt 0.397379 0.060120
vt 0.400086 0.060073
vt 0.500532 0.177227
vt 0.394673 0.060175
vt 0.500166 0.179876
vt 0.391971 0.060253
vt 0.389272 0.060367
vt 0.386578 0.060531
vt 0.383890 0.060760
vt 0.378542 0.061558
vt 0.375878 0.062077
vt 0.373217 0.062608
vt 0.499894 0.182550
vt 0.370552 0.063097
vt 0.499693 0.185243
vt 0.367881 0.063493
vt 0.499539 0.187949
vt 0.365199 0.063743
vt 0.499409 0.190663
vt 0.499280 0.193378
vt 0.499130 0.196090
vt 0.359768 0.063981
vt 0.362495 0.063886
vt 0.498155 0.215125
vt 0.357032 0.064006
vt 0.496498 0.234102
vt 0.351581 0.063767
vt 0.354299 0.063942
vt 0.348892 0.063461
vt 0.495187 0.253144
vt 0.346245 0.063002
vt 0.493614 0.272173
vt 0.343642 0.062352
vt 0.492003 0.291122
vt 0.488427 0.309726
vt 0.341072 0.061515
vt 0.338530 0.060538
vt 0.485927 0.328630
vt 0.336007 0.059468
vt 0.485525 0.331309
vt 0.485056 0.333993
vt 0.484571 0.336672
vt 0.484123 0.339337
vt 0.333496 0.058351
vt 0.328484 0.056159
vt 0.325992 0.055070
vt 0.483761 0.341980
vt 0.321077 0.052703
vt 0.323528 0.053903
vt 0.316152 0.050394
vt 0.311099 0.048516
vt 0.305855 0.047251
vt 0.300490 0.046390
vt 0.297785 0.046043
vt 0.295079 0.045716
vt 0.292380 0.045381
vt 0.273406 0.043638
vt 0.235475 0.039926
vt 0.254432 0.041871
vt 0.483538 0.344592
vt 0.216665 0.036992
vt 0.483505 0.347165
vt 0.213995 0.036545
vt 0.208678 0.035570
vt 0.211334 0.036062
vt 0.203360 0.034663
vt 0.198004 0.034031
vt 0.192589 0.033811
vt 0.187136 0.033866
vt 0.181674 0.033991
vt 0.184404 0.033932
vt 0.159893 0.034027
vt 0.178949 0.034016
vt 0.154102 0.033747
vt 0.157069 0.033963
vt 0.483813 0.349712
vt 0.151101 0.033504
vt 0.145422 0.033436
vt 0.140890 0.034750
vt 0.138126 0.038128
vt 0.137342 0.042896
vt 0.135976 0.048018
vt 0.136514 0.045477
vt 0.132993 0.052603
vt 0.134171 0.050388
vt 0.130311 0.056957
vt 0.131682 0.054783
vt 0.127678 0.061393
vt 0.126278 0.066131
vt 0.126592 0.068674
vt 0.126028 0.071325
vt 0.125549 0.076824
vt 0.125116 0.082393
vt 0.125829 0.079615
vt 0.122177 0.104029
vt 0.124633 0.085130
vt 0.119105 0.122742
vt 0.117274 0.142136
vt 0.115727 0.163809
vt 0.114842 0.169032
vt 0.114791 0.174394
vt 0.114742 0.171934
vt 0.114595 0.180175
vt 0.115055 0.177432
vt 0.114433 0.185882
vt 0.114401 0.182862
vt 0.113359 0.190941
vt 0.114652 0.188846
vt 0.111875 0.196595
vt 0.111328 0.199211
vt 0.107452 0.216704
vt 0.108171 0.222323
vt 0.107992 0.219748
vt 0.108950 0.224217
vt 0.106971 0.227646
vt 0.105942 0.233213
vt 0.105049 0.238227
vt 0.105735 0.243595
vt 0.106673 0.246278
vt 0.107602 0.248963
vt 0.108179 0.254341
vt 0.108223 0.251649
vt 0.108801 0.257037
vt 0.484466 0.352248
vt 0.485297 0.354759
vt 0.486669 0.359655
vt 0.486136 0.361904
vt 0.486394 0.363900
vt 0.486382 0.365373
vt 0.482749 0.367577
vt 0.478203 0.371728
vt 0.478412 0.374294
vt 0.477632 0.376448
vt 0.477297 0.378739
vt 0.476999 0.381156
vt 0.477057 0.383716
vt 0.477394 0.386368
vt 0.477936 0.389066
vt 0.478605 0.391759
vt 0.479327 0.394398
vt 0.480026 0.396935
vt 0.480810 0.399347
vt 0.481782 0.401671
vt 0.482859 0.403944
vt 0.484998 0.408496
vt 0.486561 0.413316
vt 0.487278 0.418570
vt 0.487488 0.424075
vt 0.487480 0.426856
vt 0.487439 0.429619
vt 0.487395 0.432340
vt 0.486067 0.450972
vt 0.484631 0.453380
vt 0.483685 0.454029
vt 0.482742 0.454514
vt 0.486468 0.449000
vt 0.481916 0.454988
vt 0.486776 0.446613
vt 0.487006 0.443923
vt 0.487169 0.441039
vt 0.481321 0.455606
vt 0.487280 0.438073
vt 0.487350 0.435136
vt 0.481072 0.456522
vt 0.485392 0.464774
vt 0.485138 0.468586
vt 0.484776 0.463113
vt 0.483883 0.461589
vt 0.484252 0.470766
vt 0.482890 0.460184
vt 0.483086 0.473089
vt 0.481370 0.474161
vt 0.481973 0.458882
vt 0.481309 0.457667
vt 0.480666 0.478013
vt 0.479787 0.480538
vt 0.479380 0.483052
vt 0.479499 0.485585
vt 0.479996 0.488177
vt 0.480753 0.490817
vt 0.481653 0.493488
vt 0.482578 0.496177
vt 0.484036 0.501551
vt 0.484832 0.506921
vt 0.485133 0.509620
vt 0.485393 0.512327
vt 0.485630 0.515037
vt 0.485859 0.517749
vt 0.486100 0.520460
vt 0.487558 0.539481
vt 0.355831 0.658321
vt 0.359047 0.658390
vt 0.488344 0.558529
vt 0.488166 0.577571
vt 0.360571 0.660770
vt 0.365596 0.663806
vt 0.362907 0.662363
vt 0.370479 0.666471
vt 0.375624 0.668731
vt 0.372608 0.668232
vt 0.380668 0.670595
vt 0.384997 0.674661
vt 0.388789 0.677362
vt 0.393526 0.678350
vt 0.398887 0.678086
vt 0.404244 0.677649
vt 0.401576 0.677860
vt 0.422927 0.674809
vt 0.488959 0.596511
vt 0.428128 0.674555
vt 0.425538 0.674624
vt 0.433270 0.674539
vt 0.430703 0.674545
vt 0.435836 0.674482
vt 0.438407 0.674318
vt 0.443590 0.673491
vt 0.489634 0.615576
vt 0.446195 0.672862
vt 0.448806 0.672135
vt 0.451417 0.671339
vt 0.454027 0.670505
vt 0.456631 0.669661
vt 0.461839 0.668046
vt 0.459226 0.668839
vt 0.464482 0.667260
vt 0.467130 0.666461
vt 0.491516 0.634539
vt 0.469755 0.665631
vt 0.472334 0.664750
vt 0.474841 0.663800
vt 0.491807 0.637343
vt 0.477250 0.662762
vt 0.479677 0.661701
vt 0.492239 0.640265
vt 0.482185 0.660656
vt 0.492686 0.643218
vt 0.484666 0.659567
vt 0.493025 0.646114
vt 0.487009 0.658376
vt 0.938240 0.636914
vt 0.934991 0.639782
vt 0.932633 0.640440
vt 0.939156 0.634728
vt 0.939740 0.632200
vt 0.929938 0.640750
vt 0.940102 0.629454
vt 0.927032 0.640854
vt 0.940351 0.626616
vt 0.924045 0.640895
vt 0.940599 0.623810
vt 0.921104 0.641015
vt 0.940954 0.621162
vt 0.940433 0.618636
vt 0.918339 0.641359
vt 0.939969 0.616109
vt 0.940081 0.613581
vt 0.940275 0.611025
vt 0.899985 0.645664
vt 0.940372 0.608453
vt 0.942912 0.605870
vt 0.943122 0.603242
vt 0.943713 0.584101
vt 0.880618 0.647121
vt 0.945368 0.565029
vt 0.861984 0.650393
vt 0.945552 0.545881
vt 0.842843 0.652193
vt 0.946294 0.526792
vt 0.840313 0.653062
vt 0.834904 0.653913
vt 0.832210 0.654334
vt 0.826879 0.655042
vt 0.820978 0.655085
vt 0.816733 0.655094
vt 0.811300 0.654914
vt 0.806425 0.654684
vt 0.801207 0.654713
vt 0.798474 0.654341
vt 0.792977 0.653679
vt 0.947242 0.507684
vt 0.790245 0.653510
vt 0.947553 0.488537
vt 0.787546 0.653531
vt 0.947917 0.469414
vt 0.784874 0.653743
vt 0.947224 0.450334
vt 0.781916 0.653599
vt 0.776033 0.653991
vt 0.947354 0.447627
vt 0.773587 0.654426
vt 0.947137 0.444927
vt 0.771186 0.655787
vt 0.769085 0.657138
vt 0.947172 0.439537
vt 0.946334 0.442230
vt 0.948804 0.434153
vt 0.948097 0.436846
vt 0.948489 0.431456
vt 0.750791 0.662837
vt 0.745476 0.664288
vt 0.739439 0.665359
vt 0.735452 0.666908
vt 0.730066 0.667781
vt 0.724505 0.668416
vt 0.721727 0.668718
vt 0.716348 0.669486
vt 0.951726 0.412554
vt 0.952006 0.409830
vt 0.952287 0.407093
vt 0.952173 0.401605
vt 0.952239 0.396150
vt 0.952855 0.390767
vt 0.952493 0.385409
vt 0.951757 0.380126
vt 0.950447 0.374990
vt 0.947137 0.369926
vt 0.945020 0.364960
vt 0.943866 0.362584
vt 0.942875 0.360316
vt 0.939582 0.356278
vt 0.935566 0.353061
vt 0.929282 0.349975
vt 0.929716 0.352171
vt 0.928318 0.346223
vt 0.928834 0.348232
vt 0.926172 0.341360
vt 0.927157 0.343908
vt 0.925361 0.338654
vt 0.713816 0.670029
vt 0.924722 0.335865
vt 0.711326 0.670600
vt 0.708821 0.671131
vt 0.924252 0.333067
vt 0.706365 0.671704
vt 0.704023 0.672398
vt 0.535575 0.987113
vt 0.533886 0.985032
vt 0.537325 0.987611
vt 0.533717 0.983588
vt 0.533862 0.981932
vt 0.539675 0.987724
vt 0.534221 0.980106
vt 0.542462 0.987559
vt 0.534692 0.978155
vt 0.535808 0.976120
vt 0.545522 0.987227
vt 0.536558 0.973931
vt 0.548692 0.986836
vt 0.538295 0.968964
vt 0.551808 0.986497
vt 0.539457 0.966297
vt 0.554706 0.986318
vt 0.540408 0.963583
vt 0.541501 0.960879
vt 0.573867 0.986243
vt 0.542329 0.958240
vt 0.543407 0.955647
vt 0.543650 0.953043
vt 0.544475 0.950430
vt 0.545269 0.947807
vt 0.576673 0.986345
vt 0.546025 0.945176
vt 0.546739 0.942535
vt 0.579571 0.986597
vt 0.547402 0.939886
vt 0.548716 0.937226
vt 0.582491 0.986886
vt 0.585366 0.987101
vt 0.588126 0.987129
vt 0.593027 0.986175
vt 0.596858 0.983514
vt 0.599968 0.979692
vt 0.601400 0.977561
vt 0.602829 0.975399
vt 0.605868 0.971204
vt 0.604314 0.973291
vt 0.607443 0.969049
vt 0.609006 0.966831
vt 0.610524 0.964557
vt 0.611965 0.962233
vt 0.613297 0.959865
vt 0.614487 0.957457
vt 0.615562 0.954996
vt 0.549167 0.934554
vt 0.616562 0.952469
vt 0.549640 0.931872
vt 0.617469 0.949892
vt 0.618265 0.947277
vt 0.550348 0.929182
vt 0.618934 0.944639
vt 0.619459 0.941992
vt 0.619821 0.939348
vt 0.619659 0.933966
vt 0.619238 0.931229
vt 0.618766 0.928495
vt 0.618373 0.925786
vt 0.550358 0.926488
vt 0.550410 0.923791
vt 0.617315 0.923128
vt 0.550843 0.921094
vt 0.551237 0.918388
vt 0.617357 0.920543
vt 0.551571 0.915670
vt 0.551878 0.912945
vt 0.552191 0.910223
vt 0.552544 0.907508
vt 0.618449 0.918042
vt 0.552970 0.904811
vt 0.553502 0.902136
vt 0.559192 0.883855
vt 0.619629 0.915605
vt 0.621653 0.910857
vt 0.620577 0.913215
vt 0.623951 0.906168
vt 0.622797 0.908513
vt 0.625055 0.903804
vt 0.563728 0.865217
vt 0.627230 0.899047
vt 0.626128 0.901425
vt 0.629520 0.894303
vt 0.628360 0.896672
vt 0.631929 0.889588
vt 0.630709 0.891941
vt 0.631442 0.885298
vt 0.566822 0.846426
vt 0.642243 0.871128
vt 0.570473 0.827549
vt 0.645465 0.866673
vt 0.643477 0.868880
vt 0.645848 0.864483
vt 0.646429 0.862282
vt 0.651965 0.857749
vt 0.654178 0.852880
vt 0.654292 0.850314
vt 0.654923 0.847689
vt 0.654801 0.841347
vt 0.573312 0.808678
vt 0.657542 0.839667
vt 0.657530 0.834379
vt 0.657690 0.829076
vt 0.656847 0.823781
vt 0.657410 0.826424
vt 0.656361 0.821151
vt 0.573861 0.806003
vt 0.655253 0.818542
vt 0.574463 0.803337
vt 0.575089 0.800677
vt 0.654632 0.815967
vt 0.575709 0.798018
vt 0.576292 0.795353
vt 0.576809 0.792679
vt 0.659065 0.813424
vt 0.577231 0.789990
vt 0.660218 0.810899
vt 0.577549 0.787285
vt 0.661435 0.808376
vt 0.662126 0.803875
vt 0.577786 0.784567
vt 0.664209 0.800668
vt 0.664384 0.795245
vt 0.664121 0.792467
vt 0.663799 0.789687
vt 0.663515 0.784252
vt 0.663553 0.786938
vt 0.577962 0.781840
vt 0.578199 0.776371
vt 0.663818 0.781661
vt 0.578298 0.773637
vt 0.578407 0.770908
vt 0.578644 0.768113
vt 0.579030 0.765228
vt 0.579444 0.762320
vt 0.664535 0.779196
vt 0.579763 0.759458
vt 0.665571 0.776840
vt 0.579864 0.756709
vt 0.666810 0.774550
vt 0.579624 0.754142
vt 0.668135 0.772284
vt 0.670576 0.767655
vt 0.672069 0.762655
vt 0.672511 0.760031
vt 0.672829 0.757356
vt 0.672767 0.751920
vt 0.672740 0.746486
vt 0.673496 0.749194
vt 0.673281 0.743764
vt 0.674178 0.741002
vt 0.578920 0.751826
vt 0.674306 0.738225
vt 0.674765 0.732737
vt 0.674479 0.735461
vt 0.675237 0.730079
vt 0.577582 0.749867
vt 0.675687 0.725069
vt 0.675963 0.727515
vt 0.575662 0.748241
vt 0.678344 0.722724
vt 0.573370 0.746818
vt 0.679869 0.720447
vt 0.570920 0.745467
vt 0.568526 0.744058
vt 0.564749 0.740541
vt 0.562724 0.735808
vt 0.561587 0.730414
vt 0.561158 0.727617
vt 0.560720 0.724834
vt 0.560194 0.722122
vt 0.558997 0.716799
vt 0.558410 0.714126
vt 0.557848 0.711447
vt 0.557321 0.708762
vt 0.556843 0.706070
vt 0.556425 0.703371
vt 0.555975 0.700612
vt 0.554945 0.694909
vt 0.554541 0.692076
vt 0.554390 0.686716
vt 0.555765 0.682014
vt 0.558939 0.677674
vt 0.562631 0.673934
vt 0.564224 0.672398
vt 0.565408 0.671143
vt 0.567112 0.669872
vt 0.568219 0.669685
vt 0.568398 0.669634
vt 0.681493 0.718206
vt 0.683125 0.715969
vt 0.684674 0.713703
vt 0.687274 0.708998
vt 0.688450 0.706608
vt 0.689573 0.704202
vt 0.690642 0.701774
vt 0.691657 0.699322
vt 0.692616 0.696843
vt 0.693520 0.694332
vt 0.693852 0.688826
vt 0.695647 0.683055
vt 0.694587 0.685914
vt 0.697084 0.677975
vt 0.696236 0.680369
vt 0.698307 0.675993
vt 0.568247 0.669419
vt 0.699930 0.674463
vt 0.567705 0.668892
vt 0.701856 0.673291
vt 0.566536 0.668148
vt 0.564715 0.667348
vt 0.562498 0.666446
vt 0.557903 0.664155
vt 0.554802 0.660916
vt 0.554879 0.656259
vt 0.555516 0.650560
vt 0.555467 0.644734
vt 0.558545 0.639580
vt 0.563791 0.632767
vt 0.563364 0.630870
vt 0.563199 0.629065
vt 0.562906 0.627851
vt 0.562012 0.625379
vt 0.561972 0.622811
vt 0.561601 0.620180
vt 0.560998 0.617501
vt 0.560261 0.614791
vt 0.558777 0.609340
vt 0.555884 0.587655
vt 0.553358 0.568677
vt 0.551932 0.549591
vt 0.551972 0.530440
vt 0.551120 0.492182
vt 0.551721 0.473041
vt 0.552257 0.434822
vt 0.552968 0.429371
vt 0.553403 0.426643
vt 0.553828 0.423919
vt 0.554194 0.421204
vt 0.554456 0.418501
vt 0.554564 0.415816
vt 0.554445 0.413155
vt 0.555413 0.410515
vt 0.554388 0.407890
vt 0.552773 0.402650
vt 0.553512 0.397374
vt 0.553635 0.394713
vt 0.553734 0.392044
vt 0.555204 0.386687
vt 0.555660 0.384000
vt 0.556411 0.381309
vt 0.556752 0.378613
vt 0.558583 0.359609
vt 0.561766 0.340684
vt 0.923807 0.327741
vt 0.923947 0.330334
vt 0.562544 0.321596
vt 0.923846 0.325269
vt 0.562633 0.302445
vt 0.923444 0.322847
vt 0.562634 0.283294
vt 0.921840 0.318125
vt 0.922788 0.320468
vt 0.562510 0.280562
vt 0.921479 0.315978
vt 0.562918 0.277831
vt 0.562980 0.275100
vt 0.562903 0.272372
vt 0.562317 0.269646
vt 0.561550 0.264206
vt 0.564233 0.245279
vt 0.924399 0.313520
vt 0.563629 0.226192
vt 0.926115 0.311246
vt 0.563668 0.223465
vt 0.563738 0.220736
vt 0.563814 0.218006
vt 0.928614 0.309019
vt 0.563869 0.215278
vt 0.563812 0.209843
vt 0.929974 0.306853
vt 0.563649 0.207141
vt 0.931490 0.304722
vt 0.563323 0.204456
vt 0.933087 0.302598
vt 0.936225 0.298257
vt 0.937989 0.293643
vt 0.939524 0.288831
vt 0.942776 0.283867
vt 0.945605 0.278776
vt 0.946636 0.273516
vt 0.947141 0.268106
vt 0.948298 0.262661
vt 0.949601 0.241184
vt 0.954234 0.203204
vt 0.953892 0.184065
vt 0.953833 0.181377
vt 0.953803 0.178703
vt 0.953774 0.176042
vt 0.953597 0.170740
vt 0.953064 0.165444
vt 0.951763 0.160119
vt 0.950888 0.157452
vt 0.950004 0.154793
vt 0.948635 0.149535
vt 0.949218 0.152151
vt 0.563335 0.201786
vt 0.948360 0.146954
vt 0.563417 0.199126
vt 0.563045 0.196469
vt 0.561282 0.191141
vt 0.560540 0.185754
vt 0.561006 0.180320
vt 0.561373 0.177593
vt 0.561769 0.174865
vt 0.562151 0.172137
vt 0.562475 0.169414
vt 0.564453 0.150371
vt 0.948454 0.144427
vt 0.565473 0.131298
vt 0.565577 0.128564
vt 0.565618 0.125816
vt 0.565645 0.123065
vt 0.565849 0.117594
vt 0.566578 0.112231
vt 0.568143 0.107032
vt 0.570252 0.101941
vt 0.571353 0.099411
vt 0.572399 0.096879
vt 0.573328 0.094335
vt 0.574174 0.091792
vt 0.575921 0.089262
vt 0.577814 0.086737
vt 0.578096 0.084205
vt 0.578013 0.081659
vt 0.578391 0.079087
vt 0.948080 0.141955
vt 0.578454 0.076482
vt 0.578821 0.073811
vt 0.946773 0.137079
vt 0.947548 0.139514
vt 0.947084 0.134628
vt 0.578989 0.071074
vt 0.948480 0.132137
vt 0.950894 0.129583
vt 0.952334 0.124450
vt 0.952559 0.119237
vt 0.951983 0.113654
vt 0.952777 0.107318
vt 0.952679 0.110634
vt 0.952962 0.103694
vt 0.953149 0.099906
vt 0.953200 0.092410
vt 0.952264 0.085979
vt 0.603604 0.033475
vt 0.608152 0.035933
vt 0.601467 0.033767
vt 0.599427 0.034442
vt 0.597475 0.035439
vt 0.595603 0.036700
vt 0.609825 0.036724
vt 0.593802 0.038166
vt 0.612758 0.037927
vt 0.592063 0.039777
vt 0.590377 0.041475
vt 0.589345 0.043325
vt 0.615807 0.038268
vt 0.586376 0.047659
vt 0.585546 0.050051
vt 0.618412 0.039460
vt 0.584252 0.052531
vt 0.581311 0.055053
vt 0.579664 0.060134
vt 0.579295 0.062800
vt 0.579126 0.065534
vt 0.579057 0.068303
vt 0.621020 0.040335
vt 0.623650 0.040921
vt 0.626328 0.041380
vt 0.629044 0.041738
vt 0.631783 0.042023
vt 0.634534 0.042261
vt 0.637283 0.042481
vt 0.640018 0.042710
vt 0.678298 0.044446
vt 0.681027 0.044653
vt 0.683756 0.044884
vt 0.686482 0.045141
vt 0.689207 0.045426
vt 0.691927 0.045740
vt 0.694642 0.046085
vt 0.697351 0.046464
vt 0.716171 0.049994
vt 0.753704 0.055833
vt 0.772279 0.060402
vt 0.791046 0.064255
vt 0.945131 0.074547
vt 0.935247 0.071266
vt 0.948416 0.076052
vt 0.946952 0.076338
vt 0.933845 0.071551
vt 0.932522 0.071753
vt 0.950080 0.078134
vt 0.948608 0.078421
vt 0.931133 0.072039
vt 0.929750 0.072369
vt 0.951546 0.080465
vt 0.950067 0.080752
vt 0.928374 0.072654
vt 0.924304 0.073522
vt 0.926992 0.072997
vt 0.922954 0.073808
vt 0.925629 0.073283
vt 0.919026 0.074681
vt 0.921669 0.074038
vt 0.917701 0.074967
vt 0.920331 0.074324
vt 0.916377 0.075394
vt 0.914542 0.076121
vt 0.909770 0.077090
vt 0.913237 0.076407
vt 0.911058 0.076804
vt 0.908387 0.077387
vt 0.904446 0.078102
vt 0.907111 0.077674
vt 0.905708 0.077815
vt 0.903020 0.078099
vt 0.899085 0.078580
vt 0.901770 0.078386
vt 0.900322 0.078293
vt 0.899589 0.078463
vt 0.951296 0.083286
vt 0.893241 0.078768
vt 0.897658 0.078934
vt 0.867716 0.075335
vt 0.848898 0.071897
vt 0.829721 0.070239
vt 0.873143 0.076279
vt 0.878591 0.077202
vt 0.875866 0.076754
vt 0.884039 0.077926
vt 0.881316 0.077600
vt 0.889471 0.078310
vt 0.886756 0.078158
vt 0.894451 0.078471
vt 0.885583 0.078444
vt 0.888285 0.078596
vt 0.880168 0.077886
vt 0.882878 0.078213
vt 0.874743 0.077040
vt 0.877455 0.077488
vt 0.869329 0.076085
vt 0.872033 0.076565
vt 0.828816 0.070524
vt 0.809940 0.067314
vt 0.847902 0.072182
vt 0.866632 0.075621
vt 0.397803 0.060691
vt 0.360193 0.064552
vt 0.352006 0.064338
vt 0.122602 0.104600
vt 0.108596 0.222889
vt 0.108604 0.254912
vt 0.269882 0.973463
vt 0.346555 0.935619
vt 0.260233 0.865461
vt 0.241912 0.826155
vt 0.246353 0.781896
vt 0.258030 0.684596
vt 0.295370 0.631750
vt 0.336171 0.662721
vt 0.404668 0.678220
vt 0.433695 0.675110
vt 0.462264 0.668617
vt 0.605719 0.970765
vt 0.623887 0.905739
vt 0.631903 0.889163
vt 0.645504 0.866252
vt 0.656940 0.823367
vt 0.672907 0.746085
vt 0.674942 0.732338
vt 0.697367 0.677586
vt 0.950277 0.433805
vt 0.927538 0.341028
vt 0.925161 0.327411
vt 0.948244 0.136789
vt 0.954269 0.107026
vt 0.421789 0.903454
vt 0.411360 0.933271
vt 0.116895 0.734135
vt 0.114060 0.682665
vt 0.110704 0.582419
vt 0.105681 0.394746
vt 0.499680 0.107104
vt 0.837608 0.653480
vt 0.795725 0.653976
vt 0.778992 0.653941
vt 0.718997 0.669062
vt 0.578094 0.779107
vt 0.559596 0.719464
vt 0.555453 0.697773
vt 0.551884 0.511289
vt 0.563877 0.212557
vt 0.659152 0.043722
vt 0.735012 0.052131
vt 0.915064 0.075680
vt 0.898355 0.078750
vt 0.819940 0.654864
vt 0.819081 0.655249
vt 0.950447 0.259643
vt 0.948974 0.259961
vt 0.287220 0.652165
vt 0.286794 0.651594
vt 0.528783 0.025026
vt 0.060911 0.032314
vt 0.035025 0.932748
vt 0.066288 0.619047
vt 0.038900 0.909824
vt 0.011186 0.579322
vt 0.060885 0.049327
vt 0.046650 0.770067
vt 0.059547 0.578079
vt 0.042775 0.820865
vt 0.065890 0.627445
vt 0.058276 0.751466
vt 0.060326 0.074462
vt 0.011115 0.510115
vt 0.060357 0.090035
vt 0.011170 0.434753
vt 0.079380 0.406109
vt 0.081790 0.629734
vt 0.073839 0.356872
vt 0.010977 0.639209
vt 0.050526 0.767167
vt 0.073821 0.451933
vt 0.070164 0.686711
vt 0.011088 0.699073
vt 0.074039 0.633635
vt 0.041987 0.642813
vt 0.073932 0.304639
vt 0.529287 0.502705
vt 0.016641 0.706353
vt 0.058212 0.204178
vt 0.013935 0.476603
vt 0.031040 0.476873
vt 0.033850 0.643442
vt 0.061044 0.207708
vt 0.060931 0.038646
vt 0.073701 0.441478
vt 0.076642 0.453789
vt 0.054401 0.759845
vt 0.073864 0.392820
vt 0.079399 0.408913
vt 0.073804 0.418898
vt 0.521536 0.887042
vt 0.077914 0.632587
vt 0.533162 0.502625
vt 0.941122 0.072017
vt 0.485981 0.467158
vt 0.485887 0.452983
vt 0.484929 0.365477
vt 0.478757 0.050198
vt 0.497870 0.083641
vt 0.503551 0.115176
vt 0.504923 0.120355
vt 0.505443 0.159780
vt 0.504334 0.165275
vt 0.381635 0.061672
vt 0.331415 0.057803
vt 0.319048 0.052089
vt 0.314074 0.049949
vt 0.308922 0.048390
vt 0.303608 0.047355
vt 0.206446 0.035666
vt 0.201114 0.034870
vt 0.195727 0.034445
vt 0.190290 0.034388
vt 0.148597 0.033930
vt 0.143384 0.034429
vt 0.139725 0.036771
vt 0.137668 0.040974
vt 0.129376 0.059722
vt 0.126988 0.064281
vt 0.126117 0.074624
vt 0.115931 0.161298
vt 0.115346 0.166828
vt 0.112745 0.194083
vt 0.106836 0.230823
vt 0.105336 0.236109
vt 0.105763 0.241483
vt 0.170375 0.864728
vt 0.182695 0.940372
vt 0.240813 0.969817
vt 0.245735 0.972073
vt 0.250878 0.973393
vt 0.256235 0.973902
vt 0.278468 0.972836
vt 0.283689 0.971597
vt 0.287935 0.969107
vt 0.291505 0.965343
vt 0.294308 0.960857
vt 0.296142 0.956230
vt 0.296206 0.951306
vt 0.403928 0.879174
vt 0.426834 0.917383
vt 0.425769 0.921765
vt 0.368388 0.917804
vt 0.307659 0.909224
vt 0.268630 0.871008
vt 0.144653 0.812117
vt 0.141703 0.808682
vt 0.139670 0.804716
vt 0.261211 0.751115
vt 0.262649 0.746103
vt 0.262865 0.741030
vt 0.256371 0.710218
vt 0.114801 0.729850
vt 0.112491 0.724915
vt 0.111606 0.719774
vt 0.109472 0.708713
vt 0.108996 0.703692
vt 0.108254 0.698275
vt 0.262930 0.678033
vt -0.098680 0.672045
vt 0.108609 0.575143
vt 0.105417 0.561923
vt 0.104912 0.556630
vt 0.279890 0.657777
vt 0.284421 0.655859
vt 0.290194 0.647748
vt 0.102329 0.545893
vt 0.101676 0.540517
vt 0.106440 0.423939
vt 0.105743 0.403434
vt 0.319612 0.313747
vt 0.103428 0.360737
vt 0.100271 0.357329
vt 0.100361 0.351853
vt 0.102753 0.341617
vt 0.107906 0.314747
vt 0.486562 0.357805
vt 0.484384 0.406777
vt 0.486318 0.411424
vt 0.487423 0.416469
vt 0.487855 0.421875
vt 0.483836 0.499440
vt 0.484896 0.504801
vt 0.316357 0.663149
vt 0.368424 0.665745
vt 0.379028 0.670739
vt 0.383655 0.673707
vt 0.387087 0.677005
vt 0.391316 0.678838
vt 0.396622 0.678841
vt 0.441416 0.674562
vt 0.605709 0.033435
vt 0.587301 0.045122
vt 0.580062 0.057288
vt 0.533985 0.985779
vt 0.536145 0.971088
vt 0.590482 0.986416
vt 0.594862 0.984591
vt 0.598289 0.981264
vt 0.619814 0.936247
vt 0.650643 0.859626
vt 0.653234 0.854945
vt 0.655670 0.844609
vt 0.657994 0.836600
vt 0.658034 0.831314
vt 0.663182 0.802255
vt 0.664586 0.797580
vt 0.669581 0.769594
vt 0.671619 0.764804
vt 0.673238 0.754244
vt 0.566062 0.742059
vt 0.563238 0.737888
vt 0.561727 0.732765
vt 0.553933 0.688935
vt 0.554429 0.683909
vt 0.556818 0.679402
vt 0.560448 0.675319
vt 0.565968 0.669911
vt 0.567441 0.669328
vt 0.686276 0.710979
vt 0.694520 0.691281
vt 0.938299 0.638250
vt 0.830442 0.654334
vt 0.825141 0.654891
vt 0.815017 0.655121
vt 0.809577 0.654615
vt 0.804695 0.654646
vt 0.749195 0.663864
vt 0.743920 0.665048
vt 0.738594 0.666053
vt 0.733231 0.666982
vt 0.727721 0.667729
vt 0.954037 0.404006
vt 0.954118 0.398529
vt 0.954452 0.393113
vt 0.954199 0.387743
vt 0.953673 0.382415
vt 0.952670 0.377197
vt 0.950999 0.372123
vt 0.948057 0.367083
vt 0.942747 0.357849
vt 0.939051 0.354270
vt 0.559776 0.665009
vt 0.555652 0.662290
vt 0.554370 0.658387
vt 0.554442 0.653097
vt 0.554518 0.647221
vt 0.555630 0.641676
vt 0.559480 0.636819
vt 0.559119 0.611687
vt 0.557852 0.606255
vt 0.550590 0.453540
vt 0.552169 0.431751
vt 0.552791 0.404928
vt 0.552105 0.399679
vt 0.553396 0.389029
vt 0.561199 0.266605
vt 0.936096 0.300127
vt 0.939036 0.295662
vt 0.940322 0.290935
vt 0.942856 0.286043
vt 0.946167 0.281015
vt 0.947821 0.275852
vt 0.948746 0.270503
vt 0.949622 0.265062
vt 0.954681 0.222014
vt 0.955211 0.173086
vt 0.954884 0.167791
vt 0.954014 0.162485
vt 0.561311 0.193502
vt 0.560165 0.188150
vt 0.560352 0.182737
vt 0.565366 0.120027
vt 0.565786 0.114601
vt 0.566929 0.109321
vt 0.568838 0.104186
vt 0.953627 0.126714
vt 0.953960 0.121578
vt 0.954106 0.116217
vt 0.954750 0.095807
vt 0.954389 0.088702
vt 0.492142 0.653593
vt 0.315932 0.662578
vt 0.403511 0.878611
vt 0.426410 0.916812
vt 0.425344 0.921194
vt 0.367953 0.917238
vt 0.357976 0.926740
vt 0.268205 0.870436
vt 0.182280 0.939818
vt 0.240389 0.969245
vt 0.245310 0.971502
vt 0.250454 0.972822
vt 0.255811 0.973330
vt 0.278044 0.972265
vt 0.283265 0.971026
vt 0.287511 0.968536
vt 0.291081 0.964772
vt 0.293883 0.960285
vt 0.295718 0.955659
vt 0.295782 0.950734
vt 0.169951 0.864156
vt 0.144228 0.811546
vt 0.141278 0.808111
vt 0.139245 0.804145
vt 0.260786 0.750544
vt 0.262225 0.745532
vt 0.262440 0.740458
vt 0.255946 0.709647
vt 0.114376 0.729278
vt 0.112066 0.724343
vt 0.111181 0.719202
vt 0.109046 0.708141
vt 0.108571 0.703120
vt 0.107830 0.697704
vt 0.262505 0.677462
vt 0.115511 0.620928
vt 0.108184 0.574572
vt 0.104993 0.561352
vt 0.104488 0.556057
vt 0.279465 0.657206
vt 0.283997 0.655287
vt 0.289769 0.647177
vt 0.101905 0.545322
vt 0.101251 0.539945
vt 0.106016 0.423367
vt 0.105319 0.402862
vt 0.100367 0.368208
vt 0.100179 0.362268
vt 0.099846 0.356756
vt 0.099936 0.351281
vt 0.102329 0.341045
vt 0.107482 0.314175
vt 0.476149 0.052404
vt 0.497446 0.083070
vt 0.503127 0.114605
vt 0.504499 0.119784
vt 0.505018 0.159209
vt 0.503910 0.164704
vt 0.381211 0.061101
vt 0.330991 0.057232
vt 0.318623 0.051518
vt 0.313649 0.049378
vt 0.308497 0.047819
vt 0.303183 0.046784
vt 0.206022 0.035095
vt 0.200689 0.034299
vt 0.195303 0.033874
vt 0.189865 0.033817
vt 0.148172 0.033359
vt 0.142960 0.033858
vt 0.139301 0.036200
vt 0.137244 0.040403
vt 0.128951 0.059151
vt 0.126563 0.063710
vt 0.125692 0.074051
vt 0.115506 0.160725
vt 0.114921 0.166256
vt 0.112320 0.193510
vt 0.106413 0.230251
vt 0.104911 0.235538
vt 0.105339 0.240912
vt 0.486137 0.357234
vt 0.486152 0.365544
vt 0.483959 0.406206
vt 0.485893 0.410853
vt 0.486998 0.415898
vt 0.487430 0.421304
vt 0.485463 0.452412
vt 0.485556 0.466587
vt 0.483412 0.498869
vt 0.484472 0.504230
vt 0.368000 0.665174
vt 0.378609 0.670171
vt 0.383236 0.673139
vt 0.386664 0.676435
vt 0.390891 0.678267
vt 0.396197 0.678269
vt 0.440992 0.673991
vt 0.936882 0.638632
vt 0.829533 0.654719
vt 0.824257 0.655276
vt 0.814181 0.655506
vt 0.808766 0.655001
vt 0.803907 0.655031
vt 0.748669 0.664251
vt 0.743418 0.665435
vt 0.738117 0.666441
vt 0.732780 0.667369
vt 0.727296 0.668117
vt 0.952547 0.404348
vt 0.952627 0.398870
vt 0.952960 0.393453
vt 0.952708 0.388083
vt 0.952184 0.382753
vt 0.951186 0.377535
vt 0.949523 0.372460
vt 0.946593 0.367417
vt 0.941309 0.358183
vt 0.937631 0.354603
vt 0.534472 0.986221
vt 0.536622 0.971527
vt 0.590703 0.986858
vt 0.595062 0.985033
vt 0.598474 0.981705
vt 0.619897 0.936680
vt 0.650581 0.860047
vt 0.653159 0.855365
vt 0.655582 0.845024
vt 0.657897 0.837017
vt 0.657937 0.831730
vt 0.663061 0.802667
vt 0.664458 0.797990
vt 0.669429 0.770000
vt 0.671458 0.765208
vt 0.673069 0.754646
vt 0.566398 0.742459
vt 0.563587 0.738287
vt 0.562083 0.733164
vt 0.554326 0.689326
vt 0.554819 0.684299
vt 0.557198 0.679791
vt 0.560810 0.675708
vt 0.566304 0.670299
vt 0.567770 0.669715
vt 0.686046 0.711374
vt 0.694251 0.691672
vt 0.560142 0.665397
vt 0.556037 0.662677
vt 0.554762 0.658775
vt 0.554833 0.653482
vt 0.554908 0.647605
vt 0.556015 0.642059
vt 0.559852 0.637195
vt 0.559488 0.612065
vt 0.558226 0.606632
vt 0.550999 0.453891
vt 0.552570 0.432099
vt 0.553190 0.405271
vt 0.552506 0.400021
vt 0.553792 0.389369
vt 0.561558 0.266924
vt 0.934690 0.300452
vt 0.937616 0.295986
vt 0.938894 0.291257
vt 0.941418 0.286366
vt 0.944714 0.281336
vt 0.946360 0.276172
vt 0.947281 0.270823
vt 0.948153 0.265380
vt 0.953188 0.222325
vt 0.953715 0.173388
vt 0.953390 0.168093
vt 0.952523 0.162786
vt 0.561670 0.193810
vt 0.560529 0.188456
vt 0.560715 0.183041
vt 0.565705 0.120321
vt 0.566123 0.114894
vt 0.567260 0.109613
vt 0.569161 0.104477
vt 0.952139 0.127009
vt 0.952470 0.121872
vt 0.952615 0.116510
vt 0.953256 0.096097
vt 0.952897 0.088990
vt 0.605858 0.033714
vt 0.587538 0.045402
vt 0.580332 0.057571
vt 0.870425 0.075799
vt 0.898888 0.078583
vt 0.952781 0.082999
s 1
f 2/1/1 833/2/2 1/3/2
f 3/4/3 834/5/1 2/1/1
f 4/6/4 835/7/3 3/4/3
f 5/8/5 836/9/4 4/6/4
f 6/10/6 837/11/5 5/8/5
f 7/12/7 838/13/6 6/10/6
f 8/14/8 839/15/9 7/12/7
f 9/16/10 840/17/8 8/14/8
f 10/18/11 841/19/10 9/16/10
f 11/20/12 842/21/11 10/18/11
f 12/22/13 843/23/12 11/20/12
f 13/24/14 844/25/13 12/22/13
f 14/26/15 845/27/14 13/24/14
f 15/28/16 846/29/15 14/26/15
f 16/30/17 847/31/16 15/28/16
f 17/32/18 848/33/17 16/30/17
f 18/34/19 849/35/18 17/32/18
f 19/36/20 850/37/19 18/34/19
f 20/38/21 851/39/20 19/36/20
f 21/40/22 852/41/21 20/38/21
f 22/42/23 853/43/22 21/40/22
f 23/44/24 854/45/23 22/42/23
f 24/46/25 855/47/24 23/44/24
f 25/48/26 856/49/25 24/46/25
f 26/50/27 857/51/26 25/48/26
f 27/52/28 858/53/27 26/50/27
f 28/54/29 859/55/28 27/52/28
f 29/56/30 860/57/29 28/54/29
f 30/58/31 861/59/30 29/56/30
f 31/60/32 862/61/31 30/58/31
f 32/62/33 863/63/32 31/60/32
f 33/64/34 864/65/33 32/62/33
f 34/66/35 865/67/34 33/64/34
f 35/68/36 866/69/35 34/66/35
f 36/70/37 867/71/36 35/68/36
f 37/72/38 868/73/37 36/70/37
f 38/74/39 869/75/38 37/72/38
f 39/76/40 870/77/39 38/74/39
f 40/78/41 871/79/40 39/76/40
f 41/80/42 872/81/41 40/78/41
f 42/82/43 873/83/42 41/80/42
f 43/84/44 874/85/43 42/82/43
f 44/86/45 875/87/44 43/84/44
f 45/88/46 876/89/45 44/86/45
f 46/90/47 877/91/46 45/88/46
f 47/92/48 878/93/47 46/90/47
f 48/94/49 879/95/48 47/92/48
f 49/96/50 880/97/49 48/94/49
f 50/98/51 881/99/50 49/96/50
f 51/100/52 882/101/51 50/98/51
f 52/102/53 883/103/52 51/100/52
f 53/104/54 884/105/53 52/102/53
f 54/106/55 885/107/54 53/104/54
f 55/108/56 886/109/55 54/106/55
f 56/110/57 887/111/56 55/108/56
f 57/112/58 888/113/57 56/110/57
f 58/114/59 889/115/58 57/112/58
f 59/116/60 890/117/59 58/114/59
f 60/118/61 891/119/60 59/116/60
f 61/120/62 892/121/61 60/118/61
f 62/122/63 893/123/62 61/120/62
f 63/124/64 894/125/63 62/122/63
f 64/126/65 895/127/64 63/124/64
f 65/128/66 896/129/65 64/126/65
f 66/130/67 897/131/66 65/128/66
f 67/132/68 898/133/67 66/130/67
f 68/134/69 899/135/68 67/132/68
f 69/136/70 900/137/69 68/134/69
f 70/138/71 901/139/70 69/136/70
f 71/140/72 902/141/71 70/138/71
f 72/142/73 903/143/72 71/140/72
f 73/144/74 904/145/73 72/142/73
f 74/146/75 905/147/74 73/148/74
f 75/149/76 906/150/75 74/146/75
f 76/151/77 907/152/76 75/149/76
f 77/153/78 908/154/77 76/151/77
f 78/155/79 909/156/80 77/153/78
f 79/157/81 910/158/79 78/159/79
f 80/160/82 911/161/81 79/157/81
f 81/162/83 912/163/82 80/160/82
f 82/164/84 913/165/83 81/162/83
f 83/166/85 914/167/84 82/164/84
f 84/168/86 915/169/85 83/166/85
f 85/170/87 916/171/86 84/168/86
f 86/172/88 917/173/87 85/170/87
f 87/174/89 918/175/88 86/172/88
f 88/176/90 919/177/89 87/174/89
f 89/178/91 920/179/90 88/176/90
f 90/180/92 921/181/93 89/178/91
f 91/182/94 922/183/92 90/180/92
f 92/184/95 923/185/94 91/182/94
f 93/186/96 924/187/95 92/184/95
f 94/188/97 925/189/96 93/186/96
f 95/190/98 926/191/99 94/188/97
f 96/192/100 927/193/98 95/190/98
f 97/194/101 928/195/100 96/192/100
f 98/196/102 929/197/101 97/194/101
f 99/198/103 930/199/102 98/196/102
f 100/200/104 931/201/103 99/198/103
f 101/202/105 932/203/104 100/200/104
f 102/204/106 933/205/105 101/202/105
f 103/206/107 934/207/106 102/204/106
f 104/208/108 935/209/107 103/206/107
f 105/210/109 936/211/108 104/208/108
f 106/212/110 937/213/109 105/210/109
f 107/214/111 938/215/110 106/212/110
f 108/216/112 939/217/111 107/214/111
f 109/218/113 940/219/112 108/216/112
f 110/220/114 941/221/113 109/218/113
f 111/222/115 942/223/114 110/220/114
f 112/224/116 943/225/115 111/222/115
f 113/226/117 944/227/116 112/224/116
f 114/228/118 945/229/117 113/226/117
f 115/230/119 946/231/118 114/228/118
f 116/232/120 947/233/119 115/230/119
f 117/234/121 948/235/120 116/232/120
f 118/236/122 949/237/121 117/234/121
f 119/238/123 950/239/122 118/236/122
f 120/240/124 951/241/123 119/242/123
f 121/243/125 952/244/124 120/245/124
f 122/246/126 953/247/125 121/243/125
f 123/248/127 954/249/126 122/246/126
f 124/250/128 955/251/127 123/248/127
f 125/252/129 956/253/128 124/250/128
f 126/254/130 957/255/129 125/252/129
f 127/256/131 958/257/130 126/254/130
f 128/258/132 959/259/131 127/256/131
f 129/260/133 960/261/132 128/258/132
f 130/262/134 961/263/133 129/260/133
f 131/264/135 962/265/134 130/262/134
f 132/266/136 963/267/135 131/264/135
f 133/268/137 964/269/136 132/266/136
f 134/270/138 965/271/137 133/268/137
f 135/272/139 966/273/138 134/270/138
f 136/274/140 967/275/139 135/272/139
f 137/276/141 968/277/140 136/274/140
f 138/278/142 969/279/141 137/276/141
f 139/280/143 970/281/142 138/278/142
f 140/282/144 971/283/143 139/280/143
f 141/284/145 972/285/144 140/282/144
f 142/286/146 973/287/145 141/284/145
f 143/288/147 974/289/146 142/286/146
f 144/290/148 975/291/147 143/288/147
f 145/292/149 976/293/148 144/290/148
f 146/294/150 977/295/149 145/292/149
f 147/296/151 978/297/150 146/294/150
f 148/298/152 979/299/151 147/296/151
f 149/300/153 980/301/152 148/298/152
f 150/302/154 981/303/153 149/300/153
f 151/304/155 982/305/154 150/302/154
f 152/306/156 983/307/155 151/304/155
f 153/308/157 984/309/156 152/306/156
f 154/310/158 985/311/157 153/308/157
f 155/312/159 986/313/158 154/310/158
f 156/314/160 987/315/159 155/312/159
f 157/316/161 988/317/160 156/314/160
f 158/318/162 989/319/161 157/316/161
f 159/320/163 990/321/162 158/318/162
f 160/322/164 991/323/163 159/320/163
f 161/324/165 992/325/164 160/322/164
f 162/326/166 993/327/165 161/324/165
f 163/328/167 994/329/168 162/326/166
f 164/330/169 995/331/167 163/328/167
f 165/332/170 996/333/169 164/330/169
f 166/334/171 997/335/170 165/332/170
f 167/336/172 998/337/171 166/334/171
f 168/338/173 999/339/172 167/336/172
f 169/340/174 1000/341/173 168/338/173
f 170/342/175 1001/343/174 169/340/174
f 171/344/176 1002/345/175 170/342/175
f 172/346/177 1003/347/176 171/344/176
f 173/348/178 1004/349/177 172/346/177
f 174/350/179 1005/351/178 173/348/178
f 175/352/180 1006/353/179 174/350/179
f 176/354/181 1007/355/180 175/352/180
f 177/356/182 1008/357/181 176/354/181
f 178/358/183 1009/359/182 177/356/182
f 179/360/184 1010/361/183 178/358/183
f 180/362/185 1011/363/184 179/360/184
f 181/364/186 1012/365/185 180/362/185
f 182/366/187 1013/367/186 181/364/186
f 183/368/188 1014/369/187 182/366/187
f 184/370/189 1015/371/188 183/368/188
f 185/372/190 1016/373/189 184/374/189
f 186/375/191 1017/376/190 185/372/190
f 187/377/192 1018/378/191 186/375/191
f 188/379/193 1019/380/192 187/377/192
f 189/381/194 1020/382/193 188/379/193
f 190/383/195 1021/384/194 189/381/194
f 191/385/196 1022/386/195 190/383/195
f 192/387/197 1023/388/196 191/385/196
f 193/389/198 1024/390/199 192/387/197
f 194/391/200 1025/392/198 193/389/198
f 195/393/201 1026/394/200 194/391/200
f 196/395/202 1027/396/201 195/393/201
f 197/397/203 1028/398/202 196/395/202
f 198/399/204 1029/400/203 197/401/203
f 199/402/205 1030/403/204 198/399/204
f 200/404/206 1031/405/205 199/406/205
f 201/407/207 1032/408/206 200/404/206
f 202/409/208 1033/410/207 201/407/207
f 203/411/209 1034/412/208 202/409/208
f 204/413/210 1035/414/209 203/411/209
f 205/415/211 1036/416/210 204/413/210
f 206/417/212 1037/418/211 205/415/211
f 207/419/213 1038/420/212 206/417/212
f 208/421/214 1039/422/213 207/419/213
f 209/423/215 1040/424/214 208/421/214
f 210/425/216 1041/426/215 209/423/215
f 211/427/217 1042/428/216 210/425/216
f 212/429/218 1043/430/217 211/427/217
f 213/431/219 1044/432/218 212/429/218
f 214/433/220 1045/434/219 213/431/219
f 215/435/221 1046/436/220 214/433/220
f 216/437/222 1047/438/221 215/435/221
f 217/439/223 1048/440/222 216/437/222
f 218/441/224 1049/442/223 217/439/223
f 219/443/225 1050/444/224 218/441/224
f 220/445/226 1051/446/225 219/443/225
f 221/447/227 1052/448/226 220/445/226
f 222/449/228 1053/450/227 221/447/227
f 223/451/229 1054/452/228 222/449/228
f 224/453/230 1055/454/229 223/451/229
f 225/455/231 1056/456/230 224/453/230
f 226/457/232 1057/458/231 225/455/231
f 227/459/233 1058/460/232 226/457/232
f 228/461/234 1059/462/233 227/459/233
f 229/463/235 1060/464/234 228/461/234
f 230/465/236 1061/466/235 229/463/235
f 231/467/237 1062/468/236 230/465/236
f 232/469/238 1063/470/237 231/467/237
f 233/471/239 1064/472/238 232/473/238
f 234/474/240 1065/475/239 233/471/239
f 235/476/241 1066/477/240 234/474/240
f 236/478/242 1067/479/243 235/476/241
f 237/480/244 1068/481/242 236/478/242
f 238/482/245 1069/483/246 237/480/244
f 239/484/247 1070/485/245 238/482/245
f 240/486/248 1071/487/247 239/484/247
f 241/488/249 1072/489/248 240/486/248
f 242/490/250 1073/491/249 241/488/249
f 243/492/251 1074/493/250 242/490/250
f 244/494/252 1075/495/251 243/492/251
f 245/496/253 1076/497/252 244/494/252
f 246/498/254 1077/499/253 245/496/253
f 247/500/255 1078/501/254 246/498/254
f 248/502/256 1079/503/255 247/500/255
f 249/504/257 1080/505/256 248/502/256
f 250/506/258 1081/507/257 249/504/257
f 251/508/259 1082/509/258 250/506/258
f 252/510/260 1083/511/259 251/508/259
f 253/512/261 1084/513/260 252/510/260
f 254/514/262 1085/515/261 253/512/261
f 255/516/263 1086/517/262 254/514/262
f 256/518/264 1087/519/263 255/516/263
f 257/520/265 1088/521/264 256/518/264
f 258/522/266 1089/523/265 257/520/265
f 259/524/267 1090/525/266 258/522/266
f 260/526/268 1091/527/267 259/524/267
f 261/528/269 1092/529/268 260/526/268
f 262/530/270 1093/531/269 261/528/269
f 263/532/271 1094/533/270 262/530/270
f 264/534/272 1095/535/271 263/532/271
f 265/536/273 1096/537/272 264/534/272
f 266/538/274 1097/539/273 265/536/273
f 267/540/275 1098/541/274 266/538/274
f 268/542/276 1099/543/275 267/540/275
f 269/544/277 1100/545/276 268/542/276
f 270/546/278 1101/547/277 269/544/277
f 271/548/279 1102/549/278 270/546/278
f 272/550/280 1103/551/279 271/548/279
f 273/552/281 1104/553/280 272/550/280
f 274/554/282 1105/555/281 273/552/281
f 275/556/283 1106/557/282 274/554/282
f 276/558/284 1107/559/283 275/556/283
f 277/560/285 1108/561/284 276/558/284
f 278/562/286 1109/563/285 277/560/285
f 279/564/287 1110/565/286 278/562/286
f 280/566/288 1111/567/287 279/564/287
f 281/568/289 1112/569/288 280/566/288
f 282/570/290 1113/571/289 281/568/289
f 283/572/291 1114/573/290 282/570/290
f 284/574/292 1115/575/293 283/572/291
f 285/576/294 1116/577/292 284/574/292
f 286/578/295 1117/579/294 285/576/294
f 287/580/296 1118/581/295 286/578/295
f 288/582/297 1119/583/296 287/580/296
f 289/584/298 1120/585/297 288/582/297
f 290/586/299 1121/587/300 289/584/298
f 291/588/301 1122/589/299 290/590/299
f 292/591/302 1123/592/301 291/588/301
f 293/593/303 1124/594/302 292/591/302
f 294/595/304 1125/596/303 293/593/303
f 295/597/305 1126/598/304 294/595/304
f 296/599/306 1127/600/305 295/597/305
f 297/601/307 1128/602/306 296/599/306
f 298/603/308 1129/604/307 297/601/307
f 299/605/309 1130/606/308 298/603/308
f 300/607/310 1131/608/309 299/605/309
f 301/609/311 1132/610/312 300/607/310
f 302/611/313 1133/612/311 301/609/311
f 303/613/314 1134/614/313 302/611/313
f 304/615/315 1135/616/314 303/613/314
f 305/617/316 1136/618/315 304/615/315
f 306/619/317 1137/620/316 305/617/316
f 307/621/318 1138/622/317 306/619/317
f 308/623/319 1139/624/318 307/621/318
f 309/625/320 1140/626/319 308/623/319
f 310/627/321 1141/628/320 309/625/320
f 311/629/322 1142/630/321 310/627/321
f 312/631/323 1143/632/322 311/629/322
f 313/633/324 1144/634/323 312/631/323
f 314/635/325 1145/636/324 313/633/324
f 315/637/326 1146/638/325 314/635/325
f 316/639/327 1147/640/326 315/637/326
f 317/641/328 1148/642/327 316/639/327
f 318/643/329 1149/644/328 317/641/328
f 319/645/330 1150/646/329 318/643/329
f 320/647/331 1151/648/330 319/645/330
f 321/649/332 1152/650/331 320/647/331
f 322/651/333 1153/652/334 321/649/332
f 323/653/335 1154/654/333 322/651/333
f 324/655/336 1155/656/335 323/653/335
f 325/657/337 1156/658/336 324/655/336
f 326/659/338 1157/660/337 325/657/337
f 327/661/339 1158/662/338 326/659/338
f 328/663/340 1159/664/339 327/661/339
f 329/665/341 1160/666/340 328/663/340
f 330/667/342 1161/668/343 329/665/341
f 331/669/344 1162/670/342 330/671/342
f 332/672/345 1163/673/344 331/669/344
f 333/674/346 1164/675/345 332/672/345
f 334/676/347 1165/677/346 333/674/346
f 335/678/348 1166/679/347 334/680/347
f 336/681/349 1167/682/348 335/678/348
f 337/683/350 1168/684/349 336/681/349
f 338/685/351 1169/686/350 337/683/350
f 339/687/352 1170/688/351 338/685/351
f 340/689/353 1171/690/354 339/687/352
f 341/691/355 1172/692/353 340/689/353
f 342/693/356 1173/694/355 341/691/355
f 343/695/357 1174/696/356 342/693/356
f 344/697/358 1175/698/357 343/695/357
f 345/699/359 1176/700/358 344/697/358
f 346/701/360 1177/702/359 345/699/359
f 347/703/361 1178/704/360 346/701/360
f 348/705/362 1179/706/361 347/703/361
f 349/707/363 1180/708/362 348/705/362
f 350/709/364 1181/710/363 349/707/363
f 351/711/365 1182/712/364 350/709/364
f 352/713/366 1183/714/365 351/711/365
f 353/715/367 1184/716/366 352/713/366
f 354/717/368 1185/718/369 353/715/367
f 355/719/370 1186/720/368 354/717/368
f 356/721/371 1187/722/370 355/723/370
f 357/724/372 1188/725/371 356/721/371
f 358/726/373 1189/727/372 357/724/372
f 359/728/374 1190/729/373 358/726/373
f 360/730/375 1191/731/374 359/728/374
f 361/732/376 1192/733/375 360/734/375
f 362/735/377 1193/736/376 361/732/376
f 363/737/378 1194/738/377 362/735/377
f 364/739/379 1195/740/378 363/737/378
f 365/741/380 1196/742/379 364/739/379
f 366/743/381 1197/744/380 365/741/380
f 367/745/382 1198/746/381 366/743/381
f 368/747/383 1199/748/382 367/745/382
f 369/749/384 1200/750/383 368/747/383
f 370/751/385 1201/752/384 369/749/384
f 371/753/386 1202/754/385 370/751/385
f 372/755/387 1203/756/386 371/753/386
f 373/757/388 1204/758/387 372/755/387
f 374/759/389 1205/760/388 373/757/388
f 375/761/390 1206/762/389 374/759/389
f 376/763/391 1207/764/390 375/765/390
f 377/766/392 1208/767/391 376/763/391
f 378/768/393 1209/769/392 377/766/392
f 379/770/394 1210/771/393 378/768/393
f 380/772/395 1211/773/394 379/774/394
f 381/775/396 1212/776/395 380/772/395
f 382/777/397 1213/778/396 381/775/396
f 383/779/398 1214/780/397 382/777/397
f 384/781/399 1215/782/398 383/779/398
f 385/783/400 1216/784/399 384/781/399
f 386/785/401 1217/786/400 385/783/400
f 387/787/402 1218/788/403 386/785/401
f 388/789/404 1219/790/402 387/787/402
f 389/791/405 1220/792/404 388/789/404
f 390/793/406 1221/794/405 389/791/405
f 391/795/407 1222/796/406 390/793/406
f 392/797/408 1223/798/407 391/795/407
f 393/799/409 1224/800/408 392/797/408
f 394/801/410 1225/802/409 393/799/409
f 395/803/411 1226/804/410 394/801/410
f 396/805/412 1227/806/411 395/803/411
f 397/807/413 1228/808/412 396/805/412
f 398/809/414 1229/810/413 397/807/413
f 399/811/415 1230/812/414 398/813/414
f 400/814/416 1231/815/415 399/811/415
f 401/816/417 1232/817/416 400/814/416
f 402/818/418 1233/819/417 401/816/417
f 403/820/419 1234/821/418 402/818/418
f 404/822/420 1235/823/419 403/820/419
f 405/824/421 1236/825/420 404/822/420
f 406/826/422 1237/827/421 405/824/421
f 407/828/423 1238/829/422 406/826/422
f 408/830/424 1239/831/423 407/828/423
f 409/832/425 1240/833/424 408/830/424
f 410/834/426 1241/835/425 409/832/425
f 411/836/427 1242/837/426 410/834/426
f 412/838/428 1243/839/427 411/836/427
f 413/840/429 1244/841/428 412/838/428
f 414/842/430 1245/843/429 413/840/429
f 415/844/431 1246/845/430 414/842/430
f 416/846/432 1247/847/431 415/844/431
f 417/848/433 1248/849/432 416/850/432
f 418/851/434 1249/852/433 417/848/433
f 419/853/435 1250/854/434 418/851/434
f 420/855/73 1251/856/435 419/853/435
f 421/857/436 1252/858/73 420/855/73
f 422/859/437 1253/860/436 421/861/436
f 423/862/438 1254/863/437 422/859/437
f 424/864/439 1255/865/438 423/862/438
f 425/866/440 1256/867/439 424/864/439
f 426/868/441 1257/869/442 425/866/440
f 427/870/443 1258/871/441 426/868/441
f 428/872/444 1259/873/443 427/870/443
f 429/874/445 1260/875/444 428/872/444
f 430/876/446 1261/877/447 429/874/445
f 431/878/448 1262/879/446 430/876/446
f 432/880/449 1263/881/448 431/878/448
f 433/882/450 1264/883/449 432/884/449
f 434/885/451 1265/886/452 433/882/450
f 435/887/453 1266/888/451 434/885/451
f 436/889/454 1267/890/453 435/887/453
f 437/891/455 1268/892/454 436/889/454
f 438/893/456 1269/894/455 437/891/455
f 439/895/457 1270/896/456 438/893/456
f 440/897/458 1271/898/457 439/895/457
f 441/899/459 1272/900/458 440/897/458
f 442/901/460 1273/902/459 441/899/459
f 443/903/461 1274/904/460 442/901/460
f 444/905/462 1275/906/461 443/903/461
f 445/907/463 1276/908/462 444/905/462
f 446/909/464 1277/910/463 445/911/463
f 447/912/465 1278/913/464 446/909/464
f 448/914/466 1279/915/465 447/912/465
f 449/916/467 1280/917/466 448/914/466
f 450/918/468 1281/919/467 449/916/467
f 451/920/469 1282/921/468 450/918/468
f 452/922/470 1283/923/469 451/920/469
f 453/924/471 1284/925/470 452/922/470
f 454/926/472 1285/927/471 453/924/471
f 455/928/473 1286/929/472 454/926/472
f 456/930/474 1287/931/473 455/928/473
f 457/932/475 1288/933/474 456/930/474
f 458/934/476 1289/935/475 457/932/475
f 459/936/477 1290/937/476 458/934/476
f 460/938/478 1291/939/477 459/936/477
f 461/940/479 1292/941/478 460/938/478
f 462/942/480 1293/943/479 461/940/479
f 463/944/481 1294/945/480 462/942/480
f 464/946/482 1295/947/481 463/944/481
f 465/948/483 1296/949/482 464/946/482
f 466/950/484 1297/951/483 465/948/483
f 467/952/485 1298/953/484 466/950/484
f 468/954/486 1299/955/485 467/952/485
f 469/956/487 1300/957/486 468/954/486
f 470/958/488 1301/959/487 469/960/487
f 471/961/489 1302/962/488 470/958/488
f 472/963/490 1303/964/489 471/961/489
f 473/965/491 1304/966/490 472/967/490
f 474/968/492 1305/969/491 473/965/491
f 475/970/493 1306/971/492 474/968/492
f 476/972/494 1307/973/493 475/970/493
f 477/974/495 1308/975/494 476/972/494
f 478/976/496 1309/977/495 477/974/495
f 479/978/497 1310/979/496 478/976/496
f 480/980/498 1311/981/497 479/978/497
f 481/982/499 1312/983/498 480/980/498
f 482/984/500 1313/985/499 481/982/499
f 483/986/501 1314/987/502 482/984/500
f 484/988/503 1315/989/501 483/986/501
f 485/990/504 1316/991/503 484/988/503
f 486/992/505 1317/993/504 485/990/504
f 487/994/506 1318/995/505 486/992/505
f 488/996/507 1319/997/506 487/994/506
f 489/998/508 1320/999/507 488/996/507
f 490/1000/509 1321/1001/508 489/998/508
f 491/1002/510 1322/1003/509 490/1000/509
f 492/1004/511 1323/1005/510 491/1002/510
f 493/1006/512 1324/1007/511 492/1008/511
f 494/1009/513 1325/1010/512 493/1006/512
f 495/1011/514 1326/1012/515 494/1009/513
f 496/1013/516 1327/1014/517 495/1011/514
f 497/1015/518 1328/1016/516 496/1013/516
f 498/1017/519 1329/1018/518 497/1015/518
f 499/1019/520 1330/1020/519 498/1017/519
f 500/1021/521 1331/1022/522 499/1019/520
f 501/1023/523 1332/1024/521 500/1021/521
f 502/1025/524 1333/1026/523 501/1023/523
f 503/1027/525 1334/1028/524 502/1025/524
f 504/1029/526 1335/1030/525 503/1027/525
f 505/1031/527 1336/1032/526 504/1029/526
f 506/1033/528 1337/1034/527 505/1031/527
f 507/1035/529 1338/1036/528 506/1037/528
f 508/1038/530 1339/1039/529 507/1035/529
f 509/1040/531 1340/1041/530 508/1038/530
f 510/1042/532 1341/1043/531 509/1040/531
f 511/1044/533 1342/1045/532 510/1042/532
f 512/1046/534 1343/1047/533 511/1044/533
f 513/1048/535 1344/1049/534 512/1050/534
f 514/1051/536 1345/1052/535 513/1048/535
f 515/1053/537 1346/1054/536 514/1051/536
f 516/1055/538 1347/1056/539 515/1053/537
f 517/1057/540 1348/1058/538 516/1055/538
f 518/1059/541 1349/1060/540 517/1057/540
f 519/1061/542 1350/1062/541 518/1059/541
f 520/1063/543 1351/1064/542 519/1061/542
f 521/1065/544 1352/1066/543 520/1063/543
f 522/1067/545 1353/1068/544 521/1065/544
f 523/1069/546 1354/1070/545 522/1067/545
f 524/1071/547 1355/1072/546 523/1069/546
f 525/1073/548 1356/1074/547 524/1071/547
f 526/1075/549 1357/1076/548 525/1073/548
f 527/1077/550 1358/1078/549 526/1075/549
f 528/1079/551 1359/1080/550 527/1077/550
f 529/1081/552 1360/1082/551 528/1079/551
f 530/1083/553 1361/1084/552 529/1081/552
f 531/1085/554 1362/1086/553 530/1083/553
f 532/1087/555 1363/1088/554 531/1085/554
f 533/1089/556 1364/1090/555 532/1087/555
f 534/1091/557 1365/1092/556 533/1089/556
f 535/1093/558 1366/1094/557 534/1091/557
f 536/1095/559 1367/1096/560 535/1093/558
f 537/1097/561 1368/1098/559 536/1095/559
f 538/1099/562 1369/1100/561 537/1097/561
f 539/1101/563 1370/1102/562 538/1099/562
f 540/1103/564 1371/1104/563 539/1101/563
f 541/1105/565 1372/1106/564 540/1103/564
f 542/1107/566 1373/1108/565 541/1105/565
f 543/1109/567 1374/1110/566 542/1107/566
f 544/1111/568 1375/1112/567 543/1109/567
f 545/1113/569 1376/1114/568 544/1111/568
f 546/1115/570 1377/1116/569 545/1113/569
f 547/1117/571 1378/1118/570 546/1115/570
f 548/1119/572 1379/1120/571 547/1117/571
f 549/1121/573 1380/1122/572 548/1119/572
f 550/1123/574 1381/1124/573 549/1121/573
f 551/1125/575 1382/1126/574 550/1123/574
f 552/1127/576 1383/1128/575 551/1125/575
f 553/1129/577 1384/1130/576 552/1127/576
f 554/1131/578 1385/1132/577 553/1129/577
f 555/1133/579 1386/1134/578 554/1131/578
f 556/1135/580 1387/1136/579 555/1133/579
f 557/1137/581 1388/1138/580 556/1135/580
f 558/1139/582 1389/1140/581 557/1137/581
f 559/1141/583 1390/1142/582 558/1139/582
f 560/1143/584 1391/1144/583 559/1141/583
f 561/1145/585 1392/1146/584 560/1143/584
f 562/1147/586 1393/1148/585 561/1145/585
f 563/1149/587 1394/1150/586 562/1147/586
f 564/1151/588 1395/1152/587 563/1149/587
f 565/1153/589 1396/1154/588 564/1151/588
f 566/1155/590 1397/1156/589 565/1153/589
f 567/1157/591 1398/1158/590 566/1155/590
f 568/1159/592 1399/1160/591 567/1157/591
f 569/1161/593 1400/1162/592 568/1159/592
f 570/1163/594 1401/1164/593 569/1161/593
f 571/1165/595 1402/1166/594 570/1163/594
f 572/1167/596 1403/1168/595 571/1165/595
f 573/1169/597 1404/1170/596 572/1167/596
f 574/1171/598 1405/1172/597 573/1169/597
f 575/1173/599 1406/1174/598 574/1171/598
f 576/1175/600 1407/1176/599 575/1173/599
f 577/1177/601 1408/1178/600 576/1175/600
f 578/1179/602 1409/1180/603 577/1177/601
f 579/1181/604 1410/1182/602 578/1179/602
f 580/1183/605 1411/1184/604 579/1181/604
f 581/1185/606 1412/1186/605 580/1183/605
f 582/1187/607 1413/1188/606 581/1185/606
f 583/1189/608 1414/1190/607 582/1187/607
f 584/1191/609 1415/1192/608 583/1189/608
f 585/1193/610 1416/1194/609 584/1191/609
f 586/1195/611 1417/1196/610 585/1193/610
f 587/1197/612 1418/1198/611 586/1195/611
f 588/1199/613 1419/1200/612 587/1197/612
f 589/1201/614 1420/1202/615 588/1199/613
f 590/1203/616 1421/1204/614 589/1201/614
f 591/1205/617 1422/1206/618 590/1203/616
f 592/1207/619 1423/1208/617 591/1205/617
f 593/1209/620 1424/1210/619 592/1207/619
f 594/1211/621 1425/1212/620 593/1209/620
f 595/1213/622 1426/1214/621 594/1211/621
f 596/1215/623 1427/1216/622 595/1213/622
f 597/1217/624 1428/1218/623 596/1215/623
f 598/1219/360 1429/1220/624 597/1217/624
f 599/1221/625 1430/1222/360 598/1219/360
f 600/1223/626 1431/1224/625 599/1221/625
f 601/1225/627 1432/1226/626 600/1223/626
f 602/1227/628 1433/1228/627 601/1225/627
f 603/1229/629 1434/1230/628 602/1227/628
f 604/1231/630 1435/1232/629 603/1229/629
f 605/1233/631 1436/1234/630 604/1231/630
f 606/1235/632 1437/1236/631 605/1233/631
f 607/1237/633 1438/1238/632 606/1235/632
f 608/1239/634 1439/1240/633 607/1237/633
f 609/1241/635 1440/1242/634 608/1239/634
f 610/1243/636 1441/1244/635 609/1241/635
f 611/1245/637 1442/1246/636 610/1243/636
f 612/1247/638 1443/1248/637 611/1245/637
f 613/1249/639 1444/1250/638 612/1247/638
f 614/1251/640 1445/1252/639 613/1249/639
f 615/1253/641 1446/1254/640 614/1251/640
f 616/1255/642 1447/1256/641 615/1253/641
f 617/1257/643 1448/1258/642 616/1255/642
f 618/1259/644 1449/1260/643 617/1257/643
f 619/1261/645 1450/1262/644 618/1259/644
f 620/1263/646 1451/1264/645 619/1261/645
f 621/1265/647 1452/1266/646 620/1263/646
f 622/1267/648 1453/1268/647 621/1265/647
f 623/1269/649 1454/1270/648 622/1267/648
f 624/1271/650 1455/1272/649 623/1269/649
f 625/1273/651 1456/1274/650 624/1271/650
f 626/1275/652 1457/1276/653 625/1273/651
f 627/1277/654 1458/1278/652 626/1275/652
f 628/1279/655 1459/1280/654 627/1277/654
f 629/1281/656 1460/1282/655 628/1279/655
f 630/1283/657 1461/1284/656 629/1281/656
f 631/1285/658 1462/1286/657 630/1283/657
f 632/1287/659 1463/1288/658 631/1285/658
f 633/1289/660 1464/1290/659 632/1287/659
f 634/1291/661 1465/1292/660 633/1289/660
f 635/1293/662 1466/1294/661 634/1291/661
f 636/1295/663 1467/1296/662 635/1293/662
f 637/1297/664 1468/1298/663 636/1295/663
f 638/1299/665 1469/1300/664 637/1297/664
f 639/1301/666 1470/1302/665 638/1299/665
f 640/1303/667 1471/1304/666 639/1301/666
f 641/1305/668 1472/1306/667 640/1303/667
f 642/1307/669 1473/1308/668 641/1305/668
f 643/1309/670 1474/1310/669 642/1307/669
f 644/1311/671 1475/1312/672 643/1309/670
f 645/1313/673 1476/1314/671 644/1311/671
f 646/1315/674 1477/1316/673 645/1313/673
f 647/1317/675 1478/1318/674 646/1315/674
f 648/1319/676 1479/1320/675 647/1317/675
f 649/1321/677 1480/1322/676 648/1319/676
f 650/1323/678 1481/1324/677 649/1321/677
f 651/1325/679 1482/1326/678 650/1323/678
f 652/1327/680 1483/1328/679 651/1325/679
f 653/1329/681 1484/1330/680 652/1327/680
f 654/1331/682 1485/1332/681 653/1329/681
f 655/1333/683 1486/1334/682 654/1331/682
f 656/1335/684 1487/1336/683 655/1333/683
f 657/1337/685 1488/1338/684 656/1335/684
f 658/1339/686 1489/1340/685 657/1337/685
f 659/1341/687 1490/1342/686 658/1339/686
f 660/1343/688 1491/1344/687 659/1341/687
f 661/1345/689 1492/1346/688 660/1343/688
f 662/1347/690 1493/1348/689 661/1345/689
f 663/1349/691 1494/1350/692 662/1347/690
f 664/1351/627 1495/1352/691 663/1349/691
f 665/1353/693 1496/1354/627 664/1351/627
f 666/1355/694 1497/1356/693 665/1353/693
f 667/1357/695 1498/1358/694 666/1355/694
f 668/1359/696 1499/1360/695 667/1357/695
f 669/1361/697 1500/1362/696 668/1359/696
f 670/1363/698 1501/1364/697 669/1361/697
f 671/1365/699 1502/1366/698 670/1363/698
f 672/1367/700 1503/1368/699 671/1365/699
f 673/1369/701 1504/1370/700 672/1367/700
f 674/1371/702 1505/1372/701 673/1369/701
f 675/1373/703 1506/1374/702 674/1371/702
f 676/1375/704 1507/1376/703 675/1373/703
f 677/1377/705 1508/1378/704 676/1375/704
f 678/1379/706 1509/1380/707 677/1377/705
f 679/1381/708 1510/1382/706 678/1379/706
f 680/1383/709 1511/1384/708 679/1381/708
f 681/1385/710 1512/1386/709 680/1383/709
f 682/1387/711 1513/1388/710 681/1385/710
f 683/1389/712 1514/1390/711 682/1387/711
f 684/1391/713 1515/1392/712 683/1389/712
f 685/1393/714 1516/1394/713 684/1391/713
f 686/1395/715 1517/1396/714 685/1393/714
f 687/1397/716 1518/1398/715 686/1395/715
f 688/1399/717 1519/1400/716 687/1397/716
f 689/1401/718 1520/1402/717 688/1399/717
f 690/1403/719 1521/1404/718 689/1401/718
f 691/1405/720 1522/1406/719 690/1403/719
f 692/1407/721 1523/1408/720 691/1405/720
f 693/1409/722 1524/1410/721 692/1407/721
f 694/1411/723 1525/1412/722 693/1409/722
f 695/1413/724 1526/1414/723 694/1415/723
f 696/1416/725 1527/1417/724 695/1413/724
f 697/1418/726 1528/1419/725 696/1416/725
f 698/1420/727 1529/1421/726 697/1418/726
f 699/1422/728 1530/1423/727 698/1420/727
f 700/1424/729 1531/1425/728 699/1422/728
f 701/1426/730 1532/1427/729 700/1424/729
f 702/1428/731 1533/1429/730 701/1426/730
f 703/1430/732 1534/1431/731 702/1428/731
f 704/1432/733 1535/1433/732 703/1430/732
f 705/1434/734 1536/1435/733 704/1432/733
f 706/1436/735 1537/1437/734 705/1434/734
f 707/1438/736 1538/1439/735 706/1440/735
f 708/1441/737 1539/1442/736 707/1438/736
f 709/1443/738 1540/1444/737 708/1441/737
f 710/1445/739 1541/1446/738 709/1443/738
f 711/1447/740 1542/1448/739 710/1445/739
f 712/1449/741 1543/1450/740 711/1447/740
f 713/1451/742 1544/1452/741 712/1449/741
f 714/1453/743 1545/1454/742 713/1451/742
f 715/1455/744 1546/1456/743 714/1453/743
f 716/1457/745 1547/1458/744 715/1455/744
f 717/1459/746 1548/1460/745 716/1457/745
f 718/1461/747 1549/1462/746 717/1459/746
f 719/1463/748 1550/1464/747 718/1461/747
f 720/1465/749 1551/1466/748 719/1463/748
f 721/1467/750 1552/1468/749 720/1465/749
f 722/1469/751 1553/1470/750 721/1467/750
f 723/1471/752 1554/1472/751 722/1469/751
f 724/1473/753 1555/1474/752 723/1471/752
f 725/1475/754 1556/1476/753 724/1473/753
f 726/1477/755 1557/1478/754 725/1475/754
f 727/1479/756 1558/1480/755 726/1477/755
f 728/1481/757 1559/1482/756 727/1479/756
f 729/1483/758 1560/1484/757 728/1481/757
f 730/1485/759 1561/1486/758 729/1483/758
f 731/1487/760 1562/1488/759 730/1485/759
f 732/1489/761 1563/1490/760 731/1487/760
f 733/1491/762 1564/1492/761 732/1489/761
f 734/1493/763 1565/1494/762 733/1491/762
f 735/1495/764 1566/1496/763 734/1493/763
f 736/1497/765 1567/1498/764 735/1495/764
f 737/1499/766 1568/1500/765 736/1497/765
f 738/1501/767 1569/1502/766 737/1499/766
f 739/1503/768 1570/1504/767 738/1501/767
f 740/1505/769 1571/1506/768 739/1503/768
f 741/1507/770 1572/1508/769 740/1505/769
f 742/1509/771 1573/1510/770 741/1507/770
f 743/1511/772 1574/1512/771 742/1509/771
f 744/1513/773 1575/1514/772 743/1511/772
f 745/1515/774 1576/1516/773 744/1513/773
f 746/1517/775 1577/1518/774 745/1515/774
f 747/1519/776 1578/1520/775 746/1517/775
f 748/1521/777 1579/1522/776 747/1519/776
f 749/1523/778 1580/1524/777 748/1521/777
f 750/1525/779 1581/1526/778 749/1523/778
f 751/1527/780 1582/1528/779 750/1525/779
f 752/1529/781 1583/1530/780 751/1527/780
f 753/1531/782 1584/1532/781 752/1529/781
f 754/1533/783 1585/1534/782 753/1531/782
f 755/1535/784 1586/1536/783 754/1533/783
f 756/1537/785 1587/1538/784 755/1535/784
f 757/1539/786 1588/1540/785 756/1537/785
f 758/1541/787 1589/1542/786 757/1539/786
f 759/1543/788 1590/1544/787 758/1541/787
f 760/1545/789 1591/1546/788 759/1543/788
f 761/1547/790 1592/1548/789 760/1545/789
f 762/1549/791 1593/1550/790 761/1547/790
f 763/1551/792 1594/1552/791 762/1549/791
f 764/1553/793 1595/1554/792 763/1551/792
f 765/1555/794 1596/1556/793 764/1553/793
f 766/1557/795 1597/1558/794 765/1555/794
f 767/1559/796 1598/1560/795 766/1557/795
f 768/1561/797 1599/1562/796 767/1559/796
f 769/1563/798 1600/1564/797 768/1561/797
f 770/1565/799 1601/1566/798 769/1563/798
f 771/1567/800 1602/1568/799 770/1565/799
f 772/1569/801 1603/1570/800 771/1567/800
f 773/1571/802 1604/1572/801 772/1569/801
f 774/1573/803 1605/1574/802 773/1571/802
f 775/1575/804 1606/1576/803 774/1573/803
f 776/1577/805 1607/1578/804 775/1575/804
f 777/1579/806 1608/1580/805 776/1577/805
f 778/1581/807 1609/1582/806 777/1579/806
f 779/1583/808 1610/1584/807 778/1581/807
f 780/1585/809 1611/1586/808 779/1583/808
f 781/1587/810 1612/1588/809 780/1585/809
f 782/1589/811 1613/1590/810 781/1587/810
f 783/1591/812 1614/1592/811 782/1589/811
f 784/1593/813 1615/1594/812 783/1591/812
f 785/1595/814 1616/1596/813 784/1593/813
f 786/1597/815 1617/1598/814 785/1595/814
f 787/1599/816 1618/1600/815 786/1597/815
f 788/1601/817 1619/1602/816 787/1599/816
f 789/1603/818 1620/1604/817 788/1601/817
f 790/1605/819 1621/1606/818 789/1603/818
f 791/1607/820 1622/1608/819 790/1605/819
f 792/1609/821 1623/1610/820 791/1607/820
f 793/1611/822 1624/1612/821 792/1609/821
f 794/1613/823 1625/1614/822 793/1611/822
f 795/1615/824 1626/1616/823 794/1617/823
f 796/1618/825 1627/1619/824 795/1615/824
f 797/1620/826 1628/1621/825 796/1618/825
f 798/1622/827 1629/1623/826 797/1620/826
f 799/1624/828 1630/1625/827 798/1622/827
f 800/1626/829 1631/1627/828 799/1624/828
f 801/1628/830 1632/1629/829 800/1626/829
f 802/1630/831 1633/1631/830 801/1628/830
f 803/1632/832 1634/1633/831 802/1630/831
f 804/1634/833 1635/1635/832 803/1632/832
f 805/1636/834 1636/1637/833 804/1634/833
f 806/1638/835 1637/1639/834 805/1636/834
f 807/1640/836 1638/1641/835 806/1638/835
f 808/1642/837 1639/1643/836 807/1640/836
f 809/1644/838 1640/1645/837 808/1642/837
f 810/1646/839 1641/1647/838 809/1644/838
f 811/1648/840 1642/1649/839 810/1646/839
f 812/1650/841 1643/1651/840 811/1648/840
f 813/1652/842 1644/1653/841 812/1650/841
f 814/1654/843 1645/1655/842 813/1652/842
f 815/1656/844 1646/1657/843 814/1654/843
f 816/1658/845 1647/1659/844 815/1656/844
f 817/1660/846 1648/1661/845 816/1658/845
f 818/1662/847 1649/1663/846 817/1660/846
f 819/1664/848 1650/1665/847 818/1662/847
f 820/1666/849 1651/1667/848 819/1664/848
f 821/1668/850 1652/1669/849 820/1666/849
f 822/1670/851 1653/1671/850 821/1668/850
f 823/1672/852 1654/1673/851 822/1670/851
f 824/1674/853 1655/1675/852 823/1672/852
f 825/1676/854 1656/1677/853 824/1674/853
f 826/1678/855 1657/1679/854 825/1676/854
f 827/1680/856 1658/1681/855 826/1678/855
f 828/1682/857 1659/1683/856 827/1680/856
f 829/1684/858 1660/1685/857 828/1682/857
f 830/1686/859 1661/1687/858 829/1684/858
f 831/1688/12 1662/1689/859 830/1686/859
f 832/1690/860 1663/1691/12 831/1688/12
f 1/3/2 1664/1692/860 832/1690/860
f 1666/1693/861 2300/1694/862 1665/1695/862
f 1667/1696/863 2301/1697/861 1666/1693/861
f 1668/1698/864 2302/1699/865 1667/1696/863
f 1669/1700/866 2303/1701/867 1668/1698/864
f 1670/1702/868 2304/1703/869 1669/1700/866
f 1671/1704/870 2305/1705/868 1670/1702/868
f 1672/1706/871 2306/1707/870 1671/1704/870
f 1673/1708/872 2307/1709/871 1672/1706/871
f 1674/1710/873 2308/1711/872 1673/1708/872
f 1675/1712/874 2309/1713/873 1674/1710/873
f 1676/1714/875 2310/1715/876 1675/1712/874
f 1677/1716/877 2311/1717/875 1676/1714/875
f 1678/1718/878 2312/1719/877 1677/1716/877
f 1679/1720/879 2313/1721/878 1678/1718/878
f 1680/1722/880 2314/1723/879 1679/1720/879
f 1681/1724/881 2315/1725/880 1680/1722/880
f 1682/1726/882 2316/1727/881 1681/1724/881
f 1683/1728/883 2317/1729/884 1682/1726/882
f 1684/1730/885 2318/1731/883 1683/1728/883
f 1685/1732/886 2319/1733/885 1684/1730/885
f 1686/1734/887 2320/1735/886 1685/1732/886
f 1687/1736/888 2321/1737/887 1686/1734/887
f 1688/1738/889 2322/1739/888 1687/1736/888
f 1689/1740/890 2323/1741/889 1688/1738/889
f 1690/1742/891 2324/1743/890 1689/1740/890
f 1691/1744/892 2325/1745/891 1690/1742/891
f 1692/1746/893 2326/1747/892 1691/1744/892
f 1693/1748/894 2327/1749/893 1692/1746/893
f 1694/1750/895 2328/1751/894 1693/1748/894
f 1695/1752/896 2329/1753/895 1694/1750/895
f 1696/1754/897 2330/1755/896 1695/1752/896
f 1697/1756/898 2331/1757/897 1696/1754/897
f 1698/1758/899 2332/1759/898 1697/1756/898
f 1699/1760/900 2333/1761/899 1698/1758/899
f 1700/1762/901 2334/1763/902 1699/1760/900
f 1701/1764/903 2335/1765/901 1700/1762/901
f 1702/1766/904 2336/1767/903 1701/1764/903
f 1703/1768/905 2337/1769/906 1702/1766/904
f 1704/1770/907 2338/1771/905 1703/1768/905
f 1705/1772/908 2339/1773/907 1704/1770/907
f 1706/1774/909 2340/1775/908 1705/1772/908
f 1707/1776/910 2341/1777/909 1706/1774/909
f 1708/1778/911 2342/1779/912 1707/1776/910
f 1709/1780/913 2343/1781/911 1708/1778/911
f 1710/1782/914 2344/1783/913 1709/1780/913
f 1711/1784/915 2345/1785/914 1710/1782/914
f 1712/1786/916 2346/1787/915 1711/1784/915
f 1713/1788/917 2347/1789/916 1712/1786/916
f 1714/1790/918 2348/1791/917 1713/1788/917
f 1715/1792/919 2349/1793/918 1714/1790/918
f 1716/1794/920 2350/1795/919 1715/1792/919
f 1717/1796/921 2351/1797/920 1716/1794/920
f 1718/1798/922 2352/1799/921 1717/1796/921
f 1719/1800/923 2353/1801/922 1718/1798/922
f 1720/1802/924 2354/1803/923 1719/1800/923
f 1721/1804/925 2355/1805/924 1720/1802/924
f 1722/1806/926 2356/1807/925 1721/1804/925
f 1723/1808/58 2357/1809/926 1722/1806/926
f 1724/1810/927 2358/1811/389 1723/1808/58
f 1725/1812/928 2359/1813/927 1724/1810/927
f 1726/1814/929 2360/1815/928 1725/1812/928
f 1727/1816/930 2361/1817/929 1726/1814/929
f 1728/1818/931 2362/1819/930 1727/1816/930
f 1729/1820/932 2363/1821/931 1728/1818/931
f 1730/1822/933 2364/1823/932 1729/1820/932
f 1731/1824/934 2365/1825/933 1730/1822/933
f 1732/1826/935 2366/1827/934 1731/1824/934
f 1733/1828/936 2367/1829/935 1732/1826/935
f 1734/1830/937 2368/1831/936 1733/1832/936
f 1735/1833/938 2369/1834/937 1734/1830/937
f 1736/1835/939 2370/1836/938 1735/1833/938
f 1737/1837/940 2371/1838/939 1736/1835/939
f 1738/1839/941 2372/1840/942 1737/1837/940
f 1739/1841/943 2373/1842/941 1738/1839/941
f 1740/1843/944 2374/1844/943 1739/1841/943
f 1741/1845/945 2375/1846/944 1740/1843/944
f 1742/1847/946 2376/1848/947 1741/1845/945
f 1743/1849/948 2377/1850/946 1742/1847/946
f 1744/1851/949 2378/1852/948 1743/1849/948
f 1745/1853/950 2379/1854/949 1744/1851/949
f 1746/1855/951 2380/1856/950 1745/1853/950
f 1747/1857/952 2381/1858/951 1746/1855/951
f 1748/1859/953 2382/1860/952 1747/1857/952
f 1749/1861/954 2383/1862/953 1748/1859/953
f 1750/1863/955 2384/1864/954 1749/1861/954
f 1751/1865/956 2385/1866/955 1750/1863/955
f 1752/1867/957 2386/1868/956 1751/1865/956
f 1753/1869/958 2387/1870/957 1752/1867/957
f 1754/1871/959 2388/1872/958 1753/1869/958
f 1755/1873/960 2389/1874/959 1754/1875/959
f 1756/1876/961 2390/1877/960 1755/1873/960
f 1757/1878/962 2391/1879/961 1756/1876/961
f 1758/1880/963 2392/1881/962 1757/1878/962
f 1759/1882/964 2393/1883/963 1758/1880/963
f 1760/1884/270 2394/1885/964 1759/1882/964
f 1761/1886/965 2395/1887/270 1760/1884/270
f 1762/1888/966 2396/1889/965 1761/1886/965
f 1763/1890/967 2397/1891/966 1762/1888/966
f 1764/1892/968 2398/1893/967 1763/1890/967
f 1765/1894/969 2399/1895/968 1764/1892/968
f 1766/1896/970 2400/1897/969 1765/1894/969
f 1767/1898/971 2401/1899/970 1766/1896/970
f 1768/1900/972 2402/1901/971 1767/1898/971
f 1769/1902/973 2403/1903/972 1768/1900/972
f 1770/1904/974 2404/1905/973 1769/1902/973
f 1771/1906/975 2405/1907/974 1770/1904/974
f 1772/1908/976 2406/1909/975 1771/1906/975
f 1773/1910/977 2407/1911/976 1772/1908/976
f 1774/1912/978 2408/1913/977 1773/1910/977
f 1775/1914/979 2409/1915/978 1774/1912/978
f 1776/1916/980 2410/1917/979 1775/1914/979
f 1777/1918/981 2411/1919/980 1776/1916/980
f 1778/1920/982 2412/1921/983 1777/1918/981
f 1779/1922/984 2413/1923/982 1778/1920/982
f 1780/1924/985 2414/1925/984 1779/1922/984
f 1781/1926/986 2415/1927/985 1780/1924/985
f 1782/1928/987 2416/1929/986 1781/1926/986
f 1783/1930/988 2417/1931/987 1782/1928/987
f 1784/1932/897 2418/1933/988 1783/1930/988
f 1785/1934/989 2419/1935/897 1784/1932/897
f 1786/1936/990 2420/1937/989 1785/1934/989
f 1787/1938/991 2421/1939/990 1786/1936/990
f 1788/1940/992 2422/1941/991 1787/1938/991
f 1789/1942/993 2423/1943/992 1788/1940/992
f 1790/1944/994 2424/1945/993 1789/1942/993
f 1791/1946/995 2425/1947/994 1790/1948/994
f 1792/1949/996 2426/1950/995 1791/1946/995
f 1793/1951/997 2427/1952/996 1792/1949/996
f 1794/1953/998 2428/1954/999 1793/1951/997
f 1795/1955/1000 2429/1956/998 1794/1953/998
f 1796/1957/1001 2430/1958/1000 1795/1955/1000
f 1797/1959/1002 2431/1960/1001 1796/1957/1001
f 1798/1961/1003 2432/1962/1002 1797/1959/1002
f 1799/1963/1004 2433/1964/1003 1798/1961/1003
f 1800/1965/1005 2434/1966/1004 1799/1963/1004
f 1801/1967/1006 2435/1968/1005 1800/1965/1005
f 1802/1969/1007 2436/1970/1006 1801/1967/1006
f 1803/1971/1008 2437/1972/1007 1802/1969/1007
f 1804/1973/1009 2438/1974/1008 1803/1971/1008
f 1805/1975/1010 2439/1976/1009 1804/1973/1009
f 1806/1977/1011 2440/1978/1010 1805/1975/1010
f 1807/1979/1012 2441/1980/1011 1806/1977/1011
f 1808/1981/1013 2442/1982/1012 1807/1979/1012
f 1809/1983/1014 2443/1984/1013 1808/1981/1013
f 1810/1985/1015 2444/1986/1014 1809/1983/1014
f 1811/1987/1016 2445/1988/1015 1810/1985/1015
f 1812/1989/1017 2446/1990/1016 1811/1987/1016
f 1813/1991/1018 2447/1992/1017 1812/1989/1017
f 1814/1993/1019 2448/1994/1018 1813/1991/1018
f 1815/1995/1020 2449/1996/1019 1814/1993/1019
f 1816/1997/1021 2450/1998/1020 1815/1995/1020
f 1817/1999/1022 2451/2000/1021 1816/1997/1021
f 1818/2001/1023 2452/2002/1022 1817/1999/1022
f 1819/2003/1024 2453/2004/1023 1818/2001/1023
f 1820/2005/1025 2454/2006/1024 1819/2003/1024
f 1821/2007/1026 2455/2008/1025 1820/2005/1025
f 1822/2009/1027 2456/2010/1026 1821/2007/1026
f 1823/2011/149 2457/2012/1027 1822/2009/1027
f 1824/2013/1028 2458/2014/149 1823/2011/149
f 1825/2015/1029 2459/2016/1028 1824/2013/1028
f 1826/2017/1030 2460/2018/1029 1825/2015/1029
f 1827/2019/1031 2461/2020/1030 1826/2017/1030
f 1828/2021/1032 2462/2022/1031 1827/2019/1031
f 1829/2023/1033 2463/2024/1032 1828/2021/1032
f 1830/2025/1034 2464/2026/1033 1829/2023/1033
f 1831/2027/1035 2465/2028/1034 1830/2025/1034
f 1832/2029/1036 2466/2030/1035 1831/2027/1035
f 1833/2031/1037 2467/2032/1036 1832/2029/1036
f 1834/2033/1038 2468/2034/1037 1833/2031/1037
f 1835/2035/1039 2469/2036/1038 1834/2033/1038
f 1836/2037/1040 2470/2038/1041 1835/2035/1039
f 1837/2039/1042 2471/2040/1040 1836/2037/1040
f 1838/2041/1043 2472/2042/1042 1837/2039/1042
f 1839/2043/1044 2473/2044/1043 1838/2041/1043
f 1840/2045/1045 2474/2046/1044 1839/2043/1044
f 1841/2047/1046 2475/2048/1045 1840/2045/1045
f 1842/2049/1047 2476/2050/1046 1841/2047/1046
f 1843/2051/1048 2477/2052/1047 1842/2049/1047
f 1844/2053/1049 2478/2054/1048 1843/2051/1048
f 1845/2055/1050 2479/2056/1049 1844/2053/1049
f 1846/2057/1051 2480/2058/1050 1845/2055/1050
f 1847/2059/1052 2481/2060/1051 1846/2057/1051
f 1848/2061/1053 2482/2062/1052 1847/2059/1052
f 1849/2063/1054 2483/2064/1053 1848/2061/1053
f 1850/2065/1055 2484/2066/1054 1849/2063/1054
f 1851/2067/1056 2485/2068/1055 1850/2065/1055
f 1852/2069/1057 2486/2070/1058 1851/2067/1056
f 1853/2071/1059 2487/2072/1057 1852/2069/1057
f 1854/2073/1060 2488/2074/1059 1853/2075/1059
f 1855/2076/1061 2489/2077/1060 1854/2073/1060
f 1856/2078/1062 2490/2079/1061 1855/2076/1061
f 1857/2080/1063 2491/2081/1062 1856/2078/1062
f 1858/2082/1064 2492/2083/1063 1857/2080/1063
f 1859/2084/1065 2493/2085/1064 1858/2082/1064
f 1860/2086/1066 2494/2087/1065 1859/2084/1065
f 1861/2088/1067 2495/2089/1066 1860/2086/1066
f 1862/2090/1068 2496/2091/1067 1861/2088/1067
f 1863/2092/1069 2497/2093/1070 1862/2090/1068
f 1864/2094/1071 2498/2095/1069 1863/2092/1069
f 1865/2096/1072 2499/2097/1071 1864/2094/1071
f 1866/2098/1073 2500/2099/1072 1865/2096/1072
f 1867/2100/1074 2501/2101/1073 1866/2098/1073
f 1868/2102/1075 2502/2103/1074 1867/2100/1074
f 1869/2104/1076 2503/2105/1075 1868/2102/1075
f 1870/2106/1077 2504/2107/1076 1869/2104/1076
f 1871/2108/1078 2505/2109/1077 1870/2106/1077
f 1872/2110/1079 2506/2111/1080 1871/2108/1078
f 1873/2112/1081 2507/2113/1079 1872/2110/1079
f 1874/2114/264 2508/2115/1081 1873/2112/1081
f 1875/2116/1082 2509/2117/264 1874/2114/264
f 1876/2118/1083 2510/2119/1082 1875/2116/1082
f 1877/2120/1084 2511/2121/1083 1876/2118/1083
f 1878/2122/1085 2512/2123/1084 1877/2120/1084
f 1879/2124/1086 2513/2125/1085 1878/2122/1085
f 1880/2126/1087 2514/2127/1086 1879/2124/1086
f 1881/2128/1088 2515/2129/1087 1880/2126/1087
f 1882/2130/1089 2516/2131/1088 1881/2128/1088
f 1883/2132/1090 2517/2133/1089 1882/2130/1089
f 1884/2134/1091 2518/2135/1090 1883/2132/1090
f 1885/2136/1092 2519/2137/1091 1884/2134/1091
f 1886/2138/1093 2520/2139/1092 1885/2136/1092
f 1887/2140/1094 2521/2141/1093 1886/2138/1093
f 1888/2142/1095 2522/2143/1094 1887/2140/1094
f 1889/2144/1096 2523/2145/1095 1888/2142/1095
f 1890/2146/1097 2524/2147/1096 1889/2144/1096
f 1891/2148/1098 2525/2149/1097 1890/2146/1097
f 1892/2150/1099 2526/2151/1098 1891/2148/1098
f 1893/2152/1100 2527/2153/1099 1892/2150/1099
f 1894/2154/1101 2528/2155/1102 1893/2152/1100
f 1895/2156/1103 2529/2157/1101 1894/2154/1101
f 1896/2158/1104 2530/2159/1103 1895/2156/1103
f 1897/2160/1105 2531/2161/1104 1896/2158/1104
f 1898/2162/1106 2532/2163/1105 1897/2160/1105
f 1899/2164/975 2533/2165/1106 1898/2162/1106
f 1900/2166/1107 2534/2167/975 1899/2164/975
f 1901/2168/1108 2535/2169/1107 1900/2166/1107
f 1902/2170/1109 2536/2171/1108 1901/2168/1108
f 1903/2172/1110 2537/2173/1109 1902/2170/1109
f 1904/2174/1111 2538/2175/1110 1903/2172/1110
f 1905/2176/1112 2539/2177/1111 1904/2174/1111
f 1906/2178/1113 2540/2179/1112 1905/2176/1112
f 1907/2180/1114 2541/2181/1113 1906/2178/1113
f 1908/2182/1115 2542/2183/1114 1907/2180/1114
f 1909/2184/1116 2543/2185/1115 1908/2182/1115
f 1910/2186/1117 2544/2187/1116 1909/2184/1116
f 1911/2188/1118 2545/2189/1119 1910/2186/1117
f 1912/2190/1120 2546/2191/1118 1911/2188/1118
f 1913/2192/1121 2547/2193/1120 1912/2190/1120
f 1914/2194/1122 2548/2195/1121 1913/2192/1121
f 1915/2196/1123 2549/2197/1122 1914/2194/1122
f 1916/2198/1124 2550/2199/1125 1915/2196/1123
f 1917/2200/1126 2551/2201/1127 1916/2198/1124
f 1918/2202/1128 2552/2203/1126 1917/2200/1126
f 1919/2204/264 2553/2205/1128 1918/2202/1128
f 1920/2206/1129 2554/2207/264 1919/2204/264
f 1921/2208/1130 2555/2209/1129 1920/2206/1129
f 1922/2210/1131 2556/2211/1130 1921/2208/1130
f 1923/2212/1132 2557/2213/1131 1922/2210/1131
f 1924/2214/1133 2558/2215/1132 1923/2212/1132
f 1925/2216/1134 2559/2217/1133 1924/2214/1133
f 1926/2218/1135 2560/2219/1134 1925/2216/1134
f 1927/2220/1136 2561/2221/1137 1926/2218/1135
f 1928/2222/1138 2562/2223/1136 1927/2220/1136
f 1929/2224/1139 2563/2225/1138 1928/2222/1138
f 1930/2226/1140 2564/2227/1139 1929/2224/1139
f 1931/2228/1141 2565/2229/1140 1930/2226/1140
f 1932/2230/1142 2566/2231/1141 1931/2228/1141
f 1933/2232/1143 2567/2233/1142 1932/2230/1142
f 1934/2234/1144 2568/2235/1143 1933/2232/1143
f 1935/2236/1145 2569/2237/1144 1934/2234/1144
f 1936/2238/1146 2570/2239/1145 1935/2236/1145
f 1937/2240/1147 2571/2241/1146 1936/2238/1146
f 1938/2242/1148 2572/2243/1147 1937/2240/1147
f 1939/2244/1149 2573/2245/1148 1938/2242/1148
f 1940/2246/1150 2574/2247/1149 1939/2244/1149
f 1941/2248/1151 2575/2249/1150 1940/2246/1150
f 1942/2250/1152 2576/2251/1151 1941/2248/1151
f 1943/2252/1153 2577/2253/1152 1942/2250/1152
f 1944/2254/1154 2578/2255/1153 1943/2252/1153
f 1945/2256/1155 2579/2257/1154 1944/2254/1154
f 1946/2258/1119 2580/2259/1156 1945/2256/1155
f 1947/2260/1157 2581/2261/1119 1946/2258/1119
f 1948/2262/1158 2582/2263/1157 1947/2260/1157
f 1949/2264/1159 2583/2265/1158 1948/2262/1158
f 1950/2266/1160 2584/2267/1159 1949/2264/1159
f 1951/2268/1161 2585/2269/1160 1950/2266/1160
f 1952/2270/1162 2586/2271/1161 1951/2268/1161
f 1953/2272/1163 2587/2273/1162 1952/2270/1162
f 1954/2274/1164 2588/2275/1163 1953/2272/1163
f 1955/2276/1165 2589/2277/1166 1954/2274/1164
f 1956/2278/1167 2590/2279/1165 1955/2276/1165
f 1957/2280/1168 2591/2281/1167 1956/2278/1167
f 1958/2282/1169 2592/2283/1168 1957/2280/1168
f 1959/2284/1170 2593/2285/1169 1958/2282/1169
f 1960/2286/1171 2594/2287/1170 1959/2284/1170
f 1961/2288/1172 2595/2289/1171 1960/2286/1171
f 1962/2290/1173 2596/2291/1172 1961/2288/1172
f 1963/2292/1174 2597/2293/1173 1962/2290/1173
f 1964/2294/1175 2598/2295/1174 1963/2292/1174
f 1965/2296/1176 2599/2297/1175 1964/2294/1175
f 1966/2298/1177 2600/2299/1176 1965/2296/1176
f 1967/2300/1178 2601/2301/1177 1966/2298/1177
f 1968/2302/1179 2602/2303/1178 1967/2300/1178
f 1969/2304/1180 2603/2305/1179 1968/2302/1179
f 1970/2306/1181 2604/2307/1180 1969/2304/1180
f 1971/2308/1182 2605/2309/1181 1970/2310/1181
f 1972/2311/1183 2606/2312/1182 1971/2308/1182
f 1973/2313/1184 2607/2314/1183 1972/2311/1183
f 1974/2315/1185 2608/2316/1184 1973/2313/1184
f 1975/2317/1186 2609/2318/1185 1974/2315/1185
f 1976/2319/1187 2610/2320/1186 1975/2317/1186
f 1977/2321/1188 2611/2322/1187 1976/2319/1187
f 1978/2323/1189 2612/2324/1188 1977/2321/1188
f 1979/2325/1190 2613/2326/1189 1978/2323/1189
f 1980/2327/1191 2614/2328/1190 1979/2325/1190
f 1981/2329/1192 2615/2330/1191 1980/2327/1191
f 1982/2331/1193 2616/2332/1192 1981/2329/1192
f 1983/2333/1194 2617/2334/1193 1982/2331/1193
f 1984/2335/1195 2618/2336/1194 1983/2333/1194
f 1985/2337/1196 2619/2338/1197 1984/2335/1195
f 1986/2339/1198 2620/2340/1196 1985/2341/1196
f 1987/2342/1199 2621/2343/1198 1986/2339/1198
f 1988/2344/1200 2622/2345/1199 1987/2346/1199
f 1989/2347/1201 2623/2348/1200 1988/2344/1200
f 1990/2349/1202 2624/2350/1201 1989/2347/1201
f 1991/2351/1203 2625/2352/1202 1990/2349/1202
f 1992/2353/1204 2626/2354/1203 1991/2351/1203
f 1993/2355/1205 2627/2356/1204 1992/2353/1204
f 1994/2357/1206 2628/2358/1205 1993/2355/1205
f 1995/2359/1207 2629/2360/1208 1994/2361/1206
f 1996/2362/1209 2630/2363/1210 1995/2359/1207
f 1997/2364/1211 2631/2365/1209 1996/2362/1209
f 1998/2366/1212 2632/2367/1211 1997/2364/1211
f 1999/2368/1213 2633/2369/1212 1998/2366/1212
f 2000/2370/1214 2634/2371/1213 1999/2368/1213
f 2001/2372/1215 2635/2373/1214 2000/2370/1214
f 2002/2374/1216 2636/2375/1215 2001/2372/1215
f 2003/2376/1217 2637/2377/1216 2002/2374/1216
f 2004/2378/1218 2638/2379/1217 2003/2376/1217
f 2005/2380/1219 2639/2381/1218 2004/2378/1218
f 2006/2382/1220 2640/2383/1219 2005/2380/1219
f 2007/2384/1221 2641/2385/1220 2006/2382/1220
f 2008/2386/1222 2642/2387/1221 2007/2384/1221
f 2009/2388/1223 2643/2389/1222 2008/2386/1222
f 2010/2390/1224 2644/2391/1223 2009/2388/1223
f 2011/2392/1225 2645/2393/1224 2010/2390/1224
f 2012/2394/1226 2646/2395/1225 2011/2392/1225
f 2013/2396/1227 2647/2397/1226 2012/2394/1226
f 2014/2398/1228 2648/2399/1227 2013/2396/1227
f 2015/2400/1229 2649/2401/1228 2014/2398/1228
f 2016/2402/1230 2650/2403/1229 2015/2400/1229
f 2017/2404/1231 2651/2405/1230 2016/2402/1230
f 2018/2406/1232 2652/2407/1231 2017/2404/1231
f 2019/2408/1233 2653/2409/1232 2018/2406/1232
f 2020/2410/1234 2654/2411/1233 2019/2408/1233
f 2021/2412/1235 2655/2413/1234 2020/2410/1234
f 2022/2414/1236 2656/2415/1235 2021/2412/1235
f 2023/2416/1237 2657/2417/1236 2022/2414/1236
f 2024/2418/1238 2658/2419/1237 2023/2416/1237
f 2025/2420/1239 2659/2421/1238 2024/2418/1238
f 2026/2422/1240 2660/2423/1239 2025/2420/1239
f 2027/2424/1241 2661/2425/1240 2026/2422/1240
f 2028/2426/1242 2662/2427/1241 2027/2424/1241
f 2029/2428/1243 2663/2429/1242 2028/2426/1242
f 2030/2430/1244 2664/2431/1243 2029/2428/1243
f 2031/2432/1245 2665/2433/1244 2030/2430/1244
f 2032/2434/1246 2666/2435/1245 2031/2432/1245
f 2033/2436/1247 2667/2437/1246 2032/2434/1246
f 2034/2438/1248 2668/2439/1247 2033/2436/1247
f 2035/2440/717 2669/2441/1248 2034/2438/1248
f 2036/2442/1249 2670/2443/717 2035/2440/717
f 2037/2444/1250 2671/2445/1249 2036/2442/1249
f 2038/2446/670 2672/2447/1250 2037/2444/1250
f 2039/2448/1251 2673/2449/670 2038/2446/670
f 2040/2450/1252 2674/2451/1251 2039/2448/1251
f 2041/2452/1253 2675/2453/1252 2040/2450/1252
f 2042/2454/1254 2676/2455/1253 2041/2452/1253
f 2043/2456/1255 2677/2457/1254 2042/2454/1254
f 2044/2458/1256 2678/2459/1255 2043/2456/1255
f 2045/2460/1257 2679/2461/1256 2044/2458/1256
f 2046/2462/1258 2680/2463/1257 2045/2460/1257
f 2047/2464/1259 2681/2465/1258 2046/2462/1258
f 2048/2466/1260 2682/2467/1259 2047/2468/1259
f 2049/2469/1261 2683/2470/1260 2048/2466/1260
f 2050/2471/1262 2684/2472/1261 2049/2469/1261
f 2051/2473/1263 2685/2474/1262 2050/2471/1262
f 2052/2475/1264 2686/2476/1263 2051/2473/1263
f 2053/2477/1265 2687/2478/1264 2052/2475/1264
f 2054/2479/1266 2688/2480/1265 2053/2477/1265
f 2055/2481/1267 2689/2482/1266 2054/2479/1266
f 2056/2483/1268 2690/2484/1267 2055/2481/1267
f 2057/2485/1269 2691/2486/1268 2056/2483/1268
f 2058/2487/1270 2692/2488/1269 2057/2485/1269
f 2059/2489/1271 2693/2490/1270 2058/2487/1270
f 2060/2491/1272 2694/2492/1271 2059/2489/1271
f 2061/2493/1273 2695/2494/1272 2060/2491/1272
f 2062/2495/1274 2696/2496/1273 2061/2493/1273
f 2063/2497/1275 2697/2498/1274 2062/2495/1274
f 2064/2499/1276 2698/2500/1275 2063/2497/1275
f 2065/2501/1277 2699/2502/1276 2064/2499/1276
f 2066/2503/677 2700/2504/1277 2065/2501/1277
f 2067/2505/1278 2701/2506/677 2066/2503/677
f 2068/2507/1279 2702/2508/1278 2067/2505/1278
f 2069/2509/1280 2703/2510/1279 2068/2507/1279
f 2070/2511/680 2704/2512/1280 2069/2509/1280
f 2071/2513/1281 2705/2514/680 2070/2511/680
f 2072/2515/1282 2706/2516/1281 2071/2513/1281
f 2073/2517/1283 2707/2518/1282 2072/2515/1282
f 2074/2519/1284 2708/2520/1283 2073/2517/1283
f 2075/2521/1285 2709/2522/1284 2074/2519/1284
f 2076/2523/1286 2710/2524/1285 2075/2525/1285
f 2077/2526/1287 2711/2527/1286 2076/2523/1286
f 2078/2528/1288 2712/2529/1287 2077/2526/1287
f 2079/2530/1289 2713/2531/1288 2078/2528/1288
f 2080/2532/1290 2714/2533/1289 2079/2530/1289
f 2081/2534/1291 2715/2535/1290 2080/2532/1290
f 2082/2536/1292 2716/2537/1291 2081/2534/1291
f 2083/2538/1293 2717/2539/1292 2082/2536/1292
f 2084/2540/1294 2718/2541/1293 2083/2538/1293
f 2085/2542/1295 2719/2543/1294 2084/2544/1294
f 2086/2545/1296 2720/2546/1295 2085/2542/1295
f 2087/2547/1297 2721/2548/1298 2086/2545/1296
f 2088/2549/1299 2722/2550/1300 2087/2551/1297
f 2089/2552/1301 2723/2553/1299 2088/2549/1299
f 2090/2554/1302 2724/2555/1301 2089/2552/1301
f 2091/2556/1303 2725/2557/1302 2090/2554/1302
f 2092/2558/1304 2726/2559/1303 2091/2556/1303
f 2093/2560/1305 2727/2561/1304 2092/2558/1304
f 2094/2562/1306 2728/2563/1305 2093/2560/1305
f 2095/2564/1307 2729/2565/1306 2094/2562/1306
f 2096/2566/1308 2730/2567/1307 2095/2568/1307
f 2097/2569/1309 2731/2570/1310 2096/2566/1308
f 2098/2571/1311 2732/2572/1309 2097/2569/1309
f 2099/2573/1312 2733/2574/1311 2098/2571/1311
f 2100/2575/1313 2734/2576/1312 2099/2573/1312
f 2101/2577/1314 2735/2578/1313 2100/2575/1313
f 2102/2579/1315 2736/2580/1314 2101/2577/1314
f 2103/2581/1316 2737/2582/1315 2102/2579/1315
f 2104/2583/1317 2738/2584/1316 2103/2581/1316
f 2105/2585/1318 2739/2586/1317 2104/2583/1317
f 2106/2587/1319 2740/2588/1318 2105/2585/1318
f 2107/2589/1320 2741/2590/1321 2106/2587/1319
f 2108/2591/1322 2742/2592/1320 2107/2589/1320
f 2109/2593/1323 2743/2594/1322 2108/2591/1322
f 2110/2595/1324 2744/2596/1323 2109/2593/1323
f 2111/2597/1325 2745/2598/1324 2110/2595/1324
f 2112/2599/1326 2746/2600/1325 2111/2597/1325
f 2113/2601/1327 2747/2602/1326 2112/2599/1326
f 2114/2603/1328 2748/2604/1327 2113/2601/1327
f 2115/2605/1329 2749/2606/1328 2114/2603/1328
f 2116/2607/1330 2750/2608/1329 2115/2605/1329
f 2117/2609/1331 2751/2610/1330 2116/2607/1330
f 2118/2611/1332 2752/2612/1331 2117/2609/1331
f 2119/2613/1333 2753/2614/1332 2118/2611/1332
f 2120/2615/1334 2754/2616/1333 2119/2613/1333
f 2121/2617/1335 2755/2618/1334 2120/2615/1334
f 2122/2619/636 2756/2620/1335 2121/2617/1335
f 2123/2621/1336 2757/2622/636 2122/2619/636
f 2124/2623/1337 2758/2624/1336 2123/2621/1336
f 2125/2625/1338 2759/2626/1337 2124/2623/1337
f 2126/2627/1339 2760/2628/1338 2125/2625/1338
f 2127/2629/1340 2761/2630/1339 2126/2627/1339
f 2128/2631/1341 2762/2632/1340 2127/2629/1340
f 2129/2633/1342 2763/2634/1341 2128/2631/1341
f 2130/2635/1343 2764/2636/1342 2129/2633/1342
f 2131/2637/1344 2765/2638/1343 2130/2635/1343
f 2132/2639/1345 2766/2640/1344 2131/2637/1344
f 2133/2641/1346 2767/2642/1345 2132/2639/1345
f 2134/2643/1347 2768/2644/1346 2133/2641/1346
f 2135/2645/1348 2769/2646/1347 2134/2643/1347
f 2136/2647/1349 2770/2648/1348 2135/2645/1348
f 2137/2649/1350 2771/2650/1349 2136/2647/1349
f 2138/2651/1351 2772/2652/1350 2137/2649/1350
f 2139/2653/1352 2773/2654/1351 2138/2651/1351
f 2140/2655/1353 2774/2656/1354 2139/2653/1352
f 2141/2657/1355 2775/2658/1356 2140/2655/1353
f 2142/2659/1357 2776/2660/1355 2141/2657/1355
f 2143/2661/1358 2777/2662/1357 2142/2659/1357
f 2144/2663/1359 2778/2664/1358 2143/2661/1358
f 2145/2665/1360 2779/2666/1359 2144/2663/1359
f 2146/2667/1361 2780/2668/1360 2145/2665/1360
f 2147/2669/1362 2781/2670/1361 2146/2667/1361
f 2148/2671/1363 2782/2672/1362 2147/2669/1362
f 2149/2673/1364 2783/2674/1363 2148/2671/1363
f 2150/2675/1365 2784/2676/1364 2149/2673/1364
f 2151/2677/1366 2785/2678/1365 2150/2675/1365
f 2152/2679/1367 2786/2680/1366 2151/2677/1366
f 2153/2681/669 2787/2682/1367 2152/2679/1367
f 2154/2683/1368 2788/2684/669 2153/2681/669
f 2155/2685/1369 2789/2686/1368 2154/2683/1368
f 2156/2687/1370 2790/2688/1369 2155/2685/1369
f 2157/2689/1371 2791/2690/1370 2156/2687/1370
f 2158/2691/1372 2792/2692/1371 2157/2689/1371
f 2159/2693/1373 2793/2694/1372 2158/2691/1372
f 2160/2695/1374 2794/2696/1373 2159/2693/1373
f 2161/2697/1375 2795/2698/1374 2160/2695/1374
f 2162/2699/1376 2796/2700/1375 2161/2697/1375
f 2163/2701/1377 2797/2702/1376 2162/2699/1376
f 2164/2703/1378 2798/2704/1377 2163/2701/1377
f 2165/2705/1226 2799/2706/1378 2164/2703/1378
f 2166/2707/1379 2800/2708/1226 2165/2705/1226
f 2167/2709/701 2801/2710/1379 2166/2707/1379
f 2168/2711/1380 2802/2712/701 2167/2709/701
f 2169/2713/1381 2803/2714/1380 2168/2711/1380
f 2170/2715/1382 2804/2716/1381 2169/2713/1381
f 2171/2717/666 2805/2718/1382 2170/2715/1382
f 2172/2719/1383 2806/2720/666 2171/2717/666
f 2173/2721/1384 2807/2722/1383 2172/2719/1383
f 2174/2723/1385 2808/2724/1384 2173/2721/1384
f 2175/2725/1386 2809/2726/1385 2174/2723/1385
f 2176/2727/1387 2810/2728/1388 2175/2725/1386
f 2177/2729/1368 2811/2730/1387 2176/2727/1387
f 2178/2731/1389 2812/2732/1368 2177/2729/1368
f 2179/2733/1390 2813/2734/1389 2178/2731/1389
f 2180/2735/1391 2814/2736/1390 2179/2733/1390
f 2181/2737/1392 2815/2738/1391 2180/2735/1391
f 2182/2739/1393 2816/2740/1392 2181/2737/1392
f 2183/2741/1394 2817/2742/1393 2182/2739/1393
f 2184/2743/1395 2818/2744/1394 2183/2741/1394
f 2185/2745/1396 2819/2746/1395 2184/2743/1395
f 2186/2747/1397 2820/2748/1396 2185/2745/1396
f 2187/2749/1398 2821/2750/1397 2186/2747/1397
f 2188/2751/670 2822/2752/1398 2187/2749/1398
f 2189/2753/1399 2823/2754/670 2188/2751/670
f 2190/2755/1400 2824/2756/1399 2189/2753/1399
f 2191/2757/1401 2825/2758/1400 2190/2755/1400
f 2192/2759/1402 2826/2760/1401 2191/2757/1401
f 2193/2761/1403 2827/2762/1402 2192/2759/1402
f 2194/2763/1404 2828/2764/1403 2193/2761/1403
f 2195/2765/1405 2829/2766/1404 2194/2763/1404
f 2196/2767/1406 2830/2768/1405 2195/2765/1405
f 2197/2769/1407 2831/2770/1406 2196/2767/1406
f 2198/2771/1408 2832/2772/1407 2197/2769/1407
f 2199/2773/1409 2833/2774/1408 2198/2771/1408
f 2200/2775/1410 2834/2776/1409 2199/2773/1409
f 2201/2777/1411 2835/2778/1410 2200/2775/1410
f 2202/2779/1412 2836/2780/1411 2201/2777/1411
f 2203/2781/1413 2837/2782/1412 2202/2779/1412
f 2204/2783/1414 2838/2784/1413 2203/2781/1413
f 2205/2785/1415 2839/2786/1414 2204/2783/1414
f 2206/2787/1416 2840/2788/1415 2205/2785/1415
f 2207/2789/1417 2841/2790/1416 2206/2787/1416
f 2208/2791/1418 2842/2792/1417 2207/2789/1417
f 2209/2793/1419 2843/2794/1418 2208/2791/1418
f 2210/2795/1420 2844/2796/1419 2209/2793/1419
f 2211/2797/1421 2845/2798/1420 2210/2795/1420
f 2212/2799/1422 2846/2800/1421 2211/2797/1421
f 2213/2801/1423 2847/2802/1422 2212/2799/1422
f 2214/2803/1424 2848/2804/1423 2213/2801/1423
f 2215/2805/1425 2849/2806/1424 2214/2803/1424
f 2216/2807/1426 2850/2808/1425 2215/2805/1425
f 2217/2809/587 2851/2810/1427 2216/2807/1426
f 2218/2811/1428 2852/2812/587 2217/2809/587
f 2219/2813/1429 2853/2814/1428 2218/2811/1428
f 2220/2815/1430 2854/2816/1429 2219/2813/1429
f 2221/2817/1431 2855/2818/1430 2220/2819/1430
f 2222/2820/1432 2856/2821/1431 2221/2817/1431
f 2223/2822/1433 2857/2823/1432 2222/2820/1432
f 2224/2824/1434 2858/2825/1433 2223/2822/1433
f 2225/2826/1435 2859/2827/1434 2224/2824/1434
f 2226/2828/1436 2860/2829/1437 2225/2826/1435
f 2227/2830/1438 2861/2831/1436 2226/2832/1436
f 2228/2833/1439 2862/2834/1438 2227/2830/1438
f 2229/2835/1440 2863/2836/1439 2228/2833/1439
f 2230/2837/1441 2864/2838/1440 2229/2835/1440
f 2231/2839/1442 2865/2840/1441 2230/2837/1441
f 2232/2841/1443 2866/2842/1442 2231/2839/1442
f 2233/2843/1444 2867/2844/1443 2232/2841/1443
f 2234/2845/1445 2868/2846/1444 2233/2843/1444
f 2235/2847/1446 2869/2848/1445 2234/2845/1445
f 2236/2849/1447 2870/2850/1446 2235/2847/1446
f 2237/2851/1448 2871/2852/1447 2236/2849/1447
f 2238/2853/1449 2872/2854/1448 2237/2851/1448
f 2239/2855/1450 2873/2856/1449 2238/2853/1449
f 2240/2857/1451 2874/2858/1450 2239/2855/1450
f 2241/2859/1452 2875/2860/1451 2240/2857/1451
f 2242/2861/1453 2876/2862/1452 2241/2859/1452
f 2243/2863/1454 2877/2864/1453 2242/2861/1453
f 2244/2865/1455 2878/2866/1454 2243/2863/1454
f 2245/2867/1456 2879/2868/1455 2244/2865/1455
f 2246/2869/1457 2880/2870/1456 2245/2867/1456
f 2247/2871/1458 2881/2872/1457 2246/2869/1457
f 2248/2873/1459 2882/2874/1458 2247/2871/1458
f 2249/2875/1460 2883/2876/1459 2248/2873/1459
f 2250/2877/1461 2884/2878/1460 2249/2875/1460
f 2251/2879/1462 2885/2880/1461 2250/2877/1461
f 2252/2881/1463 2886/2882/1462 2251/2879/1462
f 2253/2883/1464 2887/2884/1463 2252/2881/1463
f 2254/2885/1465 2888/2886/1464 2253/2883/1464
f 2255/2887/1466 2889/2888/1465 2254/2885/1465
f 2256/2889/1467 2890/2890/1466 2255/2887/1466
f 2257/2891/1468 2891/2892/1467 2256/2889/1467
f 2258/2893/1469 2892/2894/1468 2257/2891/1468
f 2259/2895/1470 2893/2896/1469 2258/2893/1469
f 2260/2897/1471 2894/2898/1470 2259/2895/1470
f 2261/2899/754 2895/2900/1471 2260/2897/1471
f 2262/2901/1472 2896/2902/754 2261/2899/754
f 2263/2903/1459 2897/2904/1472 2262/2901/1472
f 2264/2905/1473 2898/2906/1459 2263/2903/1459
f 2265/2907/1474 2899/2908/1473 2264/2905/1473
f 2266/2909/1475 2900/2910/1474 2265/2907/1474
f 2267/2911/1476 2901/2912/1475 2266/2909/1475
f 2268/2913/1477 2902/2914/1476 2267/2911/1476
f 2269/2915/1478 2903/2916/1477 2268/2913/1477
f 2270/2917/1479 2904/2918/1478 2269/2915/1478
f 2271/2919/1480 2905/2920/1479 2270/2917/1479
f 2272/2921/1481 2906/2922/1480 2271/2919/1480
f 2273/2923/1482 2907/2924/1481 2272/2921/1481
f 2274/2925/1483 2908/2926/1482 2273/2923/1482
f 2275/2927/1484 2909/2928/1483 2274/2925/1483
f 2276/2929/1485 2910/2930/1484 2275/2927/1484
f 2277/2931/1486 2911/2932/1485 2276/2929/1485
f 2278/2933/1487 2912/2934/1486 2277/2931/1486
f 2279/2935/1488 2913/2936/1487 2278/2933/1487
f 2280/2937/1489 2914/2938/1488 2279/2935/1488
f 2281/2939/1490 2915/2940/1489 2280/2937/1489
f 2282/2941/1491 2916/2942/1490 2281/2939/1490
f 2283/2943/1492 2917/2944/1491 2282/2941/1491
f 2284/2945/1493 2918/2946/1492 2283/2943/1492
f 2285/2947/1494 2919/2948/1493 2284/2945/1493
f 2286/2949/1495 2920/2950/1494 2285/2947/1494
f 2287/2951/1496 2921/2952/1495 2286/2949/1495
f 2288/2953/1497 2922/2954/1496 2287/2951/1496
f 2289/2955/1498 2923/2956/1497 2288/2953/1497
f 2290/2957/83 2924/2958/1498 2289/2959/1498
f 2291/2960/1499 2925/2961/83 2290/2957/83
f 2292/2962/1500 2926/2963/1499 2291/2960/1499
f 2293/2964/1501 2927/2965/1500 2292/2962/1500
f 2294/2966/1502 2928/2967/1501 2293/2964/1501
f 2295/2968/253 2929/2969/1502 2294/2966/1502
f 2296/2970/857 2930/2971/253 2295/2968/253
f 2297/2972/1503 2931/2973/857 2296/2970/857
f 2298/2974/1504 2932/2975/1503 2297/2972/1503
f 2299/2976/1505 2933/2977/1504 2298/2974/1504
f 1665/1695/862 2934/2978/1505 2299/2976/1505
f 118/2979/1506 120/2980/1506 119/2981/1506
f 2285/2982/1506 2287/2983/1506 2286/2984/1506
f 953/2985/1507 949/2986/1507 950/2987/1507
f 2920/2988/1507 2922/2989/1507 2919/2990/1507
f 86/2991/1506 84/2992/1506 83/2993/1506
f 86/2991/1506 82/2994/1506 87/2995/1506
f 87/2995/1506 81/2996/1506 88/2997/1506
f 89/2998/1506 81/2996/1506 80/2999/1506
f 89/2998/1506 79/3000/1506 90/3001/1506
f 73/3002/1506 71/3003/1506 74/3004/1506
f 75/3005/1506 71/3003/1506 70/3006/1506
f 76/3007/1506 70/3006/1506 69/3008/1506
f 76/3007/1506 68/3009/1506 67/3010/1506
f 77/3011/1506 67/3010/1506 66/3012/1506
f 38/3013/1506 36/3014/1506 35/3015/1506
f 39/3016/1506 35/3015/1506 40/3017/1506
f 42/3018/1506 41/3019/1506 35/3015/1506
f 791/3020/1506 789/3021/1506 792/3022/1506
f 792/3022/1506 788/3023/1506 793/3024/1506
f 793/3024/1506 787/3025/1506 794/3026/1506
f 795/3027/1506 787/3025/1506 786/3028/1506
f 796/3029/1506 786/3028/1506 797/3030/1506
f 798/3031/1506 786/3028/1506 785/3032/1506
f 799/3033/1506 785/3032/1506 784/3034/1506
f 800/3035/1506 784/3034/1506 801/3036/1506
f 802/3037/1506 784/3034/1506 803/3038/1506
f 804/3039/1506 784/3034/1506 805/3040/1506
f 807/3041/1506 805/3040/1506 784/3034/1506
f 808/3042/1506 784/3034/1506 809/3043/1506
f 809/3043/1506 783/3044/1506 810/3045/1506
f 810/3045/1506 782/3046/1506 811/3047/1506
f 811/3047/1506 782/3046/1506 781/3048/1506
f 812/3049/1506 780/3050/1506 779/3051/1506
f 812/3049/1506 778/3052/1506 777/3053/1506
f 813/3054/1506 777/3053/1506 776/3055/1506
f 815/3056/1506 814/3057/1506 776/3055/1506
f 816/3058/1506 776/3055/1506 817/3059/1506
f 819/3060/1506 817/3059/1506 776/3055/1506
f 821/3061/1506 819/3060/1506 776/3055/1506
f 822/3062/1506 776/3055/1506 823/3063/1506
f 824/3064/1506 776/3055/1506 825/3065/1506
f 826/3066/1506 776/3055/1506 827/3067/1506
f 828/3068/1506 776/3055/1506 829/3069/1506
f 830/3070/1506 776/3055/1506 775/3071/1506
f 831/3072/1506 775/3071/1506 832/3073/1506
f 2/3074/1506 832/3073/1506 775/3071/1506
f 4/3075/1506 2/3074/1506 775/3071/1506
f 6/3076/1506 5/3077/1506 775/3071/1506
f 8/3078/1506 7/3079/1506 775/3071/1506
f 8/3078/1506 775/3071/1506 774/3080/1506
f 8/3078/1506 772/3081/1506 9/3082/1506
f 9/3082/1506 771/3083/1506 770/3084/1506
f 9/3082/1506 769/3085/1506 768/3086/1506
f 768/3086/1506 766/3087/1506 9/3082/1506
f 9/3082/1506 765/3088/1506 764/3089/1506
f 10/3090/1506 764/3089/1506 763/3091/1506
f 11/3092/1506 763/3091/1506 762/3093/1506
f 13/3094/1506 12/3095/1506 762/3093/1506
f 13/3094/1506 761/3096/1506 14/3097/1506
f 16/3098/1506 15/3099/1506 761/3096/1506
f 16/3098/1506 761/3096/1506 760/3100/1506
f 16/3098/1506 758/3101/1506 17/3102/1506
f 17/3102/1506 758/3101/1506 757/3103/1506
f 17/3102/1506 755/3104/1506 18/3105/1506
f 18/3105/1506 754/3106/1506 19/3107/1506
f 19/3107/1506 753/3108/1506 20/3109/1506
f 21/3110/1506 753/3108/1506 752/3111/1506
f 21/3110/1506 751/3112/1506 22/3113/1506
f 22/3113/1506 750/3114/1506 23/3115/1506
f 24/3116/1506 750/3114/1506 25/3117/1506
f 26/3118/1506 750/3114/1506 749/3119/1506
f 749/3119/1506 747/3120/1506 26/3118/1506
f 26/3118/1506 746/3121/1506 27/3122/1506
f 27/3122/1506 746/3121/1506 745/3123/1506
f 744/3124/1506 742/3125/1506 27/3122/1506
f 742/3125/1506 740/3126/1506 27/3122/1506
f 740/3126/1506 738/3127/1506 27/3122/1506
f 738/3127/1506 736/3128/1506 27/3122/1506
f 27/3122/1506 735/3129/1506 734/3130/1506
f 27/3122/1506 733/3131/1506 732/3132/1506
f 27/3122/1506 732/3132/1506 731/3133/1506
f 28/3134/1506 730/3135/1506 729/3136/1506
f 29/3137/1506 729/3136/1506 728/3138/1506
f 29/3137/1506 728/3138/1506 727/3139/1506
f 726/3140/1506 724/3141/1506 29/3137/1506
f 724/3141/1506 722/3142/1506 29/3137/1506
f 722/3142/1506 720/3143/1506 29/3137/1506
f 720/3143/1506 718/3144/1506 29/3137/1506
f 29/3137/1506 718/3144/1506 717/3145/1506
f 29/3137/1506 716/3146/1506 715/3147/1506
f 29/3137/1506 714/3148/1506 713/3149/1506
f 30/3150/1506 712/3151/1506 711/3152/1506
f 711/3152/1506 709/3153/1506 30/3150/1506
f 709/3153/1506 707/3154/1506 30/3150/1506
f 707/3154/1506 705/3155/1506 30/3150/1506
f 705/3155/1506 703/3156/1506 30/3150/1506
f 30/3150/1506 703/3156/1506 702/3157/1506
f 30/3150/1506 701/3158/1506 700/3159/1506
f 30/3150/1506 699/3160/1506 698/3161/1506
f 697/3162/1506 695/3163/1506 30/3150/1506
f 695/3163/1506 693/3164/1506 30/3150/1506
f 30/3150/1506 692/3165/1506 691/3166/1506
f 691/3166/1506 689/3167/1506 30/3150/1506
f 30/3150/1506 689/3167/1506 688/3168/1506
f 30/3150/1506 687/3169/1506 686/3170/1506
f 30/3150/1506 684/3171/1506 683/3172/1506
f 683/3172/1506 681/3173/1506 30/3150/1506
f 681/3173/1506 679/3174/1506 30/3150/1506
f 30/3150/1506 679/3174/1506 678/3175/1506
f 30/3150/1506 677/3176/1506 676/3177/1506
f 30/3150/1506 675/3178/1506 674/3179/1506
f 30/3150/1506 673/3180/1506 672/3181/1506
f 671/3182/1506 669/3183/1506 30/3150/1506
f 30/3150/1506 668/3184/1506 667/3185/1506
f 30/3150/1506 667/3185/1506 666/3186/1506
f 30/3150/1506 664/3187/1506 663/3188/1506
f 663/3188/1506 661/3189/1506 30/3150/1506
f 661/3189/1506 659/3190/1506 30/3150/1506
f 659/3190/1506 657/3191/1506 30/3150/1506
f 30/3150/1506 656/3192/1506 655/3193/1506
f 30/3150/1506 655/3193/1506 654/3194/1506
f 506/3195/1506 504/3196/1506 507/3197/1506
f 507/3197/1506 503/3198/1506 502/3199/1506
f 507/3197/1506 501/3200/1506 508/3201/1506
f 508/3201/1506 500/3202/1506 509/3203/1506
f 510/3204/1506 500/3202/1506 499/3205/1506
f 511/3206/1506 499/3205/1506 498/3207/1506
f 511/3206/1506 497/3208/1506 512/3209/1506
f 512/3209/1506 497/3208/1506 496/3210/1506
f 471/3211/1506 469/3212/1506 468/3213/1506
f 471/3211/1506 467/3214/1506 472/3215/1506
f 472/3215/1506 466/3216/1506 473/3217/1506
f 474/3218/1506 466/3216/1506 465/3219/1506
f 475/3220/1506 465/3219/1506 464/3221/1506
f 476/3222/1506 464/3221/1506 463/3223/1506
f 477/3224/1506 463/3223/1506 462/3225/1506
f 478/3226/1506 462/3225/1506 461/3227/1506
f 478/3226/1506 460/3228/1506 479/3229/1506
f 479/3229/1506 459/3230/1506 480/3231/1506
f 481/3232/1506 459/3230/1506 458/3233/1506
f 482/3234/1506 458/3233/1506 457/3235/1506
f 482/3234/1506 456/3236/1506 455/3237/1506
f 484/3238/1506 483/3239/1506 455/3237/1506
f 484/3238/1506 454/3240/1506 485/3241/1506
f 486/3242/1506 454/3240/1506 453/3243/1506
f 486/3242/1506 452/3244/1506 487/3245/1506
f 452/3244/1506 450/3246/1506 487/3245/1506
f 450/3246/1506 448/3247/1506 487/3245/1506
f 448/3247/1506 446/3248/1506 487/3245/1506
f 446/3248/1506 444/3249/1506 487/3245/1506
f 487/3245/1506 443/3250/1506 442/3251/1506
f 487/3245/1506 442/3251/1506 441/3252/1506
f 487/3245/1506 439/3253/1506 438/3254/1506
f 438/3254/1506 436/3255/1506 487/3245/1506
f 436/3255/1506 434/3256/1506 487/3245/1506
f 434/3256/1506 432/3257/1506 487/3245/1506
f 432/3257/1506 430/3258/1506 487/3245/1506
f 430/3258/1506 428/3259/1506 487/3245/1506
f 428/3259/1506 426/3260/1506 487/3245/1506
f 426/3260/1506 424/3261/1506 487/3245/1506
f 487/3245/1506 424/3261/1506 423/3262/1506
f 356/3263/1506 354/3264/1506 357/3265/1506
f 358/3266/1506 354/3264/1506 353/3267/1506
f 359/3268/1506 353/3267/1506 352/3269/1506
f 360/3270/1506 352/3269/1506 351/3271/1506
f 361/3272/1506 351/3271/1506 362/3273/1506
f 363/3274/1506 351/3271/1506 350/3275/1506
f 364/3276/1506 350/3275/1506 365/3277/1506
f 366/3278/1506 350/3275/1506 349/3279/1506
f 367/3280/1506 349/3279/1506 348/3281/1506
f 368/3282/1506 348/3281/1506 347/3283/1506
f 370/3284/1506 369/3285/1506 347/3283/1506
f 371/3286/1506 347/3283/1506 372/3287/1506
f 373/3288/1506 347/3283/1506 374/3289/1506
f 376/3290/1506 374/3289/1506 347/3283/1506
f 378/3291/1506 376/3290/1506 347/3283/1506
f 379/3292/1506 347/3283/1506 380/3293/1506
f 382/3294/1506 381/3295/1506 347/3283/1506
f 384/3296/1506 383/3297/1506 347/3283/1506
f 385/3298/1506 347/3283/1506 386/3299/1506
f 386/3299/1506 346/3300/1506 387/3301/1506
f 387/3301/1506 345/3302/1506 388/3303/1506
f 389/3304/1506 345/3302/1506 390/3305/1506
f 391/3306/1506 345/3302/1506 392/3307/1506
f 393/3308/1506 345/3302/1506 344/3309/1506
f 394/3310/1506 344/3309/1506 343/3311/1506
f 395/3312/1506 343/3311/1506 396/3313/1506
f 396/3313/1506 342/3314/1506 397/3315/1506
f 398/3316/1506 342/3314/1506 399/3317/1506
f 342/3314/1506 340/3318/1506 399/3317/1506
f 340/3318/1506 338/3319/1506 399/3317/1506
f 399/3317/1506 337/3320/1506 400/3321/1506
f 400/3321/1506 336/3322/1506 401/3323/1506
f 402/3324/1506 336/3322/1506 335/3325/1506
f 403/3326/1506 335/3325/1506 334/3327/1506
f 404/3328/1506 334/3327/1506 333/3329/1506
f 405/3330/1506 333/3329/1506 332/3331/1506
f 405/3330/1506 332/3331/1506 331/3332/1506
f 405/3330/1506 330/3333/1506 329/3334/1506
f 405/3330/1506 327/3335/1506 406/3336/1506
f 406/3336/1506 327/3335/1506 326/3337/1506
f 406/3336/1506 325/3338/1506 324/3339/1506
f 406/3336/1506 323/3340/1506 322/3341/1506
f 407/3342/1506 321/3343/1506 320/3344/1506
f 408/3345/1506 320/3344/1506 319/3346/1506
f 409/3347/1506 319/3346/1506 318/3348/1506
f 409/3347/1506 317/3349/1506 410/3350/1506
f 411/3351/1506 317/3349/1506 316/3352/1506
f 412/3353/1506 316/3352/1506 315/3354/1506
f 412/3353/1506 314/3355/1506 413/3356/1506
f 413/3356/1506 313/3357/1506 312/3358/1506
f 414/3359/1506 312/3358/1506 311/3360/1506
f 415/3361/1506 311/3360/1506 310/3362/1506
f 416/3363/1506 310/3362/1506 309/3364/1506
f 416/3363/1506 308/3365/1506 307/3366/1506
f 417/3367/1506 307/3366/1506 306/3368/1506
f 417/3367/1506 305/3369/1506 304/3370/1506
f 417/3367/1506 303/3371/1506 302/3372/1506
f 418/3373/1506 302/3372/1506 301/3374/1506
f 418/3373/1506 300/3375/1506 419/3376/1506
f 419/3376/1506 300/3375/1506 299/3377/1506
f 420/3378/1506 298/3379/1506 297/3380/1506
f 297/3380/1506 295/3381/1506 420/3378/1506
f 421/3382/1506 295/3381/1506 294/3383/1506
f 421/3382/1506 294/3383/1506 293/3384/1506
f 421/3382/1506 291/3385/1506 422/3386/1506
f 487/3245/1506 291/3385/1506 488/3387/1506
f 488/3387/1506 290/3388/1506 489/3389/1506
f 489/3389/1506 289/3390/1506 490/3391/1506
f 491/3392/1506 289/3390/1506 288/3393/1506
f 492/3394/1506 288/3393/1506 287/3395/1506
f 493/3396/1506 287/3395/1506 286/3397/1506
f 494/3398/1506 286/3397/1506 285/3399/1506
f 494/3398/1506 284/3400/1506 495/3401/1506
f 512/3209/1506 284/3400/1506 283/3402/1506
f 512/3209/1506 283/3402/1506 282/3403/1506
f 512/3209/1506 281/3404/1506 280/3405/1506
f 512/3209/1506 279/3406/1506 278/3407/1506
f 512/3209/1506 277/3408/1506 276/3409/1506
f 512/3209/1506 274/3410/1506 513/3411/1506
f 513/3411/1506 274/3410/1506 273/3412/1506
f 513/3411/1506 272/3413/1506 271/3414/1506
f 514/3415/1506 270/3416/1506 269/3417/1506
f 514/3415/1506 268/3418/1506 267/3419/1506
f 514/3415/1506 266/3420/1506 515/3421/1506
f 515/3421/1506 266/3420/1506 265/3422/1506
f 517/3423/1506 516/3424/1506 264/3425/1506
f 517/3423/1506 263/3426/1506 518/3427/1506
f 519/3428/1506 263/3426/1506 520/3429/1506
f 520/3429/1506 263/3426/1506 262/3430/1506
f 521/3431/1506 261/3432/1506 260/3433/1506
f 522/3434/1506 260/3433/1506 259/3435/1506
f 524/3436/1506 523/3437/1506 259/3435/1506
f 526/3438/1506 524/3436/1506 259/3435/1506
f 528/3439/1506 526/3438/1506 259/3435/1506
f 530/3440/1506 528/3439/1506 259/3435/1506
f 531/3441/1506 259/3435/1506 532/3442/1506
f 534/3443/1506 533/3444/1506 259/3435/1506
f 534/3443/1506 258/3445/1506 535/3446/1506
f 535/3446/1506 258/3445/1506 257/3447/1506
f 535/3446/1506 255/3448/1506 536/3449/1506
f 537/3450/1506 255/3448/1506 254/3451/1506
f 539/3452/1506 538/3453/1506 254/3451/1506
f 539/3452/1506 253/3454/1506 540/3455/1506
f 541/3456/1506 253/3454/1506 252/3457/1506
f 541/3456/1506 251/3458/1506 250/3459/1506
f 250/3459/1506 248/3460/1506 541/3456/1506
f 248/3460/1506 246/3461/1506 541/3456/1506
f 246/3461/1506 244/3462/1506 541/3456/1506
f 541/3456/1506 243/3463/1506 242/3464/1506
f 541/3456/1506 242/3464/1506 241/3465/1506
f 240/3466/1506 238/3467/1506 541/3456/1506
f 541/3456/1506 237/3468/1506 236/3469/1506
f 542/3470/1506 236/3469/1506 235/3471/1506
f 543/3472/1506 235/3471/1506 234/3473/1506
f 545/3474/1506 544/3475/1506 234/3473/1506
f 546/3476/1506 234/3473/1506 233/3477/1506
f 548/3478/1506 546/3476/1506 233/3477/1506
f 550/3479/1506 548/3478/1506 233/3477/1506
f 552/3480/1506 550/3479/1506 233/3477/1506
f 553/3481/1506 233/3477/1506 554/3482/1506
f 556/3483/1506 554/3482/1506 233/3477/1506
f 558/3484/1506 556/3483/1506 233/3477/1506
f 560/3485/1506 558/3484/1506 233/3477/1506
f 561/3486/1506 233/3477/1506 562/3487/1506
f 564/3488/1506 563/3489/1506 233/3477/1506
f 565/3490/1506 233/3477/1506 232/3491/1506
f 565/3490/1506 231/3492/1506 566/3493/1506
f 566/3493/1506 230/3494/1506 567/3495/1506
f 567/3495/1506 230/3494/1506 229/3496/1506
f 567/3495/1506 227/3497/1506 226/3498/1506
f 226/3498/1506 224/3499/1506 567/3495/1506
f 567/3495/1506 223/3500/1506 222/3501/1506
f 567/3495/1506 222/3501/1506 221/3502/1506
f 568/3503/1506 220/3504/1506 219/3505/1506
f 570/3506/1506 568/3503/1506 219/3505/1506
f 571/3507/1506 219/3505/1506 218/3508/1506
f 573/3509/1506 572/3510/1506 218/3508/1506
f 575/3511/1506 574/3512/1506 218/3508/1506
f 575/3511/1506 217/3513/1506 576/3514/1506
f 577/3515/1506 217/3513/1506 216/3516/1506
f 579/3517/1506 578/3518/1506 216/3516/1506
f 580/3519/1506 216/3516/1506 581/3520/1506
f 583/3521/1506 581/3520/1506 216/3516/1506
f 584/3522/1506 216/3516/1506 585/3523/1506
f 585/3523/1506 215/3524/1506 586/3525/1506
f 588/3526/1506 586/3525/1506 215/3524/1506
f 590/3527/1506 588/3526/1506 215/3524/1506
f 215/3524/1506 213/3528/1506 590/3527/1506
f 213/3528/1506 211/3529/1506 590/3527/1506
f 590/3527/1506 211/3529/1506 209/3530/1506
f 209/3530/1506 207/3531/1506 590/3527/1506
f 590/3527/1506 207/3531/1506 206/3532/1506
f 590/3527/1506 205/3533/1506 204/3534/1506
f 590/3527/1506 203/3535/1506 202/3536/1506
f 590/3527/1506 200/3537/1506 591/3538/1506
f 592/3539/1506 200/3537/1506 199/3540/1506
f 594/3541/1506 592/3539/1506 199/3540/1506
f 596/3542/1506 594/3541/1506 199/3540/1506
f 597/3543/1506 199/3540/1506 598/3544/1506
f 599/3545/1506 199/3540/1506 600/3546/1506
f 602/3547/1506 601/3548/1506 199/3540/1506
f 604/3549/1506 603/3550/1506 199/3540/1506
f 604/3549/1506 198/3551/1506 605/3552/1506
f 607/3553/1506 606/3554/1506 198/3551/1506
f 609/3555/1506 607/3553/1506 198/3551/1506
f 611/3556/1506 609/3555/1506 198/3551/1506
f 613/3557/1506 612/3558/1506 198/3551/1506
f 614/3559/1506 198/3551/1506 197/3560/1506
f 616/3561/1506 615/3562/1506 197/3560/1506
f 618/3563/1506 616/3561/1506 197/3560/1506
f 620/3564/1506 618/3563/1506 197/3560/1506
f 622/3565/1506 620/3564/1506 197/3560/1506
f 624/3566/1506 622/3565/1506 197/3560/1506
f 625/3567/1506 197/3560/1506 626/3568/1506
f 628/3569/1506 626/3568/1506 197/3560/1506
f 630/3570/1506 629/3571/1506 197/3560/1506
f 632/3572/1506 631/3573/1506 197/3560/1506
f 634/3574/1506 633/3575/1506 197/3560/1506
f 636/3576/1506 635/3577/1506 197/3560/1506
f 638/3578/1506 636/3576/1506 197/3560/1506
f 640/3579/1506 639/3580/1506 197/3560/1506
f 642/3581/1506 641/3582/1506 197/3560/1506
f 644/3583/1506 643/3584/1506 197/3560/1506
f 646/3585/1506 645/3586/1506 197/3560/1506
f 648/3587/1506 647/3588/1506 197/3560/1506
f 650/3589/1506 649/3590/1506 197/3560/1506
f 652/3591/1506 651/3592/1506 197/3560/1506
f 30/3150/1506 652/3591/1506 197/3560/1506
f 32/3593/1506 31/3594/1506 197/3560/1506
f 34/3595/1506 32/3593/1506 197/3560/1506
f 35/3015/1506 197/3560/1506 196/3596/1506
f 43/3597/1506 42/3018/1506 196/3596/1506
f 45/3598/1506 44/3599/1506 196/3596/1506
f 47/3600/1506 46/3601/1506 196/3596/1506
f 49/3602/1506 48/3603/1506 196/3596/1506
f 51/3604/1506 50/3605/1506 196/3596/1506
f 53/3606/1506 52/3607/1506 196/3596/1506
f 55/3608/1506 53/3606/1506 196/3596/1506
f 57/3609/1506 55/3608/1506 196/3596/1506
f 59/3610/1506 57/3609/1506 196/3596/1506
f 61/3611/1506 59/3610/1506 196/3596/1506
f 62/3612/1506 196/3596/1506 63/3613/1506
f 65/3614/1506 64/3615/1506 196/3596/1506
f 77/3011/1506 65/3614/1506 196/3596/1506
f 79/3000/1506 78/3616/1506 196/3596/1506
f 91/3617/1506 79/3000/1506 196/3596/1506
f 93/3618/1506 92/3619/1506 196/3596/1506
f 95/3620/1506 94/3621/1506 196/3596/1506
f 97/3622/1506 96/3623/1506 196/3596/1506
f 99/3624/1506 97/3622/1506 196/3596/1506
f 101/3625/1506 99/3624/1506 196/3596/1506
f 102/3626/1506 196/3596/1506 103/3627/1506
f 104/3628/1506 196/3596/1506 105/3629/1506
f 106/3630/1506 196/3596/1506 107/3631/1506
f 185/3632/1506 183/3633/1506 182/3634/1506
f 185/3632/1506 181/3635/1506 186/3636/1506
f 187/3637/1506 181/3635/1506 180/3638/1506
f 187/3637/1506 179/3639/1506 188/3640/1506
f 188/3640/1506 178/3641/1506 189/3642/1506
f 189/3642/1506 178/3641/1506 177/3643/1506
f 189/3642/1506 175/3644/1506 190/3645/1506
f 191/3646/1506 175/3644/1506 174/3647/1506
f 191/3646/1506 173/3648/1506 192/3649/1506
f 193/3650/1506 173/3648/1506 172/3651/1506
f 193/3650/1506 171/3652/1506 194/3653/1506
f 194/3653/1506 170/3654/1506 195/3655/1506
f 196/3596/1506 170/3654/1506 169/3656/1506
f 196/3596/1506 168/3657/1506 107/3631/1506
f 107/3631/1506 167/3658/1506 108/3659/1506
f 109/3660/1506 167/3658/1506 166/3661/1506
f 109/3660/1506 166/3661/1506 165/3662/1506
f 164/3663/1506 162/3664/1506 109/3660/1506
f 109/3660/1506 162/3664/1506 161/3665/1506
f 160/3666/1506 158/3667/1506 109/3660/1506
f 158/3667/1506 156/3668/1506 109/3660/1506
f 156/3668/1506 154/3669/1506 109/3660/1506
f 154/3669/1506 152/3670/1506 109/3660/1506
f 152/3670/1506 150/3671/1506 109/3660/1506
f 109/3660/1506 150/3671/1506 149/3672/1506
f 109/3660/1506 147/3673/1506 110/3674/1506
f 110/3674/1506 147/3673/1506 146/3675/1506
f 110/3674/1506 145/3676/1506 144/3677/1506
f 110/3674/1506 142/3678/1506 141/3679/1506
f 141/3679/1506 139/3680/1506 110/3674/1506
f 111/3681/1506 139/3680/1506 138/3682/1506
f 111/3681/1506 137/3683/1506 136/3684/1506
f 111/3681/1506 135/3685/1506 134/3686/1506
f 111/3681/1506 134/3686/1506 133/3687/1506
f 111/3681/1506 131/3688/1506 130/3689/1506
f 112/3690/1506 130/3689/1506 129/3691/1506
f 112/3690/1506 128/3692/1506 127/3693/1506
f 113/3694/1506 127/3693/1506 126/3695/1506
f 113/3694/1506 125/3696/1506 114/3697/1506
f 114/3697/1506 124/3698/1506 115/3699/1506
f 115/3699/1506 123/3700/1506 116/3701/1506
f 116/3701/1506 122/3702/1506 117/3703/1506
f 117/3703/1506 121/3704/1506 118/2979/1506
f 2228/3705/1506 2226/3706/1506 2225/3707/1506
f 2228/3705/1506 2224/3708/1506 2223/3709/1506
f 2228/3705/1506 2222/3710/1506 2229/3711/1506
f 2229/3711/1506 2221/3712/1506 2230/3713/1506
f 2230/3713/1506 2220/3714/1506 2219/3715/1506
f 2230/3713/1506 2218/3716/1506 2231/3717/1506
f 2218/3716/1506 2216/3718/1506 2231/3717/1506
f 2231/3717/1506 2215/3719/1506 2232/3720/1506
f 2232/3720/1506 2214/3721/1506 2213/3722/1506
f 2213/3722/1506 2211/3723/1506 2232/3720/1506
f 2232/3720/1506 2210/3724/1506 2209/3725/1506
f 2232/3720/1506 2208/3726/1506 2233/3727/1506
f 2235/3728/1506 2234/3729/1506 2208/3726/1506
f 2237/3730/1506 2236/3731/1506 2208/3726/1506
f 2239/3732/1506 2238/3733/1506 2208/3726/1506
f 2241/3734/1506 2240/3735/1506 2208/3726/1506
f 2242/3736/1506 2208/3726/1506 2243/3737/1506
f 2244/3738/1506 2208/3726/1506 2245/3739/1506
f 2246/3740/1506 2208/3726/1506 2247/3741/1506
f 2248/3742/1506 2208/3726/1506 2249/3743/1506
f 2251/3744/1506 2250/3745/1506 2208/3726/1506
f 2252/3746/1506 2208/3726/1506 2253/3747/1506
f 2255/3748/1506 2254/3749/1506 2208/3726/1506
f 1988/3750/1506 1986/3751/1506 1985/3752/1506
f 1989/3753/1506 1985/3752/1506 1990/3754/1506
f 1990/3754/1506 1984/3755/1506 1991/3756/1506
f 1991/3756/1506 1983/3757/1506 1992/3758/1506
f 1993/3759/1506 1983/3757/1506 1982/3760/1506
f 1994/3761/1506 1982/3760/1506 1981/3762/1506
f 1996/3763/1506 1994/3761/1506 1981/3762/1506
f 1996/3763/1506 1980/3764/1506 1997/3765/1506
f 1997/3765/1506 1979/3766/1506 1998/3767/1506
f 1999/3768/1506 1979/3766/1506 1978/3769/1506
f 2001/3770/1506 2000/3771/1506 1978/3769/1506
f 2003/3772/1506 2002/3773/1506 1978/3769/1506
f 2005/3774/1506 2004/3775/1506 1978/3769/1506
f 2005/3774/1506 1977/3776/1506 2006/3777/1506
f 2006/3777/1506 1976/3778/1506 2007/3779/1506
f 2008/3780/1506 1976/3778/1506 1975/3781/1506
f 2008/3780/1506 1974/3782/1506 1973/3783/1506
f 1973/3783/1506 1971/3784/1506 2008/3780/1506
f 1971/3784/1506 1969/3785/1506 2008/3780/1506
f 1969/3785/1506 1967/3786/1506 2008/3780/1506
f 2008/3780/1506 1966/3787/1506 1965/3788/1506
f 2008/3780/1506 1965/3788/1506 1964/3789/1506
f 2008/3780/1506 1962/3790/1506 1961/3791/1506
f 2008/3780/1506 1960/3792/1506 1959/3793/1506
f 2008/3780/1506 1958/3794/1506 1957/3795/1506
f 2008/3780/1506 1956/3796/1506 2009/3797/1506
f 2009/3797/1506 1955/3798/1506 2010/3799/1506
f 2010/3799/1506 1954/3800/1506 1953/3801/1506
f 2011/3802/1506 1953/3801/1506 1952/3803/1506
f 2011/3802/1506 1951/3804/1506 1950/3805/1506
f 1950/3805/1506 1948/3806/1506 2011/3802/1506
f 2011/3802/1506 1947/3807/1506 1946/3808/1506
f 2011/3802/1506 1945/3809/1506 2012/3810/1506
f 2014/3811/1506 2013/3812/1506 1945/3809/1506
f 2014/3811/1506 1944/3813/1506 2015/3814/1506
f 2015/3814/1506 1943/3815/1506 2016/3816/1506
f 2017/3817/1506 1943/3815/1506 2018/3818/1506
f 2019/3819/1506 1943/3815/1506 1942/3820/1506
f 2020/3821/1506 1942/3820/1506 2021/3822/1506
f 2022/3823/1506 1942/3820/1506 1941/3824/1506
f 2022/3823/1506 1941/3824/1506 1940/3825/1506
f 2022/3823/1506 1939/3826/1506 1938/3827/1506
f 2022/3823/1506 1936/3828/1506 2023/3829/1506
f 2023/3829/1506 1936/3828/1506 1935/3830/1506
f 2023/3829/1506 1934/3831/1506 1933/3832/1506
f 2023/3829/1506 1932/3833/1506 1931/3834/1506
f 2023/3829/1506 1929/3835/1506 2024/3836/1506
f 2024/3836/1506 1928/3837/1506 2025/3838/1506
f 2025/3838/1506 1928/3837/1506 1927/3839/1506
f 2025/3838/1506 1925/3840/1506 1924/3841/1506
f 1924/3841/1506 1922/3842/1506 2025/3838/1506
f 1922/3842/1506 1920/3843/1506 2025/3838/1506
f 2025/3838/1506 1919/3844/1506 1918/3845/1506
f 1918/3845/1506 1916/3846/1506 2025/3838/1506
f 2026/3847/1506 1916/3846/1506 1915/3848/1506
f 1915/3848/1506 1913/3849/1506 2026/3847/1506
f 1913/3849/1506 1911/3850/1506 2026/3847/1506
f 2026/3847/1506 1911/3850/1506 1910/3851/1506
f 2026/3847/1506 1908/3852/1506 2027/3853/1506
f 2027/3853/1506 1907/3854/1506 2028/3855/1506
f 2030/3856/1506 2029/3857/1506 1907/3854/1506
f 2030/3856/1506 1906/3858/1506 2031/3859/1506
f 2032/3860/1506 1906/3858/1506 1905/3861/1506
f 2033/3862/1506 1905/3861/1506 1904/3863/1506
f 2034/3864/1506 1904/3863/1506 1903/3865/1506
f 2034/3864/1506 1902/3866/1506 2035/3867/1506
f 1902/3866/1506 1900/3868/1506 2035/3867/1506
f 1900/3868/1506 1898/3869/1506 2035/3867/1506
f 2035/3867/1506 1897/3870/1506 1896/3871/1506
f 2035/3867/1506 1896/3871/1506 1895/3872/1506
f 2037/3873/1506 2036/3874/1506 1894/3875/1506
f 2038/3876/1506 1894/3875/1506 1893/3877/1506
f 2039/3878/1506 1893/3877/1506 2040/3879/1506
f 2041/3880/1506 1893/3877/1506 2042/3881/1506
f 2043/3882/1506 1893/3877/1506 1892/3883/1506
f 2044/3884/1506 1892/3883/1506 1891/3885/1506
f 2045/3886/1506 1891/3885/1506 1890/3887/1506
f 2046/3888/1506 1890/3887/1506 1889/3889/1506
f 1889/3889/1506 1887/3890/1506 2046/3888/1506
f 1887/3890/1506 1885/3891/1506 2046/3888/1506
f 2046/3888/1506 1884/3892/1506 1883/3893/1506
f 1883/3893/1506 1881/3894/1506 2046/3888/1506
f 2046/3888/1506 1881/3894/1506 1880/3895/1506
f 2046/3888/1506 1878/3896/1506 1877/3897/1506
f 2047/3898/1506 1877/3897/1506 1876/3899/1506
f 2047/3898/1506 1876/3899/1506 1875/3900/1506
f 2047/3898/1506 1873/3901/1506 2048/3902/1506
f 2048/3902/1506 1873/3901/1506 1872/3903/1506
f 2049/3904/1506 1871/3905/1506 1870/3906/1506
f 2050/3907/1506 1870/3906/1506 1869/3908/1506
f 2051/3909/1506 1869/3908/1506 2052/3910/1506
f 2054/3911/1506 2052/3910/1506 1869/3908/1506
f 2056/3912/1506 2054/3911/1506 1869/3908/1506
f 2058/3913/1506 2056/3912/1506 1869/3908/1506
f 2060/3914/1506 2059/3915/1506 1869/3908/1506
f 2062/3916/1506 2061/3917/1506 1869/3908/1506
f 2063/3918/1506 1869/3908/1506 2064/3919/1506
f 2065/3920/1506 1869/3908/1506 2066/3921/1506
f 2067/3922/1506 1869/3908/1506 2068/3923/1506
f 2070/3924/1506 2069/3925/1506 1869/3908/1506
f 2071/3926/1506 1869/3908/1506 2072/3927/1506
f 2074/3928/1506 2072/3927/1506 1869/3908/1506
f 2076/3929/1506 2074/3928/1506 1869/3908/1506
f 2078/3930/1506 2076/3929/1506 1869/3908/1506
f 2080/3931/1506 2078/3930/1506 1869/3908/1506
f 2082/3932/1506 2081/3933/1506 1869/3908/1506
f 2084/3934/1506 2082/3932/1506 1869/3908/1506
f 2086/3935/1506 2084/3934/1506 1869/3908/1506
f 2087/3936/1506 1869/3908/1506 1868/3937/1506
f 2087/3936/1506 1867/3938/1506 1866/3939/1506
f 1866/3939/1506 1864/3940/1506 2087/3936/1506
f 2087/3936/1506 1863/3941/1506 1862/3942/1506
f 2087/3936/1506 1861/3943/1506 1860/3944/1506
f 2087/3936/1506 1859/3945/1506 1858/3946/1506
f 1858/3946/1506 1856/3947/1506 2087/3936/1506
f 2087/3936/1506 1856/3947/1506 1855/3948/1506
f 2087/3936/1506 1854/3949/1506 1853/3950/1506
f 2087/3936/1506 1851/3951/1506 2088/3952/1506
f 2088/3952/1506 1850/3953/1506 2089/3954/1506
f 2089/3954/1506 1849/3955/1506 2090/3956/1506
f 2090/3956/1506 1848/3957/1506 2091/3958/1506
f 1791/3959/1506 1789/3960/1506 1792/3961/1506
f 1792/3961/1506 1788/3962/1506 1787/3963/1506
f 1793/3964/1506 1787/3963/1506 1786/3965/1506
f 1794/3966/1506 1786/3965/1506 1785/3967/1506
f 1795/3968/1506 1785/3967/1506 1784/3969/1506
f 1796/3970/1506 1784/3969/1506 1783/3971/1506
f 1796/3970/1506 1782/3972/1506 1797/3973/1506
f 1797/3973/1506 1781/3974/1506 1780/3975/1506
f 1797/3973/1506 1779/3976/1506 1798/3977/1506
f 1798/3977/1506 1778/3978/1506 1777/3979/1506
f 1798/3977/1506 1776/3980/1506 1775/3981/1506
f 1799/3982/1506 1775/3981/1506 1774/3983/1506
f 1800/3984/1506 1774/3983/1506 1773/3985/1506
f 1801/3986/1506 1773/3985/1506 1772/3987/1506
f 1803/3988/1506 1802/3989/1506 1772/3987/1506
f 1804/3990/1506 1772/3987/1506 1805/3991/1506
f 1807/3992/1506 1805/3991/1506 1772/3987/1506
f 1809/3993/1506 1807/3992/1506 1772/3987/1506
f 1811/3994/1506 1809/3993/1506 1772/3987/1506
f 1813/3995/1506 1811/3994/1506 1772/3987/1506
f 1815/3996/1506 1813/3995/1506 1772/3987/1506
f 1817/3997/1506 1815/3996/1506 1772/3987/1506
f 1819/3998/1506 1818/3999/1506 1772/3987/1506
f 1820/4000/1506 1772/3987/1506 1771/4001/1506
f 1821/4002/1506 1771/4001/1506 1770/4003/1506
f 1822/4004/1506 1770/4003/1506 1769/4005/1506
f 1823/4006/1506 1769/4005/1506 1768/4007/1506
f 1825/4008/1506 1824/4009/1506 1768/4007/1506
f 1826/4010/1506 1768/4007/1506 1767/4011/1506
f 1828/4012/1506 1827/4013/1506 1767/4011/1506
f 1828/4012/1506 1766/4014/1506 1829/4015/1506
f 1829/4015/1506 1766/4014/1506 1765/4016/1506
f 1829/4015/1506 1764/4017/1506 1763/4018/1506
f 1829/4015/1506 1761/4019/1506 1830/4020/1506
f 1832/4021/1506 1830/4020/1506 1761/4019/1506
f 1834/4022/1506 1832/4021/1506 1761/4019/1506
f 1836/4023/1506 1834/4022/1506 1761/4019/1506
f 1838/4024/1506 1836/4023/1506 1761/4019/1506
f 1840/4025/1506 1838/4024/1506 1761/4019/1506
f 1842/4026/1506 1841/4027/1506 1761/4019/1506
f 1843/4028/1506 1761/4019/1506 1760/4029/1506
f 1843/4028/1506 1759/4030/1506 1758/4031/1506
f 1758/4031/1506 1756/4032/1506 1843/4028/1506
f 1756/4032/1506 1754/4033/1506 1843/4028/1506
f 1754/4033/1506 1752/4034/1506 1843/4028/1506
f 1752/4034/1506 1750/4035/1506 1843/4028/1506
f 1750/4035/1506 1748/4036/1506 1843/4028/1506
f 1748/4036/1506 1746/4037/1506 1843/4028/1506
f 1746/4037/1506 1744/4038/1506 1843/4028/1506
f 1744/4038/1506 1742/4039/1506 1843/4028/1506
f 1843/4028/1506 1741/4040/1506 1740/4041/1506
f 1740/4041/1506 1738/4042/1506 1843/4028/1506
f 1738/4042/1506 1736/4043/1506 1843/4028/1506
f 1843/4028/1506 1736/4043/1506 1735/4044/1506
f 1843/4028/1506 1734/4045/1506 1733/4046/1506
f 1843/4028/1506 1732/4047/1506 1731/4048/1506
f 1843/4028/1506 1729/4049/1506 1844/4050/1506
f 1844/4050/1506 1728/4051/1506 1845/4052/1506
f 1847/4053/1506 1846/4054/1506 1728/4051/1506
f 1847/4053/1506 1727/4055/1506 1848/3957/1506
f 2092/4056/1506 1848/3957/1506 1727/4055/1506
f 2094/4057/1506 2092/4056/1506 1727/4055/1506
f 2096/4058/1506 2094/4057/1506 1727/4055/1506
f 2098/4059/1506 2096/4058/1506 1727/4055/1506
f 2100/4060/1506 2098/4059/1506 1727/4055/1506
f 2102/4061/1506 2100/4060/1506 1727/4055/1506
f 2104/4062/1506 2102/4061/1506 1727/4055/1506
f 2106/4063/1506 2104/4062/1506 1727/4055/1506
f 2108/4064/1506 2107/4065/1506 1727/4055/1506
f 2110/4066/1506 2109/4067/1506 1727/4055/1506
f 2112/4068/1506 2111/4069/1506 1727/4055/1506
f 2114/4070/1506 2113/4071/1506 1727/4055/1506
f 2116/4072/1506 2114/4070/1506 1727/4055/1506
f 2118/4073/1506 2116/4072/1506 1727/4055/1506
f 2119/4074/1506 1727/4055/1506 2120/4075/1506
f 2122/4076/1506 2121/4077/1506 1727/4055/1506
f 2123/4078/1506 1727/4055/1506 2124/4079/1506
f 2126/4080/1506 2124/4079/1506 1727/4055/1506
f 2128/4081/1506 2126/4080/1506 1727/4055/1506
f 2130/4082/1506 2129/4083/1506 1727/4055/1506
f 2132/4084/1506 2131/4085/1506 1727/4055/1506
f 2134/4086/1506 2133/4087/1506 1727/4055/1506
f 2136/4088/1506 2135/4089/1506 1727/4055/1506
f 2138/4090/1506 2136/4088/1506 1727/4055/1506
f 2140/4091/1506 2138/4090/1506 1727/4055/1506
f 2141/4092/1506 1727/4055/1506 2142/4093/1506
f 2144/4094/1506 2142/4093/1506 1727/4055/1506
f 2146/4095/1506 2145/4096/1506 1727/4055/1506
f 2148/4097/1506 2147/4098/1506 1727/4055/1506
f 2150/4099/1506 2149/4100/1506 1727/4055/1506
f 2150/4099/1506 1727/4055/1506 1726/4101/1506
f 2150/4099/1506 1724/4102/1506 2151/4103/1506
f 2151/4103/1506 1723/4104/1506 2152/4105/1506
f 2152/4105/1506 1723/4104/1506 1722/4106/1506
f 2154/4107/1506 2153/4108/1506 1721/4109/1506
f 2154/4107/1506 1720/4110/1506 2155/4111/1506
f 2156/4112/1506 1720/4110/1506 2157/4113/1506
f 2159/4114/1506 2157/4113/1506 1720/4110/1506
f 2160/4115/1506 1720/4110/1506 1719/4116/1506
f 2161/4117/1506 1719/4116/1506 1718/4118/1506
f 2162/4119/1506 1718/4118/1506 2163/4120/1506
f 2164/4121/1506 1718/4118/1506 1717/4122/1506
f 2166/4123/1506 2165/4124/1506 1717/4122/1506
f 2167/4125/1506 1717/4122/1506 1716/4126/1506
f 2168/4127/1506 1716/4126/1506 1715/4128/1506
f 2169/4129/1506 1715/4128/1506 1714/4130/1506
f 1714/4130/1506 1712/4131/1506 2169/4129/1506
f 1712/4131/1506 1710/4132/1506 2169/4129/1506
f 1710/4132/1506 1708/4133/1506 2169/4129/1506
f 1708/4133/1506 1706/4134/1506 2169/4129/1506
f 1706/4134/1506 1704/4135/1506 2169/4129/1506
f 1704/4135/1506 1702/4136/1506 2169/4129/1506
f 1702/4136/1506 1700/4137/1506 2169/4129/1506
f 1700/4137/1506 1698/4138/1506 2169/4129/1506
f 2169/4129/1506 1698/4138/1506 1696/4139/1506
f 1696/4139/1506 1694/4140/1506 2169/4129/1506
f 2169/4129/1506 1693/4141/1506 1692/4142/1506
f 2169/4129/1506 1691/4143/1506 1690/4144/1506
f 1690/4144/1506 1688/4145/1506 2169/4129/1506
f 1688/4145/1506 1686/4146/1506 2169/4129/1506
f 1686/4146/1506 1684/4147/1506 2169/4129/1506
f 2169/4129/1506 1683/4148/1506 1682/4149/1506
f 2169/4129/1506 1682/4149/1506 1681/4150/1506
f 2170/4151/1506 1680/4152/1506 1679/4153/1506
f 2172/4154/1506 2171/4155/1506 1679/4153/1506
f 2174/4156/1506 2172/4154/1506 1679/4153/1506
f 2176/4157/1506 2174/4156/1506 1679/4153/1506
f 2178/4158/1506 2176/4157/1506 1679/4153/1506
f 2179/4159/1506 1679/4153/1506 2180/4160/1506
f 2182/4161/1506 2181/4162/1506 1679/4153/1506
f 2184/4163/1506 2183/4164/1506 1679/4153/1506
f 2184/4163/1506 1678/4165/1506 2185/4166/1506
f 2187/4167/1506 2186/4168/1506 1678/4165/1506
f 2189/4169/1506 2187/4167/1506 1678/4165/1506
f 2191/4170/1506 2189/4169/1506 1678/4165/1506
f 2193/4171/1506 2191/4170/1506 1678/4165/1506
f 2195/4172/1506 2193/4171/1506 1678/4165/1506
f 2197/4173/1506 2196/4174/1506 1678/4165/1506
f 2199/4175/1506 2198/4176/1506 1678/4165/1506
f 2201/4177/1506 2200/4178/1506 1678/4165/1506
f 2203/4179/1506 2202/4180/1506 1678/4165/1506
f 2205/4181/1506 2204/4182/1506 1678/4165/1506
f 2205/4181/1506 1677/4183/1506 2206/4184/1506
f 2206/4184/1506 1677/4183/1506 1676/4185/1506
f 2206/4184/1506 1674/4186/1506 2207/4187/1506
f 2207/4187/1506 1673/4188/1506 1672/4189/1506
f 1672/4189/1506 1670/4190/1506 2207/4187/1506
f 1670/4190/1506 1668/4191/1506 2207/4187/1506
f 1668/4191/1506 1666/4192/1506 2207/4187/1506
f 2207/4187/1506 1666/4192/1506 1665/4193/1506
f 2207/4187/1506 2298/4194/1506 2297/4195/1506
f 2297/4195/1506 2295/4196/1506 2207/4187/1506
f 2295/4196/1506 2293/4197/1506 2207/4187/1506
f 2284/4198/1506 2288/4199/1506 2287/2983/1506
f 950/2987/1507 952/4200/1507 953/2985/1507
f 1015/4201/1507 1017/4202/1507 1014/4203/1507
f 1013/4204/1507 1017/4202/1507 1018/4205/1507
f 1013/4204/1507 1019/4206/1507 1012/4207/1507
f 1011/4208/1507 1019/4206/1507 1020/4209/1507
f 1010/4210/1507 1020/4209/1507 1021/4211/1507
f 1008/4212/1507 1009/4213/1507 1021/4211/1507
f 1007/4214/1507 1021/4211/1507 1022/4215/1507
f 1007/4214/1507 1023/4216/1507 1006/4217/1507
f 1005/4218/1507 1023/4216/1507 1024/4219/1507
f 1005/4218/1507 1025/4220/1507 1004/4221/1507
f 1003/4222/1507 1025/4220/1507 1026/4223/1507
f 1002/4224/1507 1026/4223/1507 1027/4225/1507
f 1002/4224/1507 1028/4226/1507 1001/4227/1507
f 1186/4228/1507 1188/4229/1507 1189/4230/1507
f 1186/4228/1507 1190/4231/1507 1185/4232/1507
f 1185/4232/1507 1191/4233/1507 1184/4234/1507
f 1184/4234/1507 1192/4235/1507 1183/4236/1507
f 1183/4236/1507 1193/4237/1507 1194/4238/1507
f 1183/4236/1507 1195/4239/1507 1182/4240/1507
f 1182/4240/1507 1196/4241/1507 1197/4242/1507
f 1182/4240/1507 1198/4243/1507 1181/4244/1507
f 1181/4244/1507 1199/4245/1507 1180/4246/1507
f 1180/4246/1507 1200/4247/1507 1179/4248/1507
f 1179/4248/1507 1200/4247/1507 1201/4249/1507
f 1179/4248/1507 1203/4250/1507 1204/4251/1507
f 1179/4248/1507 1205/4252/1507 1206/4253/1507
f 1206/4253/1507 1208/4254/1507 1179/4248/1507
f 1208/4254/1507 1210/4255/1507 1179/4248/1507
f 1179/4248/1507 1211/4256/1507 1212/4257/1507
f 1179/4248/1507 1212/4257/1507 1213/4258/1507
f 1179/4248/1507 1214/4259/1507 1215/4260/1507
f 1179/4248/1507 1217/4261/1507 1218/4262/1507
f 1178/4263/1507 1218/4262/1507 1219/4264/1507
f 1177/4265/1507 1219/4264/1507 1220/4266/1507
f 1177/4265/1507 1221/4267/1507 1222/4268/1507
f 1177/4265/1507 1223/4269/1507 1224/4270/1507
f 1177/4265/1507 1225/4271/1507 1176/4272/1507
f 1176/4272/1507 1226/4273/1507 1175/4274/1507
f 1175/4274/1507 1227/4275/1507 1228/4276/1507
f 1174/4277/1507 1228/4276/1507 1229/4278/1507
f 1174/4277/1507 1230/4279/1507 1231/4280/1507
f 1172/4281/1507 1174/4277/1507 1231/4280/1507
f 1170/4282/1507 1172/4281/1507 1231/4280/1507
f 1169/4283/1507 1231/4280/1507 1232/4284/1507
f 1168/4285/1507 1232/4284/1507 1233/4286/1507
f 1168/4285/1507 1234/4287/1507 1167/4288/1507
f 1167/4288/1507 1235/4289/1507 1166/4290/1507
f 1166/4290/1507 1236/4291/1507 1165/4292/1507
f 1165/4292/1507 1237/4293/1507 1164/4294/1507
f 1162/4295/1507 1163/4296/1507 1237/4293/1507
f 1160/4297/1507 1161/4298/1507 1237/4293/1507
f 1159/4299/1507 1237/4293/1507 1238/4300/1507
f 1157/4301/1507 1158/4302/1507 1238/4300/1507
f 1155/4303/1507 1156/4304/1507 1238/4300/1507
f 1153/4305/1507 1154/4306/1507 1238/4300/1507
f 1153/4305/1507 1239/4307/1507 1152/4308/1507
f 1152/4308/1507 1240/4309/1507 1151/4310/1507
f 1151/4310/1507 1241/4311/1507 1150/4312/1507
f 1149/4313/1507 1241/4311/1507 1242/4314/1507
f 1149/4313/1507 1243/4315/1507 1148/4316/1507
f 1148/4316/1507 1244/4317/1507 1147/4318/1507
f 1146/4319/1507 1244/4317/1507 1245/4320/1507
f 1145/4321/1507 1245/4320/1507 1144/4322/1507
f 1144/4322/1507 1246/4323/1507 1143/4324/1507
f 1143/4324/1507 1247/4325/1507 1142/4326/1507
f 1142/4326/1507 1248/4327/1507 1141/4328/1507
f 1140/4329/1507 1248/4327/1507 1139/4330/1507
f 1139/4330/1507 1249/4331/1507 1138/4332/1507
f 1137/4333/1507 1249/4331/1507 1136/4334/1507
f 1135/4335/1507 1249/4331/1507 1134/4336/1507
f 1134/4336/1507 1250/4337/1507 1133/4338/1507
f 1132/4339/1507 1250/4337/1507 1251/4340/1507
f 1130/4341/1507 1131/4342/1507 1251/4340/1507
f 1130/4341/1507 1252/4343/1507 1129/4344/1507
f 1127/4345/1507 1129/4344/1507 1252/4343/1507
f 1127/4345/1507 1253/4346/1507 1126/4347/1507
f 1124/4348/1507 1125/4349/1507 1253/4346/1507
f 1123/4350/1507 1253/4346/1507 1254/4351/1507
f 1301/4352/1507 1303/4353/1507 1300/4354/1507
f 1299/4355/1507 1303/4353/1507 1304/4356/1507
f 1298/4357/1507 1304/4356/1507 1305/4358/1507
f 1298/4357/1507 1306/4359/1507 1297/4360/1507
f 1297/4360/1507 1307/4361/1507 1296/4362/1507
f 1296/4362/1507 1308/4363/1507 1295/4364/1507
f 1295/4364/1507 1309/4365/1507 1294/4366/1507
f 1294/4366/1507 1310/4367/1507 1293/4368/1507
f 1292/4369/1507 1310/4367/1507 1311/4370/1507
f 1291/4371/1507 1311/4370/1507 1312/4372/1507
f 1291/4371/1507 1313/4373/1507 1290/4374/1507
f 1290/4374/1507 1314/4375/1507 1289/4376/1507
f 1288/4377/1507 1314/4375/1507 1287/4378/1507
f 1287/4378/1507 1314/4375/1507 1315/4379/1507
f 1286/4380/1507 1316/4381/1507 1317/4382/1507
f 1286/4380/1507 1318/4383/1507 1285/4384/1507
f 1284/4385/1507 1318/4383/1507 1319/4386/1507
f 1282/4387/1507 1284/4385/1507 1319/4386/1507
f 1280/4388/1507 1282/4387/1507 1319/4386/1507
f 1278/4389/1507 1280/4388/1507 1319/4386/1507
f 1276/4390/1507 1278/4389/1507 1319/4386/1507
f 1275/4391/1507 1319/4386/1507 1274/4392/1507
f 1272/4393/1507 1273/4394/1507 1319/4386/1507
f 1271/4395/1507 1319/4386/1507 1270/4396/1507
f 1268/4397/1507 1270/4396/1507 1319/4386/1507
f 1266/4398/1507 1268/4397/1507 1319/4386/1507
f 1264/4399/1507 1266/4398/1507 1319/4386/1507
f 1262/4400/1507 1264/4399/1507 1319/4386/1507
f 1260/4401/1507 1262/4400/1507 1319/4386/1507
f 1258/4402/1507 1260/4401/1507 1319/4386/1507
f 1256/4403/1507 1258/4402/1507 1319/4386/1507
f 1254/4351/1507 1255/4404/1507 1319/4386/1507
f 1123/4350/1507 1319/4386/1507 1320/4405/1507
f 1122/4406/1507 1320/4405/1507 1321/4407/1507
f 1121/4408/1507 1321/4407/1507 1322/4409/1507
f 1121/4408/1507 1323/4410/1507 1120/4411/1507
f 1120/4411/1507 1324/4412/1507 1119/4413/1507
f 1119/4413/1507 1325/4414/1507 1118/4415/1507
f 1118/4415/1507 1326/4416/1507 1117/4417/1507
f 1116/4418/1507 1326/4416/1507 1327/4419/1507
f 1336/4420/1507 1338/4421/1507 1339/4422/1507
f 1335/4423/1507 1339/4422/1507 1334/4424/1507
f 1333/4425/1507 1339/4422/1507 1340/4426/1507
f 1332/4427/1507 1340/4426/1507 1341/4428/1507
f 1332/4427/1507 1342/4429/1507 1331/4430/1507
f 1331/4430/1507 1343/4431/1507 1330/4432/1507
f 1329/4433/1507 1343/4431/1507 1344/4434/1507
f 1327/4419/1507 1328/4435/1507 1344/4434/1507
f 1116/4418/1507 1344/4434/1507 1115/4436/1507
f 1113/4437/1507 1114/4438/1507 1344/4434/1507
f 1111/4439/1507 1112/4440/1507 1344/4434/1507
f 1109/4441/1507 1110/4442/1507 1344/4434/1507
f 1107/4443/1507 1108/4444/1507 1344/4434/1507
f 1106/4445/1507 1344/4434/1507 1345/4446/1507
f 1104/4447/1507 1105/4448/1507 1345/4446/1507
f 1102/4449/1507 1103/4450/1507 1345/4446/1507
f 1102/4449/1507 1346/4451/1507 1101/4452/1507
f 1100/4453/1507 1346/4451/1507 1099/4454/1507
f 1098/4455/1507 1346/4451/1507 1347/4456/1507
f 1096/4457/1507 1097/4458/1507 1347/4456/1507
f 1096/4457/1507 1347/4456/1507 1348/4459/1507
f 1095/4460/1507 1349/4461/1507 1350/4462/1507
f 1095/4460/1507 1351/4463/1507 1352/4464/1507
f 1093/4465/1507 1094/4466/1507 1352/4464/1507
f 1093/4465/1507 1353/4467/1507 1092/4468/1507
f 1092/4468/1507 1354/4469/1507 1091/4470/1507
f 1091/4470/1507 1354/4469/1507 1355/4471/1507
f 1356/4472/1507 1358/4473/1507 1091/4470/1507
f 1358/4473/1507 1360/4474/1507 1091/4470/1507
f 1360/4474/1507 1362/4475/1507 1091/4470/1507
f 1091/4470/1507 1363/4476/1507 1364/4477/1507
f 1091/4470/1507 1364/4477/1507 1365/4478/1507
f 1090/4479/1507 1366/4480/1507 1367/4481/1507
f 1088/4482/1507 1089/4483/1507 1367/4481/1507
f 1087/4484/1507 1367/4481/1507 1368/4485/1507
f 1087/4484/1507 1369/4486/1507 1086/4487/1507
f 1086/4487/1507 1369/4486/1507 1370/4488/1507
f 1085/4489/1507 1371/4490/1507 1372/4491/1507
f 1085/4489/1507 1373/4492/1507 1084/4493/1507
f 1083/4494/1507 1373/4492/1507 1082/4495/1507
f 1080/4496/1507 1082/4495/1507 1373/4492/1507
f 1078/4497/1507 1080/4496/1507 1373/4492/1507
f 1076/4498/1507 1078/4497/1507 1373/4492/1507
f 1075/4499/1507 1373/4492/1507 1074/4500/1507
f 1072/4501/1507 1073/4502/1507 1373/4492/1507
f 1070/4503/1507 1072/4501/1507 1373/4492/1507
f 1069/4504/1507 1373/4492/1507 1068/4505/1507
f 1068/4505/1507 1374/4506/1507 1067/4507/1507
f 1067/4507/1507 1375/4508/1507 1066/4509/1507
f 1066/4509/1507 1375/4508/1507 1376/4510/1507
f 1066/4509/1507 1378/4511/1507 1065/4512/1507
f 1378/4511/1507 1380/4513/1507 1065/4512/1507
f 1380/4513/1507 1382/4514/1507 1065/4512/1507
f 1382/4514/1507 1384/4515/1507 1065/4512/1507
f 1065/4512/1507 1385/4516/1507 1386/4517/1507
f 1386/4517/1507 1388/4518/1507 1065/4512/1507
f 1388/4518/1507 1390/4519/1507 1065/4512/1507
f 1390/4519/1507 1392/4520/1507 1065/4512/1507
f 1065/4512/1507 1393/4521/1507 1394/4522/1507
f 1065/4512/1507 1394/4522/1507 1395/4523/1507
f 1065/4512/1507 1397/4524/1507 1064/4525/1507
f 1063/4526/1507 1397/4524/1507 1398/4527/1507
f 1062/4528/1507 1398/4527/1507 1399/4529/1507
f 1060/4530/1507 1061/4531/1507 1399/4529/1507
f 1059/4532/1507 1399/4529/1507 1058/4533/1507
f 1056/4534/1507 1058/4533/1507 1399/4529/1507
f 1055/4535/1507 1399/4529/1507 1054/4536/1507
f 1052/4537/1507 1053/4538/1507 1399/4529/1507
f 1052/4537/1507 1400/4539/1507 1051/4540/1507
f 1400/4539/1507 1402/4541/1507 1051/4540/1507
f 1051/4540/1507 1403/4542/1507 1050/4543/1507
f 1050/4543/1507 1403/4542/1507 1404/4544/1507
f 1050/4543/1507 1405/4545/1507 1406/4546/1507
f 1049/4547/1507 1407/4548/1507 1408/4549/1507
f 1049/4547/1507 1409/4550/1507 1048/4551/1507
f 1048/4551/1507 1409/4550/1507 1410/4552/1507
f 1048/4551/1507 1412/4553/1507 1413/4554/1507
f 1413/4554/1507 1415/4555/1507 1048/4551/1507
f 1048/4551/1507 1416/4556/1507 1417/4557/1507
f 1047/4558/1507 1417/4557/1507 1418/4559/1507
f 1418/4559/1507 1420/4560/1507 1047/4558/1507
f 1420/4560/1507 1422/4561/1507 1047/4558/1507
f 1045/4562/1507 1047/4558/1507 1422/4561/1507
f 1043/4563/1507 1045/4562/1507 1422/4561/1507
f 1041/4564/1507 1043/4563/1507 1422/4561/1507
f 1039/4565/1507 1041/4564/1507 1422/4561/1507
f 1037/4566/1507 1038/4567/1507 1422/4561/1507
f 1035/4568/1507 1036/4569/1507 1422/4561/1507
f 1033/4570/1507 1034/4571/1507 1422/4561/1507
f 1032/4572/1507 1422/4561/1507 1423/4573/1507
f 1032/4572/1507 1424/4574/1507 1031/4575/1507
f 1424/4574/1507 1426/4576/1507 1031/4575/1507
f 1426/4576/1507 1428/4577/1507 1031/4575/1507
f 1031/4575/1507 1429/4578/1507 1430/4579/1507
f 1031/4575/1507 1431/4580/1507 1432/4581/1507
f 1031/4575/1507 1432/4581/1507 1433/4582/1507
f 1031/4575/1507 1434/4583/1507 1435/4584/1507
f 1030/4585/1507 1436/4586/1507 1437/4587/1507
f 1030/4585/1507 1437/4587/1507 1438/4588/1507
f 1439/4589/1507 1441/4590/1507 1030/4585/1507
f 1441/4590/1507 1443/4591/1507 1030/4585/1507
f 1030/4585/1507 1443/4591/1507 1444/4592/1507
f 1030/4585/1507 1446/4593/1507 1029/4594/1507
f 1029/4594/1507 1446/4593/1507 1447/4595/1507
f 1448/4596/1507 1450/4597/1507 1029/4594/1507
f 1450/4597/1507 1452/4598/1507 1029/4594/1507
f 1452/4598/1507 1454/4599/1507 1029/4594/1507
f 1454/4599/1507 1456/4600/1507 1029/4594/1507
f 1029/4594/1507 1457/4601/1507 1458/4602/1507
f 1458/4602/1507 1460/4603/1507 1029/4594/1507
f 1029/4594/1507 1460/4603/1507 1461/4604/1507
f 1029/4594/1507 1462/4605/1507 1463/4606/1507
f 1029/4594/1507 1464/4607/1507 1465/4608/1507
f 1029/4594/1507 1466/4609/1507 1467/4610/1507
f 1468/4611/1507 1470/4612/1507 1029/4594/1507
f 1029/4594/1507 1470/4612/1507 1471/4613/1507
f 1029/4594/1507 1472/4614/1507 1473/4615/1507
f 1029/4594/1507 1474/4616/1507 1475/4617/1507
f 1029/4594/1507 1476/4618/1507 1477/4619/1507
f 1029/4594/1507 1478/4620/1507 1479/4621/1507
f 1029/4594/1507 1480/4622/1507 1481/4623/1507
f 1029/4594/1507 1482/4624/1507 1483/4625/1507
f 1621/4626/1507 1623/4627/1507 1624/4628/1507
f 1620/4629/1507 1624/4628/1507 1625/4630/1507
f 1619/4631/1507 1625/4630/1507 1626/4632/1507
f 1619/4631/1507 1627/4633/1507 1618/4634/1507
f 1618/4634/1507 1628/4635/1507 1629/4636/1507
f 1618/4634/1507 1630/4637/1507 1617/4638/1507
f 1617/4638/1507 1631/4639/1507 1616/4640/1507
f 1616/4640/1507 1632/4641/1507 1633/4642/1507
f 1616/4640/1507 1634/4643/1507 1635/4644/1507
f 1616/4640/1507 1636/4645/1507 1637/4646/1507
f 1637/4646/1507 1639/4647/1507 1616/4640/1507
f 1616/4640/1507 1640/4648/1507 1641/4649/1507
f 1615/4650/1507 1641/4649/1507 1642/4651/1507
f 1614/4652/1507 1642/4651/1507 1643/4653/1507
f 1612/4654/1507 1613/4655/1507 1643/4653/1507
f 1612/4654/1507 1644/4656/1507 1611/4657/1507
f 1610/4658/1507 1644/4656/1507 1609/4659/1507
f 1609/4659/1507 1645/4660/1507 1608/4661/1507
f 1608/4661/1507 1645/4660/1507 1646/4662/1507
f 1608/4661/1507 1648/4663/1507 1649/4664/1507
f 1649/4664/1507 1651/4665/1507 1608/4661/1507
f 1651/4665/1507 1653/4666/1507 1608/4661/1507
f 1608/4661/1507 1654/4667/1507 1655/4668/1507
f 1608/4661/1507 1656/4669/1507 1657/4670/1507
f 1608/4661/1507 1658/4671/1507 1659/4672/1507
f 1608/4661/1507 1660/4673/1507 1661/4674/1507
f 1608/4661/1507 1662/4675/1507 1607/4676/1507
f 1607/4676/1507 1663/4677/1507 1664/4678/1507
f 1664/4678/1507 834/4679/1507 1607/4676/1507
f 834/4679/1507 836/4680/1507 1607/4676/1507
f 1607/4676/1507 836/4680/1507 837/4681/1507
f 1607/4676/1507 838/4682/1507 839/4683/1507
f 1605/4684/1507 1606/4685/1507 840/4686/1507
f 1604/4687/1507 840/4686/1507 841/4688/1507
f 1603/4689/1507 841/4688/1507 1602/4690/1507
f 1601/4691/1507 841/4688/1507 1600/4692/1507
f 1598/4693/1507 1600/4692/1507 841/4688/1507
f 1597/4694/1507 841/4688/1507 1596/4695/1507
f 1596/4695/1507 842/4696/1507 1595/4697/1507
f 1595/4697/1507 843/4698/1507 1594/4699/1507
f 1594/4699/1507 843/4698/1507 844/4700/1507
f 1593/4701/1507 845/4702/1507 846/4703/1507
f 1593/4701/1507 846/4703/1507 847/4704/1507
f 1591/4705/1507 1592/4706/1507 848/4707/1507
f 1590/4708/1507 848/4707/1507 849/4709/1507
f 1588/4710/1507 1589/4711/1507 849/4709/1507
f 1587/4712/1507 849/4709/1507 850/4713/1507
f 1586/4714/1507 850/4713/1507 851/4715/1507
f 1585/4716/1507 851/4715/1507 852/4717/1507
f 1585/4716/1507 853/4718/1507 1584/4719/1507
f 1583/4720/1507 853/4718/1507 854/4721/1507
f 1582/4722/1507 854/4721/1507 855/4723/1507
f 1582/4722/1507 856/4724/1507 857/4725/1507
f 1582/4722/1507 858/4726/1507 1581/4727/1507
f 1579/4728/1507 1581/4727/1507 858/4726/1507
f 1578/4729/1507 858/4726/1507 859/4730/1507
f 1576/4731/1507 1577/4732/1507 859/4730/1507
f 1574/4733/1507 1576/4731/1507 859/4730/1507
f 1572/4734/1507 1574/4733/1507 859/4730/1507
f 1570/4735/1507 1572/4734/1507 859/4730/1507
f 1568/4736/1507 1570/4735/1507 859/4730/1507
f 1567/4737/1507 859/4730/1507 1566/4738/1507
f 1565/4739/1507 859/4730/1507 1564/4740/1507
f 1562/4741/1507 1563/4742/1507 859/4730/1507
f 1562/4741/1507 860/4743/1507 1561/4744/1507
f 1561/4744/1507 861/4745/1507 1560/4746/1507
f 1558/4747/1507 1559/4748/1507 861/4745/1507
f 1556/4749/1507 1558/4747/1507 861/4745/1507
f 1554/4750/1507 1556/4749/1507 861/4745/1507
f 1552/4751/1507 1554/4750/1507 861/4745/1507
f 1550/4752/1507 1552/4751/1507 861/4745/1507
f 1548/4753/1507 1549/4754/1507 861/4745/1507
f 1546/4755/1507 1547/4756/1507 861/4745/1507
f 1544/4757/1507 1545/4758/1507 861/4745/1507
f 1544/4757/1507 862/4759/1507 1543/4760/1507
f 1541/4761/1507 1543/4760/1507 862/4759/1507
f 1539/4762/1507 1541/4761/1507 862/4759/1507
f 1537/4763/1507 1539/4762/1507 862/4759/1507
f 1535/4764/1507 1537/4763/1507 862/4759/1507
f 1533/4765/1507 1534/4766/1507 862/4759/1507
f 1531/4767/1507 1532/4768/1507 862/4759/1507
f 1529/4769/1507 1530/4770/1507 862/4759/1507
f 1527/4771/1507 1529/4769/1507 862/4759/1507
f 1525/4772/1507 1527/4771/1507 862/4759/1507
f 1524/4773/1507 862/4759/1507 1523/4774/1507
f 1521/4775/1507 1523/4774/1507 862/4759/1507
f 1519/4776/1507 1520/4777/1507 862/4759/1507
f 1517/4778/1507 1518/4779/1507 862/4759/1507
f 1516/4780/1507 862/4759/1507 1515/4781/1507
f 1513/4782/1507 1515/4781/1507 862/4759/1507
f 1511/4783/1507 1513/4782/1507 862/4759/1507
f 1509/4784/1507 1510/4785/1507 862/4759/1507
f 1507/4786/1507 1508/4787/1507 862/4759/1507
f 1505/4788/1507 1506/4789/1507 862/4759/1507
f 1503/4790/1507 1504/4791/1507 862/4759/1507
f 1501/4792/1507 1503/4790/1507 862/4759/1507
f 1500/4793/1507 862/4759/1507 1499/4794/1507
f 1497/4795/1507 1498/4796/1507 862/4759/1507
f 1496/4797/1507 862/4759/1507 1495/4798/1507
f 1493/4799/1507 1495/4798/1507 862/4759/1507
f 1491/4800/1507 1493/4799/1507 862/4759/1507
f 1489/4801/1507 1491/4800/1507 862/4759/1507
f 1488/4802/1507 862/4759/1507 1487/4803/1507
f 1485/4804/1507 1486/4805/1507 862/4759/1507
f 1484/4806/1507 862/4759/1507 1029/4594/1507
f 1029/4594/1507 862/4759/1507 863/4807/1507
f 864/4808/1507 866/4809/1507 1029/4594/1507
f 1029/4594/1507 867/4810/1507 1028/4226/1507
f 868/4811/1507 870/4812/1507 867/4810/1507
f 867/4810/1507 871/4813/1507 872/4814/1507
f 867/4810/1507 872/4814/1507 873/4815/1507
f 1028/4226/1507 867/4810/1507 874/4816/1507
f 1028/4226/1507 875/4817/1507 876/4818/1507
f 1028/4226/1507 877/4819/1507 878/4820/1507
f 1028/4226/1507 879/4821/1507 880/4822/1507
f 1028/4226/1507 881/4823/1507 882/4824/1507
f 1028/4226/1507 883/4825/1507 884/4826/1507
f 885/4827/1507 887/4828/1507 1028/4226/1507
f 887/4828/1507 889/4829/1507 1028/4226/1507
f 889/4829/1507 891/4830/1507 1028/4226/1507
f 891/4830/1507 893/4831/1507 1028/4226/1507
f 1028/4226/1507 894/4832/1507 895/4833/1507
f 1028/4226/1507 895/4833/1507 896/4834/1507
f 903/4835/1507 905/4836/1507 906/4837/1507
f 903/4835/1507 907/4838/1507 902/4839/1507
f 902/4839/1507 908/4840/1507 901/4841/1507
f 900/4842/1507 908/4840/1507 899/4843/1507
f 899/4843/1507 909/4844/1507 898/4845/1507
f 897/4846/1507 909/4844/1507 1028/4226/1507
f 1028/4226/1507 909/4844/1507 910/4847/1507
f 916/4848/1507 918/4849/1507 915/4850/1507
f 914/4851/1507 918/4849/1507 919/4852/1507
f 913/4853/1507 919/4852/1507 920/4854/1507
f 913/4853/1507 921/4855/1507 912/4856/1507
f 911/4857/1507 921/4855/1507 922/4858/1507
f 911/4857/1507 923/4859/1507 1028/4226/1507
f 1028/4226/1507 923/4859/1507 924/4860/1507
f 1028/4226/1507 925/4861/1507 926/4862/1507
f 1028/4226/1507 927/4863/1507 928/4864/1507
f 929/4865/1507 931/4866/1507 1028/4226/1507
f 931/4866/1507 933/4867/1507 1028/4226/1507
f 1028/4226/1507 934/4868/1507 935/4869/1507
f 1028/4226/1507 936/4870/1507 937/4871/1507
f 1028/4226/1507 938/4872/1507 939/4873/1507
f 1000/4874/1507 1028/4226/1507 939/4873/1507
f 999/4875/1507 939/4873/1507 940/4876/1507
f 999/4875/1507 941/4877/1507 998/4878/1507
f 996/4879/1507 997/4880/1507 941/4877/1507
f 994/4881/1507 996/4879/1507 941/4877/1507
f 992/4882/1507 993/4883/1507 941/4877/1507
f 990/4884/1507 992/4882/1507 941/4877/1507
f 988/4885/1507 990/4884/1507 941/4877/1507
f 986/4886/1507 988/4885/1507 941/4877/1507
f 984/4887/1507 986/4886/1507 941/4877/1507
f 982/4888/1507 984/4887/1507 941/4877/1507
f 980/4889/1507 981/4890/1507 941/4877/1507
f 979/4891/1507 941/4877/1507 942/4892/1507
f 977/4893/1507 978/4894/1507 942/4892/1507
f 975/4895/1507 976/4896/1507 942/4892/1507
f 974/4897/1507 942/4892/1507 973/4898/1507
f 971/4899/1507 973/4898/1507 942/4892/1507
f 971/4899/1507 943/4900/1507 970/4901/1507
f 969/4902/1507 943/4900/1507 968/4903/1507
f 967/4904/1507 943/4900/1507 966/4905/1507
f 964/4906/1507 965/4907/1507 943/4900/1507
f 963/4908/1507 943/4900/1507 962/4909/1507
f 962/4909/1507 944/4910/1507 961/4911/1507
f 960/4912/1507 944/4910/1507 959/4913/1507
f 959/4913/1507 945/4914/1507 958/4915/1507
f 957/4916/1507 945/4914/1507 946/4917/1507
f 956/4918/1507 946/4917/1507 947/4919/1507
f 955/4920/1507 947/4919/1507 948/4921/1507
f 954/4922/1507 948/4921/1507 949/2986/1507
f 2424/4923/1507 2426/4924/1507 2427/4925/1507
f 2423/4926/1507 2427/4925/1507 2422/4927/1507
f 2422/4927/1507 2428/4928/1507 2421/4929/1507
f 2421/4929/1507 2429/4930/1507 2420/4931/1507
f 2420/4931/1507 2430/4932/1507 2419/4933/1507
f 2419/4933/1507 2431/4934/1507 2418/4935/1507
f 2417/4936/1507 2431/4934/1507 2432/4937/1507
f 2416/4938/1507 2432/4937/1507 2415/4939/1507
f 2414/4940/1507 2432/4937/1507 2433/4941/1507
f 2413/4942/1507 2433/4941/1507 2412/4943/1507
f 2411/4944/1507 2433/4941/1507 2410/4945/1507
f 2410/4945/1507 2434/4946/1507 2409/4947/1507
f 2409/4947/1507 2435/4948/1507 2408/4949/1507
f 2408/4949/1507 2436/4950/1507 2407/4951/1507
f 2407/4951/1507 2436/4950/1507 2437/4952/1507
f 2407/4951/1507 2439/4953/1507 2440/4954/1507
f 2440/4954/1507 2442/4955/1507 2407/4951/1507
f 2442/4955/1507 2444/4956/1507 2407/4951/1507
f 2407/4951/1507 2444/4956/1507 2446/4957/1507
f 2446/4957/1507 2448/4958/1507 2407/4951/1507
f 2448/4958/1507 2450/4959/1507 2407/4951/1507
f 2450/4959/1507 2452/4960/1507 2407/4951/1507
f 2407/4951/1507 2452/4960/1507 2453/4961/1507
f 2407/4951/1507 2455/4962/1507 2406/4963/1507
f 2406/4963/1507 2456/4964/1507 2405/4965/1507
f 2405/4965/1507 2457/4966/1507 2404/4967/1507
f 2404/4967/1507 2458/4968/1507 2403/4969/1507
f 2403/4969/1507 2458/4968/1507 2459/4970/1507
f 2403/4969/1507 2461/4971/1507 2402/4972/1507
f 2402/4972/1507 2461/4971/1507 2462/4973/1507
f 2401/4974/1507 2463/4975/1507 2464/4976/1507
f 2399/4977/1507 2400/4978/1507 2464/4976/1507
f 2397/4979/1507 2398/4980/1507 2464/4976/1507
f 2396/4981/1507 2464/4976/1507 2465/4982/1507
f 2465/4982/1507 2467/4983/1507 2396/4981/1507
f 2467/4983/1507 2469/4984/1507 2396/4981/1507
f 2469/4984/1507 2471/4985/1507 2396/4981/1507
f 2471/4985/1507 2473/4986/1507 2396/4981/1507
f 2473/4986/1507 2475/4987/1507 2396/4981/1507
f 2396/4981/1507 2475/4987/1507 2476/4988/1507
f 2396/4981/1507 2478/4989/1507 2395/4990/1507
f 2394/4991/1507 2478/4989/1507 2393/4992/1507
f 2391/4993/1507 2393/4992/1507 2478/4989/1507
f 2389/4994/1507 2391/4993/1507 2478/4989/1507
f 2387/4995/1507 2389/4994/1507 2478/4989/1507
f 2385/4996/1507 2387/4995/1507 2478/4989/1507
f 2383/4997/1507 2385/4996/1507 2478/4989/1507
f 2381/4998/1507 2383/4997/1507 2478/4989/1507
f 2379/4999/1507 2381/4998/1507 2478/4989/1507
f 2377/5000/1507 2379/4999/1507 2478/4989/1507
f 2376/5001/1507 2478/4989/1507 2375/5002/1507
f 2373/5003/1507 2375/5002/1507 2478/4989/1507
f 2371/5004/1507 2373/5003/1507 2478/4989/1507
f 2369/5005/1507 2370/5006/1507 2478/4989/1507
f 2367/5007/1507 2368/5008/1507 2478/4989/1507
f 2365/5009/1507 2366/5010/1507 2478/4989/1507
f 2364/5011/1507 2478/4989/1507 2479/5012/1507
f 2363/5013/1507 2479/5012/1507 2480/5014/1507
f 2363/5013/1507 2480/5014/1507 2481/5015/1507
f 2362/5016/1507 2482/5017/1507 2483/5018/1507
f 2621/5019/1507 2623/5020/1507 2620/5021/1507
f 2620/5021/1507 2624/5022/1507 2625/5023/1507
f 2619/5024/1507 2625/5023/1507 2626/5025/1507
f 2618/5026/1507 2626/5025/1507 2627/5027/1507
f 2618/5026/1507 2628/5028/1507 2617/5029/1507
f 2617/5029/1507 2629/5030/1507 2616/5031/1507
f 2629/5030/1507 2631/5032/1507 2616/5031/1507
f 2615/5033/1507 2631/5032/1507 2632/5034/1507
f 2614/5035/1507 2632/5034/1507 2633/5036/1507
f 2614/5035/1507 2634/5037/1507 2613/5038/1507
f 2613/5038/1507 2634/5037/1507 2635/5039/1507
f 2613/5038/1507 2636/5040/1507 2637/5041/1507
f 2613/5038/1507 2638/5042/1507 2639/5043/1507
f 2612/5044/1507 2640/5045/1507 2641/5046/1507
f 2611/5047/1507 2641/5046/1507 2642/5048/1507
f 2611/5047/1507 2643/5049/1507 2610/5050/1507
f 2609/5051/1507 2643/5049/1507 2608/5052/1507
f 2606/5053/1507 2608/5052/1507 2643/5049/1507
f 2604/5054/1507 2606/5053/1507 2643/5049/1507
f 2602/5055/1507 2604/5054/1507 2643/5049/1507
f 2601/5056/1507 2643/5049/1507 2600/5057/1507
f 2598/5058/1507 2599/5059/1507 2643/5049/1507
f 2597/5060/1507 2643/5049/1507 2596/5061/1507
f 2595/5062/1507 2643/5049/1507 2594/5063/1507
f 2593/5064/1507 2643/5049/1507 2592/5065/1507
f 2591/5066/1507 2643/5049/1507 2644/5067/1507
f 2590/5068/1507 2644/5067/1507 2645/5069/1507
f 2589/5070/1507 2645/5069/1507 2588/5071/1507
f 2588/5071/1507 2646/5072/1507 2587/5073/1507
f 2586/5074/1507 2646/5072/1507 2585/5075/1507
f 2583/5076/1507 2585/5075/1507 2646/5072/1507
f 2582/5077/1507 2646/5072/1507 2581/5078/1507
f 2580/5079/1507 2646/5072/1507 2647/5080/1507
f 2580/5079/1507 2647/5080/1507 2648/5081/1507
f 2579/5082/1507 2649/5083/1507 2650/5084/1507
f 2578/5085/1507 2650/5084/1507 2651/5086/1507
f 2578/5085/1507 2652/5087/1507 2653/5088/1507
f 2578/5085/1507 2654/5089/1507 2577/5090/1507
f 2577/5090/1507 2655/5091/1507 2656/5092/1507
f 2577/5090/1507 2657/5093/1507 2576/5094/1507
f 2574/5095/1507 2575/5096/1507 2657/5093/1507
f 2572/5097/1507 2573/5098/1507 2657/5093/1507
f 2571/5099/1507 2657/5093/1507 2658/5100/1507
f 2569/5101/1507 2570/5102/1507 2658/5100/1507
f 2567/5103/1507 2568/5104/1507 2658/5100/1507
f 2565/5105/1507 2566/5106/1507 2658/5100/1507
f 2564/5107/1507 2658/5100/1507 2659/5108/1507
f 2563/5109/1507 2659/5108/1507 2660/5110/1507
f 2561/5111/1507 2562/5112/1507 2660/5110/1507
f 2560/5113/1507 2660/5110/1507 2559/5114/1507
f 2557/5115/1507 2559/5114/1507 2660/5110/1507
f 2555/5116/1507 2557/5115/1507 2660/5110/1507
f 2554/5117/1507 2660/5110/1507 2553/5118/1507
f 2551/5119/1507 2553/5118/1507 2660/5110/1507
f 2551/5119/1507 2661/5120/1507 2550/5121/1507
f 2548/5122/1507 2550/5121/1507 2661/5120/1507
f 2546/5123/1507 2548/5122/1507 2661/5120/1507
f 2544/5124/1507 2545/5125/1507 2661/5120/1507
f 2543/5126/1507 2661/5120/1507 2662/5127/1507
f 2542/5128/1507 2662/5127/1507 2663/5129/1507
f 2542/5128/1507 2663/5129/1507 2664/5130/1507
f 2541/5131/1507 2665/5132/1507 2666/5133/1507
f 2541/5131/1507 2667/5134/1507 2540/5135/1507
f 2540/5135/1507 2668/5136/1507 2539/5137/1507
f 2539/5137/1507 2669/5138/1507 2538/5139/1507
f 2537/5140/1507 2669/5138/1507 2670/5141/1507
f 2535/5142/1507 2537/5140/1507 2670/5141/1507
f 2533/5143/1507 2535/5142/1507 2670/5141/1507
f 2532/5144/1507 2670/5141/1507 2531/5145/1507
f 2529/5146/1507 2530/5147/1507 2670/5141/1507
f 2529/5146/1507 2670/5141/1507 2671/5148/1507
f 2529/5146/1507 2673/5149/1507 2528/5150/1507
f 2528/5150/1507 2674/5151/1507 2675/5152/1507
f 2528/5150/1507 2676/5153/1507 2677/5154/1507
f 2528/5150/1507 2678/5155/1507 2527/5156/1507
f 2527/5156/1507 2679/5157/1507 2526/5158/1507
f 2526/5158/1507 2680/5159/1507 2525/5160/1507
f 2525/5160/1507 2681/5161/1507 2524/5162/1507
f 2522/5163/1507 2524/5162/1507 2681/5161/1507
f 2520/5164/1507 2522/5163/1507 2681/5161/1507
f 2519/5165/1507 2681/5161/1507 2518/5166/1507
f 2516/5167/1507 2518/5166/1507 2681/5161/1507
f 2514/5168/1507 2515/5169/1507 2681/5161/1507
f 2513/5170/1507 2681/5161/1507 2512/5171/1507
f 2512/5171/1507 2682/5172/1507 2511/5173/1507
f 2509/5174/1507 2510/5175/1507 2682/5172/1507
f 2508/5176/1507 2682/5172/1507 2683/5177/1507
f 2506/5178/1507 2507/5179/1507 2683/5177/1507
f 2506/5178/1507 2684/5180/1507 2505/5181/1507
f 2505/5181/1507 2685/5182/1507 2504/5183/1507
f 2504/5183/1507 2686/5184/1507 2687/5185/1507
f 2687/5185/1507 2689/5186/1507 2504/5183/1507
f 2689/5186/1507 2691/5187/1507 2504/5183/1507
f 2691/5187/1507 2693/5188/1507 2504/5183/1507
f 2504/5183/1507 2693/5188/1507 2694/5189/1507
f 2504/5183/1507 2695/5190/1507 2696/5191/1507
f 2504/5183/1507 2698/5192/1507 2699/5193/1507
f 2504/5183/1507 2700/5194/1507 2701/5195/1507
f 2504/5183/1507 2702/5196/1507 2703/5197/1507
f 2504/5183/1507 2703/5197/1507 2704/5198/1507
f 2504/5183/1507 2706/5199/1507 2707/5200/1507
f 2707/5200/1507 2709/5201/1507 2504/5183/1507
f 2709/5201/1507 2711/5202/1507 2504/5183/1507
f 2711/5202/1507 2713/5203/1507 2504/5183/1507
f 2713/5203/1507 2715/5204/1507 2504/5183/1507
f 2504/5183/1507 2715/5204/1507 2716/5205/1507
f 2717/5206/1507 2719/5207/1507 2504/5183/1507
f 2719/5207/1507 2721/5208/1507 2504/5183/1507
f 2504/5183/1507 2722/5209/1507 2503/5210/1507
f 2502/5211/1507 2722/5209/1507 2501/5212/1507
f 2499/5213/1507 2501/5212/1507 2722/5209/1507
f 2498/5214/1507 2722/5209/1507 2497/5215/1507
f 2496/5216/1507 2722/5209/1507 2495/5217/1507
f 2494/5218/1507 2722/5209/1507 2493/5219/1507
f 2491/5220/1507 2493/5219/1507 2722/5209/1507
f 2489/5221/1507 2490/5222/1507 2722/5209/1507
f 2487/5223/1507 2488/5224/1507 2722/5209/1507
f 2486/5225/1507 2722/5209/1507 2723/5226/1507
f 2485/5227/1507 2723/5226/1507 2724/5228/1507
f 2484/5229/1507 2724/5228/1507 2725/5230/1507
f 2483/5018/1507 2725/5230/1507 2726/5231/1507
f 2483/5018/1507 2727/5232/1507 2362/5016/1507
f 2727/5232/1507 2729/5233/1507 2362/5016/1507
f 2729/5233/1507 2731/5234/1507 2362/5016/1507
f 2731/5234/1507 2733/5235/1507 2362/5016/1507
f 2733/5235/1507 2735/5236/1507 2362/5016/1507
f 2735/5236/1507 2737/5237/1507 2362/5016/1507
f 2737/5237/1507 2739/5238/1507 2362/5016/1507
f 2739/5238/1507 2741/5239/1507 2362/5016/1507
f 2362/5016/1507 2741/5239/1507 2742/5240/1507
f 2362/5016/1507 2743/5241/1507 2744/5242/1507
f 2362/5016/1507 2745/5243/1507 2746/5244/1507
f 2362/5016/1507 2747/5245/1507 2748/5246/1507
f 2749/5247/1507 2751/5248/1507 2362/5016/1507
f 2751/5248/1507 2753/5249/1507 2362/5016/1507
f 2362/5016/1507 2754/5250/1507 2755/5251/1507
f 2362/5016/1507 2755/5251/1507 2756/5252/1507
f 2362/5016/1507 2758/5253/1507 2759/5254/1507
f 2759/5254/1507 2761/5255/1507 2362/5016/1507
f 2761/5255/1507 2763/5256/1507 2362/5016/1507
f 2362/5016/1507 2763/5256/1507 2764/5257/1507
f 2362/5016/1507 2765/5258/1507 2766/5259/1507
f 2362/5016/1507 2767/5260/1507 2768/5261/1507
f 2362/5016/1507 2769/5262/1507 2770/5263/1507
f 2771/5264/1507 2773/5265/1507 2362/5016/1507
f 2773/5265/1507 2775/5266/1507 2362/5016/1507
f 2362/5016/1507 2776/5267/1507 2777/5268/1507
f 2777/5268/1507 2779/5269/1507 2362/5016/1507
f 2362/5016/1507 2779/5269/1507 2780/5270/1507
f 2362/5016/1507 2781/5271/1507 2782/5272/1507
f 2362/5016/1507 2783/5273/1507 2784/5274/1507
f 2360/5275/1507 2361/5276/1507 2785/5277/1507
f 2359/5278/1507 2785/5277/1507 2786/5279/1507
f 2358/5280/1507 2786/5279/1507 2787/5281/1507
f 2356/5282/1507 2357/5283/1507 2787/5281/1507
f 2356/5282/1507 2787/5281/1507 2788/5284/1507
f 2355/5285/1507 2789/5286/1507 2790/5287/1507
f 2355/5285/1507 2791/5288/1507 2792/5289/1507
f 2792/5289/1507 2794/5290/1507 2355/5285/1507
f 2355/5285/1507 2795/5291/1507 2354/5292/1507
f 2354/5292/1507 2796/5293/1507 2353/5294/1507
f 2353/5294/1507 2797/5295/1507 2798/5296/1507
f 2353/5294/1507 2799/5297/1507 2352/5298/1507
f 2352/5298/1507 2799/5297/1507 2800/5299/1507
f 2352/5298/1507 2802/5300/1507 2351/5301/1507
f 2351/5301/1507 2803/5302/1507 2350/5303/1507
f 2350/5303/1507 2804/5304/1507 2349/5305/1507
f 2347/5306/1507 2349/5305/1507 2804/5304/1507
f 2345/5307/1507 2347/5306/1507 2804/5304/1507
f 2343/5308/1507 2345/5307/1507 2804/5304/1507
f 2341/5309/1507 2343/5308/1507 2804/5304/1507
f 2339/5310/1507 2341/5309/1507 2804/5304/1507
f 2337/5311/1507 2339/5310/1507 2804/5304/1507
f 2335/5312/1507 2337/5311/1507 2804/5304/1507
f 2333/5313/1507 2335/5312/1507 2804/5304/1507
f 2331/5314/1507 2333/5313/1507 2804/5304/1507
f 2329/5315/1507 2331/5314/1507 2804/5304/1507
f 2328/5316/1507 2804/5304/1507 2327/5317/1507
f 2326/5318/1507 2804/5304/1507 2325/5319/1507
f 2323/5320/1507 2325/5319/1507 2804/5304/1507
f 2321/5321/1507 2323/5320/1507 2804/5304/1507
f 2319/5322/1507 2321/5321/1507 2804/5304/1507
f 2318/5323/1507 2804/5304/1507 2317/5324/1507
f 2315/5325/1507 2316/5326/1507 2804/5304/1507
f 2315/5325/1507 2805/5327/1507 2314/5328/1507
f 2314/5328/1507 2805/5327/1507 2806/5329/1507
f 2807/5330/1507 2809/5331/1507 2314/5328/1507
f 2809/5331/1507 2811/5332/1507 2314/5328/1507
f 2811/5332/1507 2813/5333/1507 2314/5328/1507
f 2314/5328/1507 2814/5334/1507 2815/5335/1507
f 2314/5328/1507 2815/5335/1507 2816/5336/1507
f 2314/5328/1507 2817/5337/1507 2818/5338/1507
f 2313/5339/1507 2819/5340/1507 2820/5341/1507
f 2313/5339/1507 2820/5341/1507 2821/5342/1507
f 2822/5343/1507 2824/5344/1507 2313/5339/1507
f 2824/5344/1507 2826/5345/1507 2313/5339/1507
f 2826/5345/1507 2828/5346/1507 2313/5339/1507
f 2828/5346/1507 2830/5347/1507 2313/5339/1507
f 2313/5339/1507 2830/5347/1507 2831/5348/1507
f 2313/5339/1507 2832/5349/1507 2833/5350/1507
f 2313/5339/1507 2834/5351/1507 2835/5352/1507
f 2313/5339/1507 2836/5353/1507 2837/5354/1507
f 2313/5339/1507 2838/5355/1507 2839/5356/1507
f 2312/5357/1507 2840/5358/1507 2841/5359/1507
f 2310/5360/1507 2311/5361/1507 2841/5359/1507
f 2309/5362/1507 2841/5359/1507 2842/5363/1507
f 2308/5364/1507 2842/5363/1507 2307/5365/1507
f 2305/5366/1507 2307/5365/1507 2842/5363/1507
f 2303/5367/1507 2305/5366/1507 2842/5363/1507
f 2301/5368/1507 2303/5367/1507 2842/5363/1507
f 2934/5369/1507 2300/5370/1507 2842/5363/1507
f 2933/5371/1507 2842/5363/1507 2932/5372/1507
f 2930/5373/1507 2932/5372/1507 2842/5363/1507
f 2928/5374/1507 2930/5373/1507 2842/5363/1507
f 2861/5375/1507 2863/5376/1507 2860/5377/1507
f 2859/5378/1507 2863/5376/1507 2858/5379/1507
f 2857/5380/1507 2863/5376/1507 2864/5381/1507
f 2856/5382/1507 2864/5381/1507 2865/5383/1507
f 2855/5384/1507 2865/5383/1507 2854/5385/1507
f 2853/5386/1507 2865/5383/1507 2866/5387/1507
f 2851/5388/1507 2853/5386/1507 2866/5387/1507
f 2850/5389/1507 2866/5387/1507 2867/5390/1507
f 2849/5391/1507 2867/5390/1507 2848/5392/1507
f 2846/5393/1507 2848/5392/1507 2867/5390/1507
f 2845/5394/1507 2867/5390/1507 2844/5395/1507
f 2843/5396/1507 2867/5390/1507 2868/5397/1507
f 2843/5396/1507 2868/5397/1507 2869/5398/1507
f 2843/5396/1507 2870/5399/1507 2871/5400/1507
f 2843/5396/1507 2872/5401/1507 2873/5402/1507
f 2843/5396/1507 2874/5403/1507 2875/5404/1507
f 2843/5396/1507 2877/5405/1507 2878/5406/1507
f 2843/5396/1507 2879/5407/1507 2880/5408/1507
f 2843/5396/1507 2881/5409/1507 2882/5410/1507
f 2843/5396/1507 2883/5411/1507 2884/5412/1507
f 2843/5396/1507 2884/5412/1507 2885/5413/1507
f 2843/5396/1507 2887/5414/1507 2888/5415/1507
f 2843/5396/1507 2888/5415/1507 2889/5416/1507
f 2923/5417/1507 2919/2990/1507 2922/2989/1507
f 2283/5418/1506 2289/5419/1506 2288/4199/1506
f 2924/5420/1507 2918/5421/1507 2923/5417/1507
f 2282/5422/1506 2290/5423/1506 2283/5418/1506
f 2925/5424/1507 2917/5425/1507 2918/5421/1507
f 2281/5426/1506 2291/5427/1506 2282/5422/1506
f 2926/5428/1507 2916/5429/1507 2917/5425/1507
f 2279/5430/1506 2291/5427/1506 2280/5431/1506
f 2926/5428/1507 2914/5432/1507 2915/5433/1507
f 2277/5434/1506 2291/5427/1506 2278/5435/1506
f 2926/5428/1507 2912/5436/1507 2913/5437/1507
f 2276/5438/1506 2275/5439/1506 2291/5427/1506
f 2926/5428/1507 2909/5440/1507 2910/5441/1507
f 2274/5442/1506 2273/5443/1506 2291/5427/1506
f 2926/5428/1507 2907/5444/1507 2908/5445/1507
f 2272/5446/1506 2271/5447/1506 2291/5427/1506
f 2926/5428/1507 2905/5448/1507 2906/5449/1507
f 2270/5450/1506 2269/5451/1506 2291/5427/1506
f 2927/5452/1507 2902/5453/1508 2903/5454/1507
f 2258/5455/1506 2257/5456/1506 2256/5457/1506
f 2258/5455/1506 2256/5457/1506 2208/3726/1506
f 2260/5458/1506 2258/5455/1506 2208/3726/1506
f 2262/5459/1506 2261/5460/1506 2208/3726/1506
f 2264/5461/1506 2263/5462/1506 2208/3726/1506
f 2266/5463/1509 2265/5464/1506 2208/3726/1506
f 2267/5465/1510 2266/5463/1509 2208/3726/1506
f 2843/5396/1507 2900/5466/1507 2901/5467/1511
f 2843/5396/1507 2898/5468/1507 2899/5469/1507
f 2843/5396/1507 2896/5470/1507 2897/5471/1507
f 2843/5396/1507 2894/5472/1507 2895/5473/1507
f 2891/5474/1507 2894/5472/1507 2843/5396/1507
f 2843/5396/1507 2890/5475/1507 2891/5474/1507
f 2891/5474/1507 2892/5476/1507 2893/5477/1507
f 41/3019/1506 40/3017/1506 35/3015/1506
f 781/3048/1506 780/3050/1506 811/3047/1506
f 814/3057/1506 813/3054/1506 776/3055/1506
f 5/3077/1506 4/3075/1506 775/3071/1506
f 7/3079/1506 6/3076/1506 775/3071/1506
f 774/3080/1506 773/5478/1506 8/3078/1506
f 12/3095/1506 11/3092/1506 762/3093/1506
f 15/3099/1506 14/3097/1506 761/3096/1506
f 760/3100/1506 759/5479/1506 16/3098/1506
f 757/3103/1506 756/5480/1506 17/3102/1506
f 745/3123/1506 744/3124/1506 27/3122/1506
f 731/3133/1506 730/3135/1506 27/3122/1506
f 727/3139/1506 726/3140/1506 29/3137/1506
f 717/3145/1506 716/3146/1506 29/3137/1506
f 715/3147/1506 714/3148/1506 29/3137/1506
f 713/3149/1506 712/3151/1506 29/3137/1506
f 702/3157/1506 701/3158/1506 30/3150/1506
f 700/3159/1506 699/3160/1506 30/3150/1506
f 698/3161/1506 697/3162/1506 30/3150/1506
f 688/3168/1506 687/3169/1506 30/3150/1506
f 686/3170/1506 685/5481/1506 30/3150/1506
f 678/3175/1506 677/3176/1506 30/3150/1506
f 676/3177/1506 675/3178/1506 30/3150/1506
f 674/3179/1506 673/3180/1506 30/3150/1506
f 672/3181/1506 671/3182/1506 30/3150/1506
f 666/3186/1506 665/5482/1506 30/3150/1506
f 654/3194/1506 653/5483/1506 30/3150/1506
f 496/3210/1506 495/3401/1506 512/3209/1506
f 483/3239/1506 482/3234/1506 455/3237/1506
f 441/3252/1506 440/5484/1506 487/3245/1506
f 423/3262/1506 422/3386/1506 487/3245/1506
f 369/3285/1506 368/3282/1506 347/3283/1506
f 381/3295/1506 380/3293/1506 347/3283/1506
f 383/3297/1506 382/3294/1506 347/3283/1506
f 331/3332/1506 330/3333/1506 405/3330/1506
f 329/3334/1506 328/5485/1506 405/3330/1506
f 326/3337/1506 325/3338/1506 406/3336/1506
f 324/3339/1506 323/3340/1506 406/3336/1506
f 322/3341/1506 321/3343/1506 406/3336/1506
f 299/3377/1506 298/3379/1506 419/3376/1506
f 293/3384/1506 292/5486/1506 421/3382/1506
f 282/3403/1506 281/3404/1506 512/3209/1506
f 280/3405/1506 279/3406/1506 512/3209/1506
f 278/3407/1506 277/3408/1506 512/3209/1506
f 276/3409/1506 275/5487/1506 512/3209/1506
f 273/3412/1506 272/3413/1506 513/3411/1506
f 271/3414/1506 270/3416/1506 513/3411/1506
f 265/3422/1506 264/3425/1506 515/3421/1506
f 516/3424/1506 515/3421/1506 264/3425/1506
f 262/3430/1506 261/3432/1506 520/3429/1506
f 523/3437/1506 522/3434/1506 259/3435/1506
f 533/3444/1506 532/3442/1506 259/3435/1506
f 257/3447/1506 256/5488/1506 535/3446/1506
f 538/3453/1506 537/3450/1506 254/3451/1506
f 241/3465/1506 240/3466/1506 541/3456/1506
f 544/3475/1506 543/3472/1506 234/3473/1506
f 563/3489/1506 562/3487/1506 233/3477/1506
f 229/3496/1506 228/5489/1506 567/3495/1506
f 221/3502/1506 220/3504/1506 567/3495/1506
f 572/3510/1506 571/3507/1506 218/3508/1506
f 574/3512/1506 573/3509/1506 218/3508/1506
f 578/3518/1506 577/3515/1506 216/3516/1506
f 206/3532/1506 205/3533/1506 590/3527/1506
f 204/3534/1506 203/3535/1506 590/3527/1506
f 202/3536/1506 201/5490/1506 590/3527/1506
f 601/3548/1506 600/3546/1506 199/3540/1506
f 603/3550/1506 602/3547/1506 199/3540/1506
f 606/3554/1506 605/3552/1506 198/3551/1506
f 612/3558/1506 611/3556/1506 198/3551/1506
f 615/3562/1506 614/3559/1506 197/3560/1506
f 629/3571/1506 628/3569/1506 197/3560/1506
f 631/3573/1506 630/3570/1506 197/3560/1506
f 633/3575/1506 632/3572/1506 197/3560/1506
f 635/3577/1506 634/3574/1506 197/3560/1506
f 639/3580/1506 638/3578/1506 197/3560/1506
f 641/3582/1506 640/3579/1506 197/3560/1506
f 643/3584/1506 642/3581/1506 197/3560/1506
f 645/3586/1506 644/3583/1506 197/3560/1506
f 647/3588/1506 646/3585/1506 197/3560/1506
f 649/3590/1506 648/3587/1506 197/3560/1506
f 651/3592/1506 650/3589/1506 197/3560/1506
f 31/3594/1506 30/3150/1506 197/3560/1506
f 42/3018/1506 35/3015/1506 196/3596/1506
f 44/3599/1506 43/3597/1506 196/3596/1506
f 46/3601/1506 45/3598/1506 196/3596/1506
f 48/3603/1506 47/3600/1506 196/3596/1506
f 50/3605/1506 49/3602/1506 196/3596/1506
f 52/3607/1506 51/3604/1506 196/3596/1506
f 64/3615/1506 63/3613/1506 196/3596/1506
f 78/3616/1506 77/3011/1506 196/3596/1506
f 92/3619/1506 91/3617/1506 196/3596/1506
f 94/3621/1506 93/3618/1506 196/3596/1506
f 96/3623/1506 95/3620/1506 196/3596/1506
f 177/3643/1506 176/5491/1506 189/3642/1506
f 165/3662/1506 164/3663/1506 109/3660/1506
f 161/3665/1506 160/3666/1506 109/3660/1506
f 149/3672/1506 148/5492/1506 109/3660/1506
f 146/3675/1506 145/3676/1506 110/3674/1506
f 144/3677/1506 143/5493/1506 110/3674/1506
f 133/3687/1506 132/5494/1506 111/3681/1506
f 2234/3729/1506 2233/3727/1506 2208/3726/1506
f 2236/3731/1506 2235/3728/1506 2208/3726/1506
f 2238/3733/1506 2237/3730/1506 2208/3726/1506
f 2240/3735/1506 2239/3732/1506 2208/3726/1506
f 2250/3745/1506 2249/3743/1506 2208/3726/1506
f 2254/3749/1506 2253/3747/1506 2208/3726/1506
f 2000/3771/1506 1999/3768/1506 1978/3769/1506
f 2002/3773/1506 2001/3770/1506 1978/3769/1506
f 2004/3775/1506 2003/3772/1506 1978/3769/1506
f 1964/3789/1506 1963/5495/1506 2008/3780/1506
f 2013/3812/1506 2012/3810/1506 1945/3809/1506
f 1940/3825/1506 1939/3826/1506 2022/3823/1506
f 1938/3827/1506 1937/5496/1506 2022/3823/1506
f 1935/3830/1506 1934/3831/1506 2023/3829/1506
f 1933/3832/1506 1932/3833/1506 2023/3829/1506
f 1931/3834/1506 1930/5497/1506 2023/3829/1506
f 1927/3839/1506 1926/5498/1506 2025/3838/1506
f 1910/3851/1506 1909/5499/1506 2026/3847/1506
f 2029/3857/1506 2028/3855/1506 1907/3854/1506
f 1895/3872/1506 1894/3875/1506 2035/3867/1506
f 2036/3874/1506 2035/3867/1506 1894/3875/1506
f 1880/3895/1506 1879/5500/1506 2046/3888/1506
f 1875/3900/1506 1874/5501/1506 2047/3898/1506
f 1872/3903/1506 1871/3905/1506 2048/3902/1506
f 2059/3915/1506 2058/3913/1506 1869/3908/1506
f 2061/3917/1506 2060/3914/1506 1869/3908/1506
f 2069/3925/1506 2068/3923/1506 1869/3908/1506
f 2081/3933/1506 2080/3931/1506 1869/3908/1506
f 1855/3948/1506 1854/3949/1506 2087/3936/1506
f 1853/3950/1506 1852/5502/1506 2087/3936/1506
f 1802/3989/1506 1801/3986/1506 1772/3987/1506
f 1818/3999/1506 1817/3997/1506 1772/3987/1506
f 1824/4009/1506 1823/4006/1506 1768/4007/1506
f 1827/4013/1506 1826/4010/1506 1767/4011/1506
f 1765/4016/1506 1764/4017/1506 1829/4015/1506
f 1763/4018/1506 1762/5503/1506 1829/4015/1506
f 1841/4027/1506 1840/4025/1506 1761/4019/1506
f 1735/4044/1506 1734/4045/1506 1843/4028/1506
f 1733/4046/1506 1732/4047/1506 1843/4028/1506
f 1731/4048/1506 1730/5504/1506 1843/4028/1506
f 1846/4054/1506 1845/4052/1506 1728/4051/1506
f 2107/4065/1506 2106/4063/1506 1727/4055/1506
f 2109/4067/1506 2108/4064/1506 1727/4055/1506
f 2111/4069/1506 2110/4066/1506 1727/4055/1506
f 2113/4071/1506 2112/4068/1506 1727/4055/1506
f 2121/4077/1506 2120/4075/1506 1727/4055/1506
f 2129/4083/1506 2128/4081/1506 1727/4055/1506
f 2131/4085/1506 2130/4082/1506 1727/4055/1506
f 2133/4087/1506 2132/4084/1506 1727/4055/1506
f 2135/4089/1506 2134/4086/1506 1727/4055/1506
f 2145/4096/1506 2144/4094/1506 1727/4055/1506
f 2147/4098/1506 2146/4095/1506 1727/4055/1506
f 2149/4100/1506 2148/4097/1506 1727/4055/1506
f 1726/4101/1506 1725/5505/1506 2150/4099/1506
f 1722/4106/1506 1721/4109/1506 2152/4105/1506
f 2153/4108/1506 2152/4105/1506 1721/4109/1506
f 2165/4124/1506 2164/4121/1506 1717/4122/1506
f 1681/4150/1506 1680/4152/1506 2169/4129/1506
f 2171/4155/1506 2170/4151/1506 1679/4153/1506
f 2181/4162/1506 2180/4160/1506 1679/4153/1506
f 2183/4164/1506 2182/4161/1506 1679/4153/1506
f 2186/4168/1506 2185/4166/1506 1678/4165/1506
f 2196/4174/1506 2195/4172/1506 1678/4165/1506
f 2198/4176/1506 2197/4173/1506 1678/4165/1506
f 2200/4178/1506 2199/4175/1506 1678/4165/1506
f 2202/4180/1506 2201/4177/1506 1678/4165/1506
f 2204/4182/1506 2203/4179/1506 1678/4165/1506
f 1676/4185/1506 1675/5506/1506 2206/4184/1506
f 1665/4193/1506 2299/5507/1506 2207/4187/1506
f 1009/4213/1507 1010/4210/1507 1021/4211/1507
f 1201/4249/1507 1202/5508/1507 1179/4248/1507
f 1213/4258/1507 1214/4259/1507 1179/4248/1507
f 1215/4260/1507 1216/5509/1507 1179/4248/1507
f 1163/4296/1507 1164/4294/1507 1237/4293/1507
f 1161/4298/1507 1162/4295/1507 1237/4293/1507
f 1158/4302/1507 1159/4299/1507 1238/4300/1507
f 1156/4304/1507 1157/4301/1507 1238/4300/1507
f 1154/4306/1507 1155/4303/1507 1238/4300/1507
f 1131/4342/1507 1132/4339/1507 1251/4340/1507
f 1125/4349/1507 1126/4347/1507 1253/4346/1507
f 1315/4379/1507 1316/4381/1507 1287/4378/1507
f 1273/4394/1507 1274/4392/1507 1319/4386/1507
f 1255/4404/1507 1256/4403/1507 1319/4386/1507
f 1328/4435/1507 1329/4433/1507 1344/4434/1507
f 1114/4438/1507 1115/4436/1507 1344/4434/1507
f 1112/4440/1507 1113/4437/1507 1344/4434/1507
f 1110/4442/1507 1111/4439/1507 1344/4434/1507
f 1108/4444/1507 1109/4441/1507 1344/4434/1507
f 1105/4448/1507 1106/4445/1507 1345/4446/1507
f 1103/4450/1507 1104/4447/1507 1345/4446/1507
f 1097/4458/1507 1098/4455/1507 1347/4456/1507
f 1348/4459/1507 1349/4461/1507 1096/4457/1507
f 1094/4466/1507 1095/4460/1507 1352/4464/1507
f 1355/4471/1507 1356/4472/1507 1091/4470/1507
f 1365/4478/1507 1366/4480/1507 1091/4470/1507
f 1089/4483/1507 1090/4479/1507 1367/4481/1507
f 1370/4488/1507 1371/4490/1507 1086/4487/1507
f 1073/4502/1507 1074/4500/1507 1373/4492/1507
f 1376/4510/1507 1377/5510/1507 1066/4509/1507
f 1395/4523/1507 1396/5511/1507 1065/4512/1507
f 1061/4531/1507 1062/4528/1507 1399/4529/1507
f 1053/4538/1507 1054/4536/1507 1399/4529/1507
f 1404/4544/1507 1405/4545/1507 1050/4543/1507
f 1406/4546/1507 1407/4548/1507 1050/4543/1507
f 1410/4552/1507 1411/5512/1507 1048/4551/1507
f 1038/4567/1507 1039/4565/1507 1422/4561/1507
f 1036/4569/1507 1037/4566/1507 1422/4561/1507
f 1034/4571/1507 1035/4568/1507 1422/4561/1507
f 1433/4582/1507 1434/4583/1507 1031/4575/1507
f 1435/4584/1507 1436/4586/1507 1031/4575/1507
f 1438/4588/1507 1439/4589/1507 1030/4585/1507
f 1444/4592/1507 1445/5513/1507 1030/4585/1507
f 1447/4595/1507 1448/4596/1507 1029/4594/1507
f 1461/4604/1507 1462/4605/1507 1029/4594/1507
f 1463/4606/1507 1464/4607/1507 1029/4594/1507
f 1465/4608/1507 1466/4609/1507 1029/4594/1507
f 1467/4610/1507 1468/4611/1507 1029/4594/1507
f 1471/4613/1507 1472/4614/1507 1029/4594/1507
f 1473/4615/1507 1474/4616/1507 1029/4594/1507
f 1475/4617/1507 1476/4618/1507 1029/4594/1507
f 1477/4619/1507 1478/4620/1507 1029/4594/1507
f 1479/4621/1507 1480/4622/1507 1029/4594/1507
f 1481/4623/1507 1482/4624/1507 1029/4594/1507
f 1483/4625/1507 1484/4806/1507 1029/4594/1507
f 1613/4655/1507 1614/4652/1507 1643/4653/1507
f 1646/4662/1507 1647/5514/1507 1608/4661/1507
f 837/4681/1507 838/4682/1507 1607/4676/1507
f 839/4683/1507 840/4686/1507 1607/4676/1507
f 1606/4685/1507 1607/4676/1507 840/4686/1507
f 844/4700/1507 845/4702/1507 1594/4699/1507
f 847/4704/1507 848/4707/1507 1593/4701/1507
f 1592/4706/1507 1593/4701/1507 848/4707/1507
f 1589/4711/1507 1590/4708/1507 849/4709/1507
f 1577/4732/1507 1578/4729/1507 859/4730/1507
f 1563/4742/1507 1564/4740/1507 859/4730/1507
f 1559/4748/1507 1560/4746/1507 861/4745/1507
f 1549/4754/1507 1550/4752/1507 861/4745/1507
f 1547/4756/1507 1548/4753/1507 861/4745/1507
f 1545/4758/1507 1546/4755/1507 861/4745/1507
f 1534/4766/1507 1535/4764/1507 862/4759/1507
f 1532/4768/1507 1533/4765/1507 862/4759/1507
f 1530/4770/1507 1531/4767/1507 862/4759/1507
f 1520/4777/1507 1521/4775/1507 862/4759/1507
f 1518/4779/1507 1519/4776/1507 862/4759/1507
f 1510/4785/1507 1511/4783/1507 862/4759/1507
f 1508/4787/1507 1509/4784/1507 862/4759/1507
f 1506/4789/1507 1507/4786/1507 862/4759/1507
f 1504/4791/1507 1505/4788/1507 862/4759/1507
f 1498/4796/1507 1499/4794/1507 862/4759/1507
f 1486/4805/1507 1487/4803/1507 862/4759/1507
f 863/4807/1507 864/4808/1507 1029/4594/1507
f 873/4815/1507 874/4816/1507 867/4810/1507
f 874/4816/1507 875/4817/1507 1028/4226/1507
f 876/4818/1507 877/4819/1507 1028/4226/1507
f 878/4820/1507 879/4821/1507 1028/4226/1507
f 880/4822/1507 881/4823/1507 1028/4226/1507
f 882/4824/1507 883/4825/1507 1028/4226/1507
f 884/4826/1507 885/4827/1507 1028/4226/1507
f 896/4834/1507 897/4846/1507 1028/4226/1507
f 910/4847/1507 911/4857/1507 1028/4226/1507
f 924/4860/1507 925/4861/1507 1028/4226/1507
f 926/4862/1507 927/4863/1507 1028/4226/1507
f 928/4864/1507 929/4865/1507 1028/4226/1507
f 997/4880/1507 998/4878/1507 941/4877/1507
f 993/4883/1507 994/4881/1507 941/4877/1507
f 981/4890/1507 982/4888/1507 941/4877/1507
f 978/4894/1507 979/4891/1507 942/4892/1507
f 976/4896/1507 977/4893/1507 942/4892/1507
f 965/4907/1507 966/4905/1507 943/4900/1507
f 2437/4952/1507 2438/5515/1507 2407/4951/1507
f 2453/4961/1507 2454/5516/1507 2407/4951/1507
f 2459/4970/1507 2460/5517/1507 2403/4969/1507
f 2462/4973/1507 2463/4975/1507 2402/4972/1507
f 2400/4978/1507 2401/4974/1507 2464/4976/1507
f 2398/4980/1507 2399/4977/1507 2464/4976/1507
f 2476/4988/1507 2477/5518/1507 2396/4981/1507
f 2370/5006/1507 2371/5004/1507 2478/4989/1507
f 2368/5008/1507 2369/5005/1507 2478/4989/1507
f 2366/5010/1507 2367/5007/1507 2478/4989/1507
f 2481/5015/1507 2482/5017/1507 2363/5013/1507
f 2635/5039/1507 2636/5040/1507 2613/5038/1507
f 2637/5041/1507 2638/5042/1507 2613/5038/1507
f 2639/5043/1507 2640/5045/1507 2613/5038/1507
f 2599/5059/1507 2600/5057/1507 2643/5049/1507
f 2648/5081/1507 2649/5083/1507 2580/5079/1507
f 2575/5096/1507 2576/5094/1507 2657/5093/1507
f 2573/5098/1507 2574/5095/1507 2657/5093/1507
f 2570/5102/1507 2571/5099/1507 2658/5100/1507
f 2568/5104/1507 2569/5101/1507 2658/5100/1507
f 2566/5106/1507 2567/5103/1507 2658/5100/1507
f 2562/5112/1507 2563/5109/1507 2660/5110/1507
f 2545/5125/1507 2546/5123/1507 2661/5120/1507
f 2664/5130/1507 2665/5132/1507 2542/5128/1507
f 2530/5147/1507 2531/5145/1507 2670/5141/1507
f 2671/5148/1507 2672/5519/1507 2529/5146/1507
f 2515/5169/1507 2516/5167/1507 2681/5161/1507
f 2510/5175/1507 2511/5173/1507 2682/5172/1507
f 2507/5179/1507 2508/5176/1507 2683/5177/1507
f 2694/5189/1507 2695/5190/1507 2504/5183/1507
f 2696/5191/1507 2697/5520/1507 2504/5183/1507
f 2704/5198/1507 2705/5521/1507 2504/5183/1507
f 2716/5205/1507 2717/5206/1507 2504/5183/1507
f 2490/5222/1507 2491/5220/1507 2722/5209/1507
f 2488/5224/1507 2489/5221/1507 2722/5209/1507
f 2742/5240/1507 2743/5241/1507 2362/5016/1507
f 2744/5242/1507 2745/5243/1507 2362/5016/1507
f 2746/5244/1507 2747/5245/1507 2362/5016/1507
f 2748/5246/1507 2749/5247/1507 2362/5016/1507
f 2756/5252/1507 2757/5522/1507 2362/5016/1507
f 2764/5257/1507 2765/5258/1507 2362/5016/1507
f 2766/5259/1507 2767/5260/1507 2362/5016/1507
f 2768/5261/1507 2769/5262/1507 2362/5016/1507
f 2770/5263/1507 2771/5264/1507 2362/5016/1507
f 2780/5270/1507 2781/5271/1507 2362/5016/1507
f 2782/5272/1507 2783/5273/1507 2362/5016/1507
f 2784/5274/1507 2785/5277/1507 2362/5016/1507
f 2361/5276/1507 2362/5016/1507 2785/5277/1507
f 2357/5283/1507 2358/5280/1507 2787/5281/1507
f 2788/5284/1507 2789/5286/1507 2356/5282/1507
f 2800/5299/1507 2801/5523/1507 2352/5298/1507
f 2316/5326/1507 2317/5324/1507 2804/5304/1507
f 2806/5329/1507 2807/5330/1507 2314/5328/1507
f 2816/5336/1507 2817/5337/1507 2314/5328/1507
f 2818/5338/1507 2819/5340/1507 2314/5328/1507
f 2821/5342/1507 2822/5343/1507 2313/5339/1507
f 2831/5348/1507 2832/5349/1507 2313/5339/1507
f 2833/5350/1507 2834/5351/1507 2313/5339/1507
f 2835/5352/1507 2836/5353/1507 2313/5339/1507
f 2837/5354/1507 2838/5355/1507 2313/5339/1507
f 2839/5356/1507 2840/5358/1507 2313/5339/1507
f 2311/5361/1507 2312/5357/1507 2841/5359/1507
f 2300/5370/1507 2301/5368/1507 2842/5363/1507
f 2869/5398/1507 2870/5399/1507 2843/5396/1507
f 2871/5400/1507 2872/5401/1507 2843/5396/1507
f 2873/5402/1507 2874/5403/1507 2843/5396/1507
f 2875/5404/1507 2876/5524/1507 2843/5396/1507
f 2885/5413/1507 2886/5525/1507 2843/5396/1507
f 2889/5416/1507 2890/5475/1507 2843/5396/1507
f 2275/5439/1506 2274/5442/1506 2291/5427/1506
f 2910/5441/1507 2911/5526/1507 2926/5428/1507
f 2273/5443/1506 2272/5446/1506 2291/5427/1506
f 2908/5445/1507 2909/5440/1507 2926/5428/1507
f 2271/5447/1506 2270/5450/1506 2291/5427/1506
f 2906/5449/1507 2907/5444/1507 2926/5428/1507
f 2267/5465/1510 2293/4197/1506 2291/5427/1506
f 2904/5527/1507 2905/5448/1507 2926/5428/1507
f 2256/5457/1506 2255/3748/1506 2208/3726/1506
f 2261/5460/1506 2260/5458/1506 2208/3726/1506
f 2263/5462/1506 2262/5459/1506 2208/3726/1506
f 2265/5464/1506 2264/5461/1506 2208/3726/1506
f 2901/5467/1511 2902/5453/1508 2843/5396/1507
f 2899/5469/1507 2900/5466/1507 2843/5396/1507
f 2897/5471/1507 2898/5468/1507 2843/5396/1507
f 2895/5473/1507 2896/5470/1507 2843/5396/1507
f 1811/3994/1506 1810/5528/1506 1809/3993/1506
f 2444/4956/1507 2445/5529/1507 2446/4957/1507
f 1698/4138/1506 1697/5530/1506 1696/4139/1506
f 2331/5314/1507 2332/5531/1507 2333/5313/1507
f 211/3529/1506 210/5532/1506 209/3530/1506
f 1041/4564/1507 1042/5533/1507 1043/4563/1507
f 2/1/1 834/5/1 833/2/2
f 3/4/3 835/7/3 834/5/1
f 4/6/4 836/9/4 835/7/3
f 5/8/5 837/11/5 836/9/4
f 6/10/6 838/13/6 837/11/5
f 7/12/7 839/15/9 838/13/6
f 8/14/8 840/17/8 839/15/9
f 9/16/10 841/19/10 840/17/8
f 10/18/11 842/21/11 841/19/10
f 11/20/12 843/23/12 842/21/11
f 12/22/13 844/25/13 843/23/12
f 13/24/14 845/27/14 844/25/13
f 14/26/15 846/29/15 845/27/14
f 15/28/16 847/31/16 846/29/15
f 16/30/17 848/33/17 847/31/16
f 17/32/18 849/35/18 848/33/17
f 18/34/19 850/37/19 849/35/18
f 19/36/20 851/39/20 850/37/19
f 20/38/21 852/41/21 851/39/20
f 21/40/22 853/43/22 852/41/21
f 22/42/23 854/45/23 853/43/22
f 23/44/24 855/47/24 854/45/23
f 24/46/25 856/49/25 855/47/24
f 25/48/26 857/51/26 856/49/25
f 26/50/27 858/53/27 857/51/26
f 27/52/28 859/55/28 858/53/27
f 28/54/29 860/57/29 859/55/28
f 29/56/30 861/59/30 860/57/29
f 30/58/31 862/61/31 861/59/30
f 31/60/32 863/63/32 862/61/31
f 32/62/33 864/65/33 863/63/32
f 33/64/34 865/67/34 864/65/33
f 34/66/35 866/69/35 865/67/34
f 35/68/36 867/71/36 866/69/35
f 36/70/37 868/73/37 867/71/36
f 37/72/38 869/75/38 868/73/37
f 38/74/39 870/77/39 869/75/38
f 39/76/40 871/79/40 870/77/39
f 40/78/41 872/81/41 871/79/40
f 41/80/42 873/83/42 872/81/41
f 42/82/43 874/85/43 873/83/42
f 43/84/44 875/87/44 874/85/43
f 44/86/45 876/89/45 875/87/44
f 45/88/46 877/91/46 876/89/45
f 46/90/47 878/93/47 877/91/46
f 47/92/48 879/95/48 878/93/47
f 48/94/49 880/97/49 879/95/48
f 49/96/50 881/99/50 880/97/49
f 50/98/51 882/101/51 881/99/50
f 51/100/52 883/103/52 882/101/51
f 52/102/53 884/105/53 883/103/52
f 53/104/54 885/107/54 884/105/53
f 54/106/55 886/109/55 885/107/54
f 55/108/56 887/111/56 886/109/55
f 56/110/57 888/113/57 887/111/56
f 57/112/58 889/115/58 888/113/57
f 58/114/59 890/117/59 889/115/58
f 59/116/60 891/119/60 890/117/59
f 60/118/61 892/121/61 891/119/60
f 61/120/62 893/123/62 892/121/61
f 62/122/63 894/125/63 893/123/62
f 63/124/64 895/127/64 894/125/63
f 64/126/65 896/129/65 895/127/64
f 65/128/66 897/131/66 896/129/65
f 66/130/67 898/133/67 897/131/66
f 67/132/68 899/135/68 898/133/67
f 68/134/69 900/137/69 899/135/68
f 69/136/70 901/139/70 900/137/69
f 70/138/71 902/141/71 901/139/70
f 71/140/72 903/143/72 902/141/71
f 72/142/73 904/145/73 903/143/72
f 73/144/74 905/5534/74 904/145/73
f 74/146/75 906/150/75 905/147/74
f 75/149/76 907/152/76 906/150/75
f 76/151/77 908/154/77 907/152/76
f 77/153/78 909/156/80 908/154/77
f 78/155/79 910/5535/79 909/156/80
f 79/157/81 911/161/81 910/158/79
f 80/160/82 912/163/82 911/161/81
f 81/162/83 913/165/83 912/163/82
f 82/164/84 914/167/84 913/165/83
f 83/166/85 915/169/85 914/167/84
f 84/168/86 916/171/86 915/169/85
f 85/170/87 917/173/87 916/171/86
f 86/172/88 918/175/88 917/173/87
f 87/174/89 919/177/89 918/175/88
f 88/176/90 920/179/90 919/177/89
f 89/178/91 921/181/93 920/179/90
f 90/180/92 922/183/92 921/181/93
f 91/182/94 923/185/94 922/183/92
f 92/184/95 924/187/95 923/185/94
f 93/186/96 925/189/96 924/187/95
f 94/188/97 926/191/99 925/189/96
f 95/190/98 927/193/98 926/191/99
f 96/192/100 928/195/100 927/193/98
f 97/194/101 929/197/101 928/195/100
f 98/196/102 930/199/102 929/197/101
f 99/198/103 931/201/103 930/199/102
f 100/200/104 932/203/104 931/201/103
f 101/202/105 933/205/105 932/203/104
f 102/204/106 934/207/106 933/205/105
f 103/206/107 935/209/107 934/207/106
f 104/208/108 936/211/108 935/209/107
f 105/210/109 937/213/109 936/211/108
f 106/212/110 938/215/110 937/213/109
f 107/214/111 939/217/111 938/215/110
f 108/216/112 940/219/112 939/217/111
f 109/218/113 941/221/113 940/219/112
f 110/220/114 942/223/114 941/221/113
f 111/222/115 943/225/115 942/223/114
f 112/224/116 944/227/116 943/225/115
f 113/226/117 945/229/117 944/227/116
f 114/228/118 946/231/118 945/229/117
f 115/230/119 947/233/119 946/231/118
f 116/232/120 948/235/120 947/233/119
f 117/234/121 949/237/121 948/235/120
f 118/236/122 950/239/122 949/237/121
f 119/238/123 951/5536/123 950/239/122
f 120/240/124 952/5537/124 951/241/123
f 121/243/125 953/247/125 952/244/124
f 122/246/126 954/249/126 953/247/125
f 123/248/127 955/251/127 954/249/126
f 124/250/128 956/253/128 955/251/127
f 125/252/129 957/255/129 956/253/128
f 126/254/130 958/257/130 957/255/129
f 127/256/131 959/259/131 958/257/130
f 128/258/132 960/261/132 959/259/131
f 129/260/133 961/263/133 960/261/132
f 130/262/134 962/265/134 961/263/133
f 131/264/135 963/267/135 962/265/134
f 132/266/136 964/269/136 963/267/135
f 133/268/137 965/271/137 964/269/136
f 134/270/138 966/273/138 965/271/137
f 135/272/139 967/275/139 966/273/138
f 136/274/140 968/277/140 967/275/139
f 137/276/141 969/279/141 968/277/140
f 138/278/142 970/281/142 969/279/141
f 139/280/143 971/283/143 970/281/142
f 140/282/144 972/285/144 971/283/143
f 141/284/145 973/287/145 972/285/144
f 142/286/146 974/289/146 973/287/145
f 143/288/147 975/291/147 974/289/146
f 144/290/148 976/293/148 975/291/147
f 145/292/149 977/295/149 976/293/148
f 146/294/150 978/297/150 977/295/149
f 147/296/151 979/299/151 978/297/150
f 148/298/152 980/301/152 979/299/151
f 149/300/153 981/303/153 980/301/152
f 150/302/154 982/305/154 981/303/153
f 151/304/155 983/307/155 982/305/154
f 152/306/156 984/309/156 983/307/155
f 153/308/157 985/311/157 984/309/156
f 154/310/158 986/313/158 985/311/157
f 155/312/159 987/315/159 986/313/158
f 156/314/160 988/317/160 987/315/159
f 157/316/161 989/319/161 988/317/160
f 158/318/162 990/321/162 989/319/161
f 159/320/163 991/323/163 990/321/162
f 160/322/164 992/325/164 991/323/163
f 161/324/165 993/327/165 992/325/164
f 162/326/166 994/329/168 993/327/165
f 163/328/167 995/331/167 994/329/168
f 164/330/169 996/333/169 995/331/167
f 165/332/170 997/335/170 996/333/169
f 166/334/171 998/337/171 997/335/170
f 167/336/172 999/339/172 998/337/171
f 168/338/173 1000/341/173 999/339/172
f 169/340/174 1001/343/174 1000/341/173
f 170/342/175 1002/345/175 1001/343/174
f 171/344/176 1003/347/176 1002/345/175
f 172/346/177 1004/349/177 1003/347/176
f 173/348/178 1005/351/178 1004/349/177
f 174/350/179 1006/353/179 1005/351/178
f 175/352/180 1007/355/180 1006/353/179
f 176/354/181 1008/357/181 1007/355/180
f 177/356/182 1009/359/182 1008/357/181
f 178/358/183 1010/361/183 1009/359/182
f 179/360/184 1011/363/184 1010/361/183
f 180/362/185 1012/365/185 1011/363/184
f 181/364/186 1013/367/186 1012/365/185
f 182/366/187 1014/369/187 1013/367/186
f 183/368/188 1015/371/188 1014/369/187
f 184/370/189 1016/5538/189 1015/371/188
f 185/372/190 1017/376/190 1016/373/189
f 186/375/191 1018/378/191 1017/376/190
f 187/377/192 1019/380/192 1018/378/191
f 188/379/193 1020/382/193 1019/380/192
f 189/381/194 1021/384/194 1020/382/193
f 190/383/195 1022/386/195 1021/384/194
f 191/385/196 1023/388/196 1022/386/195
f 192/387/197 1024/390/199 1023/388/196
f 193/389/198 1025/392/198 1024/390/199
f 194/391/200 1026/394/200 1025/392/198
f 195/393/201 1027/396/201 1026/394/200
f 196/395/202 1028/398/202 1027/396/201
f 197/397/203 1029/5539/203 1028/398/202
f 198/399/204 1030/403/204 1029/400/203
f 199/402/205 1031/5540/205 1030/403/204
f 200/404/206 1032/408/206 1031/405/205
f 201/407/207 1033/410/207 1032/408/206
f 202/409/208 1034/412/208 1033/410/207
f 203/411/209 1035/414/209 1034/412/208
f 204/413/210 1036/416/210 1035/414/209
f 205/415/211 1037/418/211 1036/416/210
f 206/417/212 1038/420/212 1037/418/211
f 207/419/213 1039/422/213 1038/420/212
f 208/421/214 1040/424/214 1039/422/213
f 209/423/215 1041/426/215 1040/424/214
f 210/425/216 1042/428/216 1041/426/215
f 211/427/217 1043/430/217 1042/428/216
f 212/429/218 1044/432/218 1043/430/217
f 213/431/219 1045/434/219 1044/432/218
f 214/433/220 1046/436/220 1045/434/219
f 215/435/221 1047/438/221 1046/436/220
f 216/437/222 1048/440/222 1047/438/221
f 217/439/223 1049/442/223 1048/440/222
f 218/441/224 1050/444/224 1049/442/223
f 219/443/225 1051/446/225 1050/444/224
f 220/445/226 1052/448/226 1051/446/225
f 221/447/227 1053/450/227 1052/448/226
f 222/449/228 1054/452/228 1053/450/227
f 223/451/229 1055/454/229 1054/452/228
f 224/453/230 1056/456/230 1055/454/229
f 225/455/231 1057/458/231 1056/456/230
f 226/457/232 1058/460/232 1057/458/231
f 227/459/233 1059/462/233 1058/460/232
f 228/461/234 1060/464/234 1059/462/233
f 229/463/235 1061/466/235 1060/464/234
f 230/465/236 1062/468/236 1061/466/235
f 231/467/237 1063/470/237 1062/468/236
f 232/469/238 1064/5541/238 1063/470/237
f 233/471/239 1065/475/239 1064/472/238
f 234/474/240 1066/477/240 1065/475/239
f 235/476/241 1067/479/243 1066/477/240
f 236/478/242 1068/481/242 1067/479/243
f 237/480/244 1069/483/246 1068/481/242
f 238/482/245 1070/485/245 1069/483/246
f 239/484/247 1071/487/247 1070/485/245
f 240/486/248 1072/489/248 1071/487/247
f 241/488/249 1073/491/249 1072/489/248
f 242/490/250 1074/493/250 1073/491/249
f 243/492/251 1075/495/251 1074/493/250
f 244/494/252 1076/497/252 1075/495/251
f 245/496/253 1077/499/253 1076/497/252
f 246/498/254 1078/501/254 1077/499/253
f 247/500/255 1079/503/255 1078/501/254
f 248/502/256 1080/505/256 1079/503/255
f 249/504/257 1081/507/257 1080/505/256
f 250/506/258 1082/509/258 1081/507/257
f 251/508/259 1083/511/259 1082/509/258
f 252/510/260 1084/513/260 1083/511/259
f 253/512/261 1085/515/261 1084/513/260
f 254/514/262 1086/517/262 1085/515/261
f 255/516/263 1087/519/263 1086/517/262
f 256/518/264 1088/521/264 1087/519/263
f 257/520/265 1089/523/265 1088/521/264
f 258/522/266 1090/525/266 1089/523/265
f 259/524/267 1091/527/267 1090/525/266
f 260/526/268 1092/529/268 1091/527/267
f 261/528/269 1093/531/269 1092/529/268
f 262/530/270 1094/533/270 1093/531/269
f 263/532/271 1095/535/271 1094/533/270
f 264/534/272 1096/537/272 1095/535/271
f 265/536/273 1097/539/273 1096/537/272
f 266/538/274 1098/541/274 1097/539/273
f 267/540/275 1099/543/275 1098/541/274
f 268/542/276 1100/545/276 1099/543/275
f 269/544/277 1101/547/277 1100/545/276
f 270/546/278 1102/549/278 1101/547/277
f 271/548/279 1103/551/279 1102/549/278
f 272/550/280 1104/553/280 1103/551/279
f 273/552/281 1105/555/281 1104/553/280
f 274/554/282 1106/557/282 1105/555/281
f 275/556/283 1107/559/283 1106/557/282
f 276/558/284 1108/561/284 1107/559/283
f 277/560/285 1109/563/285 1108/561/284
f 278/562/286 1110/565/286 1109/563/285
f 279/564/287 1111/567/287 1110/565/286
f 280/566/288 1112/569/288 1111/567/287
f 281/568/289 1113/571/289 1112/569/288
f 282/570/290 1114/573/290 1113/571/289
f 283/572/291 1115/575/293 1114/573/290
f 284/574/292 1116/577/292 1115/575/293
f 285/576/294 1117/579/294 1116/577/292
f 286/578/295 1118/581/295 1117/579/294
f 287/580/296 1119/583/296 1118/581/295
f 288/582/297 1120/585/297 1119/583/296
f 289/584/298 1121/587/300 1120/585/297
f 290/586/299 1122/5542/299 1121/587/300
f 291/588/301 1123/592/301 1122/589/299
f 292/591/302 1124/594/302 1123/592/301
f 293/593/303 1125/596/303 1124/594/302
f 294/595/304 1126/598/304 1125/596/303
f 295/597/305 1127/600/305 1126/598/304
f 296/599/306 1128/602/306 1127/600/305
f 297/601/307 1129/604/307 1128/602/306
f 298/603/308 1130/606/308 1129/604/307
f 299/605/309 1131/608/309 1130/606/308
f 300/607/310 1132/610/312 1131/608/309
f 301/609/311 1133/612/311 1132/610/312
f 302/611/313 1134/614/313 1133/612/311
f 303/613/314 1135/616/314 1134/614/313
f 304/615/315 1136/618/315 1135/616/314
f 305/617/316 1137/620/316 1136/618/315
f 306/619/317 1138/622/317 1137/620/316
f 307/621/318 1139/624/318 1138/622/317
f 308/623/319 1140/626/319 1139/624/318
f 309/625/320 1141/628/320 1140/626/319
f 310/627/321 1142/630/321 1141/628/320
f 311/629/322 1143/632/322 1142/630/321
f 312/631/323 1144/634/323 1143/632/322
f 313/633/324 1145/636/324 1144/634/323
f 314/635/325 1146/638/325 1145/636/324
f 315/637/326 1147/640/326 1146/638/325
f 316/639/327 1148/642/327 1147/640/326
f 317/641/328 1149/644/328 1148/642/327
f 318/643/329 1150/646/329 1149/644/328
f 319/645/330 1151/648/330 1150/646/329
f 320/647/331 1152/650/331 1151/648/330
f 321/649/332 1153/652/334 1152/650/331
f 322/651/333 1154/654/333 1153/652/334
f 323/653/335 1155/656/335 1154/654/333
f 324/655/336 1156/658/336 1155/656/335
f 325/657/337 1157/660/337 1156/658/336
f 326/659/338 1158/662/338 1157/660/337
f 327/661/339 1159/664/339 1158/662/338
f 328/663/340 1160/666/340 1159/664/339
f 329/665/341 1161/668/343 1160/666/340
f 330/667/342 1162/5543/342 1161/668/343
f 331/669/344 1163/673/344 1162/670/342
f 332/672/345 1164/675/345 1163/673/344
f 333/674/346 1165/677/346 1164/675/345
f 334/676/347 1166/5544/347 1165/677/346
f 335/678/348 1167/682/348 1166/679/347
f 336/681/349 1168/684/349 1167/682/348
f 337/683/350 1169/686/350 1168/684/349
f 338/685/351 1170/688/351 1169/686/350
f 339/687/352 1171/690/354 1170/688/351
f 340/689/353 1172/692/353 1171/690/354
f 341/691/355 1173/694/355 1172/692/353
f 342/693/356 1174/696/356 1173/694/355
f 343/695/357 1175/698/357 1174/696/356
f 344/697/358 1176/700/358 1175/698/357
f 345/699/359 1177/702/359 1176/700/358
f 346/701/360 1178/704/360 1177/702/359
f 347/703/361 1179/706/361 1178/704/360
f 348/705/362 1180/708/362 1179/706/361
f 349/707/363 1181/710/363 1180/708/362
f 350/709/364 1182/712/364 1181/710/363
f 351/711/365 1183/714/365 1182/712/364
f 352/713/366 1184/716/366 1183/714/365
f 353/715/367 1185/718/369 1184/716/366
f 354/717/368 1186/720/368 1185/718/369
f 355/719/370 1187/5545/370 1186/720/368
f 356/721/371 1188/725/371 1187/722/370
f 357/724/372 1189/727/372 1188/725/371
f 358/726/373 1190/729/373 1189/727/372
f 359/728/374 1191/731/374 1190/729/373
f 360/730/375 1192/5546/375 1191/731/374
f 361/732/376 1193/736/376 1192/733/375
f 362/735/377 1194/738/377 1193/736/376
f 363/737/378 1195/740/378 1194/738/377
f 364/739/379 1196/742/379 1195/740/378
f 365/741/380 1197/744/380 1196/742/379
f 366/743/381 1198/746/381 1197/744/380
f 367/745/382 1199/748/382 1198/746/381
f 368/747/383 1200/750/383 1199/748/382
f 369/749/384 1201/752/384 1200/750/383
f 370/751/385 1202/754/385 1201/752/384
f 371/753/386 1203/756/386 1202/754/385
f 372/755/387 1204/758/387 1203/756/386
f 373/757/388 1205/760/388 1204/758/387
f 374/759/389 1206/762/389 1205/760/388
f 375/761/390 1207/5547/390 1206/762/389
f 376/763/391 1208/767/391 1207/764/390
f 377/766/392 1209/769/392 1208/767/391
f 378/768/393 1210/771/393 1209/769/392
f 379/770/394 1211/5548/394 1210/771/393
f 380/772/395 1212/776/395 1211/773/394
f 381/775/396 1213/778/396 1212/776/395
f 382/777/397 1214/780/397 1213/778/396
f 383/779/398 1215/782/398 1214/780/397
f 384/781/399 1216/784/399 1215/782/398
f 385/783/400 1217/786/400 1216/784/399
f 386/785/401 1218/788/403 1217/786/400
f 387/787/402 1219/790/402 1218/788/403
f 388/789/404 1220/792/404 1219/790/402
f 389/791/405 1221/794/405 1220/792/404
f 390/793/406 1222/796/406 1221/794/405
f 391/795/407 1223/798/407 1222/796/406
f 392/797/408 1224/800/408 1223/798/407
f 393/799/409 1225/802/409 1224/800/408
f 394/801/410 1226/804/410 1225/802/409
f 395/803/411 1227/806/411 1226/804/410
f 396/805/412 1228/808/412 1227/806/411
f 397/807/413 1229/810/413 1228/808/412
f 398/809/414 1230/5549/414 1229/810/413
f 399/811/415 1231/815/415 1230/812/414
f 400/814/416 1232/817/416 1231/815/415
f 401/816/417 1233/819/417 1232/817/416
f 402/818/418 1234/821/418 1233/819/417
f 403/820/419 1235/823/419 1234/821/418
f 404/822/420 1236/825/420 1235/823/419
f 405/824/421 1237/827/421 1236/825/420
f 406/826/422 1238/829/422 1237/827/421
f 407/828/423 1239/831/423 1238/829/422
f 408/830/424 1240/833/424 1239/831/423
f 409/832/425 1241/835/425 1240/833/424
f 410/834/426 1242/837/426 1241/835/425
f 411/836/427 1243/839/427 1242/837/426
f 412/838/428 1244/841/428 1243/839/427
f 413/840/429 1245/843/429 1244/841/428
f 414/842/430 1246/845/430 1245/843/429
f 415/844/431 1247/847/431 1246/845/430
f 416/846/432 1248/5550/432 1247/847/431
f 417/848/433 1249/852/433 1248/849/432
f 418/851/434 1250/854/434 1249/852/433
f 419/853/435 1251/856/435 1250/854/434
f 420/855/73 1252/858/73 1251/856/435
f 421/857/436 1253/5551/436 1252/858/73
f 422/859/437 1254/863/437 1253/860/436
f 423/862/438 1255/865/438 1254/863/437
f 424/864/439 1256/867/439 1255/865/438
f 425/866/440 1257/869/442 1256/867/439
f 426/868/441 1258/871/441 1257/869/442
f 427/870/443 1259/873/443 1258/871/441
f 428/872/444 1260/875/444 1259/873/443
f 429/874/445 1261/877/447 1260/875/444
f 430/876/446 1262/879/446 1261/877/447
f 431/878/448 1263/881/448 1262/879/446
f 432/880/449 1264/5552/449 1263/881/448
f 433/882/450 1265/886/452 1264/883/449
f 434/885/451 1266/888/451 1265/886/452
f 435/887/453 1267/890/453 1266/888/451
f 436/889/454 1268/892/454 1267/890/453
f 437/891/455 1269/894/455 1268/892/454
f 438/893/456 1270/896/456 1269/894/455
f 439/895/457 1271/898/457 1270/896/456
f 440/897/458 1272/900/458 1271/898/457
f 441/899/459 1273/902/459 1272/900/458
f 442/901/460 1274/904/460 1273/902/459
f 443/903/461 1275/906/461 1274/904/460
f 444/905/462 1276/908/462 1275/906/461
f 445/907/463 1277/5553/463 1276/908/462
f 446/909/464 1278/913/464 1277/910/463
f 447/912/465 1279/915/465 1278/913/464
f 448/914/466 1280/917/466 1279/915/465
f 449/916/467 1281/919/467 1280/917/466
f 450/918/468 1282/921/468 1281/919/467
f 451/920/469 1283/923/469 1282/921/468
f 452/922/470 1284/925/470 1283/923/469
f 453/924/471 1285/927/471 1284/925/470
f 454/926/472 1286/929/472 1285/927/471
f 455/928/473 1287/931/473 1286/929/472
f 456/930/474 1288/933/474 1287/931/473
f 457/932/475 1289/935/475 1288/933/474
f 458/934/476 1290/937/476 1289/935/475
f 459/936/477 1291/939/477 1290/937/476
f 460/938/478 1292/941/478 1291/939/477
f 461/940/479 1293/943/479 1292/941/478
f 462/942/480 1294/945/480 1293/943/479
f 463/944/481 1295/947/481 1294/945/480
f 464/946/482 1296/949/482 1295/947/481
f 465/948/483 1297/951/483 1296/949/482
f 466/950/484 1298/953/484 1297/951/483
f 467/952/485 1299/955/485 1298/953/484
f 468/954/486 1300/957/486 1299/955/485
f 469/956/487 1301/5554/487 1300/957/486
f 470/958/488 1302/962/488 1301/959/487
f 471/961/489 1303/964/489 1302/962/488
f 472/963/490 1304/5555/490 1303/964/489
f 473/965/491 1305/969/491 1304/966/490
f 474/968/492 1306/971/492 1305/969/491
f 475/970/493 1307/973/493 1306/971/492
f 476/972/494 1308/975/494 1307/973/493
f 477/974/495 1309/977/495 1308/975/494
f 478/976/496 1310/979/496 1309/977/495
f 479/978/497 1311/981/497 1310/979/496
f 480/980/498 1312/983/498 1311/981/497
f 481/982/499 1313/985/499 1312/983/498
f 482/984/500 1314/987/502 1313/985/499
f 483/986/501 1315/989/501 1314/987/502
f 484/988/503 1316/991/503 1315/989/501
f 485/990/504 1317/993/504 1316/991/503
f 486/992/505 1318/995/505 1317/993/504
f 487/994/506 1319/997/506 1318/995/505
f 488/996/507 1320/999/507 1319/997/506
f 489/998/508 1321/1001/508 1320/999/507
f 490/1000/509 1322/1003/509 1321/1001/508
f 491/1002/510 1323/1005/510 1322/1003/509
f 492/1004/511 1324/5556/511 1323/1005/510
f 493/1006/512 1325/1010/512 1324/1007/511
f 494/1009/513 1326/1012/515 1325/1010/512
f 495/1011/514 1327/1014/517 1326/1012/515
f 496/1013/516 1328/1016/516 1327/1014/517
f 497/1015/518 1329/1018/518 1328/1016/516
f 498/1017/519 1330/1020/519 1329/1018/518
f 499/1019/520 1331/1022/522 1330/1020/519
f 500/1021/521 1332/1024/521 1331/1022/522
f 501/1023/523 1333/1026/523 1332/1024/521
f 502/1025/524 1334/1028/524 1333/1026/523
f 503/1027/525 1335/1030/525 1334/1028/524
f 504/1029/526 1336/1032/526 1335/1030/525
f 505/1031/527 1337/1034/527 1336/1032/526
f 506/1033/528 1338/5557/528 1337/1034/527
f 507/1035/529 1339/1039/529 1338/1036/528
f 508/1038/530 1340/1041/530 1339/1039/529
f 509/1040/531 1341/1043/531 1340/1041/530
f 510/1042/532 1342/1045/532 1341/1043/531
f 511/1044/533 1343/1047/533 1342/1045/532
f 512/1046/534 1344/5558/534 1343/1047/533
f 513/1048/535 1345/1052/535 1344/1049/534
f 514/1051/536 1346/1054/536 1345/1052/535
f 515/1053/537 1347/1056/539 1346/1054/536
f 516/1055/538 1348/1058/538 1347/1056/539
f 517/1057/540 1349/1060/540 1348/1058/538
f 518/1059/541 1350/1062/541 1349/1060/540
f 519/1061/542 1351/1064/542 1350/1062/541
f 520/1063/543 1352/1066/543 1351/1064/542
f 521/1065/544 1353/1068/544 1352/1066/543
f 522/1067/545 1354/1070/545 1353/1068/544
f 523/1069/546 1355/1072/546 1354/1070/545
f 524/1071/547 1356/1074/547 1355/1072/546
f 525/1073/548 1357/1076/548 1356/1074/547
f 526/1075/549 1358/1078/549 1357/1076/548
f 527/1077/550 1359/1080/550 1358/1078/549
f 528/1079/551 1360/1082/551 1359/1080/550
f 529/1081/552 1361/1084/552 1360/1082/551
f 530/1083/553 1362/1086/553 1361/1084/552
f 531/1085/554 1363/1088/554 1362/1086/553
f 532/1087/555 1364/1090/555 1363/1088/554
f 533/1089/556 1365/1092/556 1364/1090/555
f 534/1091/557 1366/1094/557 1365/1092/556
f 535/1093/558 1367/1096/560 1366/1094/557
f 536/1095/559 1368/1098/559 1367/1096/560
f 537/1097/561 1369/1100/561 1368/1098/559
f 538/1099/562 1370/1102/562 1369/1100/561
f 539/1101/563 1371/1104/563 1370/1102/562
f 540/1103/564 1372/1106/564 1371/1104/563
f 541/1105/565 1373/1108/565 1372/1106/564
f 542/1107/566 1374/1110/566 1373/1108/565
f 543/1109/567 1375/1112/567 1374/1110/566
f 544/1111/568 1376/1114/568 1375/1112/567
f 545/1113/569 1377/1116/569 1376/1114/568
f 546/1115/570 1378/1118/570 1377/1116/569
f 547/1117/571 1379/1120/571 1378/1118/570
f 548/1119/572 1380/1122/572 1379/1120/571
f 549/1121/573 1381/1124/573 1380/1122/572
f 550/1123/574 1382/1126/574 1381/1124/573
f 551/1125/575 1383/1128/575 1382/1126/574
f 552/1127/576 1384/1130/576 1383/1128/575
f 553/1129/577 1385/1132/577 1384/1130/576
f 554/1131/578 1386/1134/578 1385/1132/577
f 555/1133/579 1387/1136/579 1386/1134/578
f 556/1135/580 1388/1138/580 1387/1136/579
f 557/1137/581 1389/1140/581 1388/1138/580
f 558/1139/582 1390/1142/582 1389/1140/581
f 559/1141/583 1391/1144/583 1390/1142/582
f 560/1143/584 1392/1146/584 1391/1144/583
f 561/1145/585 1393/1148/585 1392/1146/584
f 562/1147/586 1394/1150/586 1393/1148/585
f 563/1149/587 1395/1152/587 1394/1150/586
f 564/1151/588 1396/1154/588 1395/1152/587
f 565/1153/589 1397/1156/589 1396/1154/588
f 566/1155/590 1398/1158/590 1397/1156/589
f 567/1157/591 1399/1160/591 1398/1158/590
f 568/1159/592 1400/1162/592 1399/1160/591
f 569/1161/593 1401/1164/593 1400/1162/592
f 570/1163/594 1402/1166/594 1401/1164/593
f 571/1165/595 1403/1168/595 1402/1166/594
f 572/1167/596 1404/1170/596 1403/1168/595
f 573/1169/597 1405/1172/597 1404/1170/596
f 574/1171/598 1406/1174/598 1405/1172/597
f 575/1173/599 1407/1176/599 1406/1174/598
f 576/1175/600 1408/1178/600 1407/1176/599
f 577/1177/601 1409/1180/603 1408/1178/600
f 578/1179/602 1410/1182/602 1409/1180/603
f 579/1181/604 1411/1184/604 1410/1182/602
f 580/1183/605 1412/1186/605 1411/1184/604
f 581/1185/606 1413/1188/606 1412/1186/605
f 582/1187/607 1414/1190/607 1413/1188/606
f 583/1189/608 1415/1192/608 1414/1190/607
f 584/1191/609 1416/1194/609 1415/1192/608
f 585/1193/610 1417/1196/610 1416/1194/609
f 586/1195/611 1418/1198/611 1417/1196/610
f 587/1197/612 1419/1200/612 1418/1198/611
f 588/1199/613 1420/1202/615 1419/1200/612
f 589/1201/614 1421/1204/614 1420/1202/615
f 590/1203/616 1422/1206/618 1421/1204/614
f 591/1205/617 1423/1208/617 1422/1206/618
f 592/1207/619 1424/1210/619 1423/1208/617
f 593/1209/620 1425/1212/620 1424/1210/619
f 594/1211/621 1426/1214/621 1425/1212/620
f 595/1213/622 1427/1216/622 1426/1214/621
f 596/1215/623 1428/1218/623 1427/1216/622
f 597/1217/624 1429/1220/624 1428/1218/623
f 598/1219/360 1430/1222/360 1429/1220/624
f 599/1221/625 1431/1224/625 1430/1222/360
f 600/1223/626 1432/1226/626 1431/1224/625
f 601/1225/627 1433/1228/627 1432/1226/626
f 602/1227/628 1434/1230/628 1433/1228/627
f 603/1229/629 1435/1232/629 1434/1230/628
f 604/1231/630 1436/1234/630 1435/1232/629
f 605/1233/631 1437/1236/631 1436/1234/630
f 606/1235/632 1438/1238/632 1437/1236/631
f 607/1237/633 1439/1240/633 1438/1238/632
f 608/1239/634 1440/1242/634 1439/1240/633
f 609/1241/635 1441/1244/635 1440/1242/634
f 610/1243/636 1442/1246/636 1441/1244/635
f 611/1245/637 1443/1248/637 1442/1246/636
f 612/1247/638 1444/1250/638 1443/1248/637
f 613/1249/639 1445/1252/639 1444/1250/638
f 614/1251/640 1446/1254/640 1445/1252/639
f 615/1253/641 1447/1256/641 1446/1254/640
f 616/1255/642 1448/1258/642 1447/1256/641
f 617/1257/643 1449/1260/643 1448/1258/642
f 618/1259/644 1450/1262/644 1449/1260/643
f 619/1261/645 1451/1264/645 1450/1262/644
f 620/1263/646 1452/1266/646 1451/1264/645
f 621/1265/647 1453/1268/647 1452/1266/646
f 622/1267/648 1454/1270/648 1453/1268/647
f 623/1269/649 1455/1272/649 1454/1270/648
f 624/1271/650 1456/1274/650 1455/1272/649
f 625/1273/651 1457/1276/653 1456/1274/650
f 626/1275/652 1458/1278/652 1457/1276/653
f 627/1277/654 1459/1280/654 1458/1278/652
f 628/1279/655 1460/1282/655 1459/1280/654
f 629/1281/656 1461/1284/656 1460/1282/655
f 630/1283/657 1462/1286/657 1461/1284/656
f 631/1285/658 1463/1288/658 1462/1286/657
f 632/1287/659 1464/1290/659 1463/1288/658
f 633/1289/660 1465/1292/660 1464/1290/659
f 634/1291/661 1466/1294/661 1465/1292/660
f 635/1293/662 1467/1296/662 1466/1294/661
f 636/1295/663 1468/1298/663 1467/1296/662
f 637/1297/664 1469/1300/664 1468/1298/663
f 638/1299/665 1470/1302/665 1469/1300/664
f 639/1301/666 1471/1304/666 1470/1302/665
f 640/1303/667 1472/1306/667 1471/1304/666
f 641/1305/668 1473/1308/668 1472/1306/667
f 642/1307/669 1474/1310/669 1473/1308/668
f 643/1309/670 1475/1312/672 1474/1310/669
f 644/1311/671 1476/1314/671 1475/1312/672
f 645/1313/673 1477/1316/673 1476/1314/671
f 646/1315/674 1478/1318/674 1477/1316/673
f 647/1317/675 1479/1320/675 1478/1318/674
f 648/1319/676 1480/1322/676 1479/1320/675
f 649/1321/677 1481/1324/677 1480/1322/676
f 650/1323/678 1482/1326/678 1481/1324/677
f 651/1325/679 1483/1328/679 1482/1326/678
f 652/1327/680 1484/1330/680 1483/1328/679
f 653/1329/681 1485/1332/681 1484/1330/680
f 654/1331/682 1486/1334/682 1485/1332/681
f 655/1333/683 1487/1336/683 1486/1334/682
f 656/1335/684 1488/1338/684 1487/1336/683
f 657/1337/685 1489/1340/685 1488/1338/684
f 658/1339/686 1490/1342/686 1489/1340/685
f 659/1341/687 1491/1344/687 1490/1342/686
f 660/1343/688 1492/1346/688 1491/1344/687
f 661/1345/689 1493/1348/689 1492/1346/688
f 662/1347/690 1494/1350/692 1493/1348/689
f 663/1349/691 1495/1352/691 1494/1350/692
f 664/1351/627 1496/1354/627 1495/1352/691
f 665/1353/693 1497/1356/693 1496/1354/627
f 666/1355/694 1498/1358/694 1497/1356/693
f 667/1357/695 1499/1360/695 1498/1358/694
f 668/1359/696 1500/1362/696 1499/1360/695
f 669/1361/697 1501/1364/697 1500/1362/696
f 670/1363/698 1502/1366/698 1501/1364/697
f 671/1365/699 1503/1368/699 1502/1366/698
f 672/1367/700 1504/1370/700 1503/1368/699
f 673/1369/701 1505/1372/701 1504/1370/700
f 674/1371/702 1506/1374/702 1505/1372/701
f 675/1373/703 1507/1376/703 1506/1374/702
f 676/1375/704 1508/1378/704 1507/1376/703
f 677/1377/705 1509/1380/707 1508/1378/704
f 678/1379/706 1510/1382/706 1509/1380/707
f 679/1381/708 1511/1384/708 1510/1382/706
f 680/1383/709 1512/1386/709 1511/1384/708
f 681/1385/710 1513/1388/710 1512/1386/709
f 682/1387/711 1514/1390/711 1513/1388/710
f 683/1389/712 1515/1392/712 1514/1390/711
f 684/1391/713 1516/1394/713 1515/1392/712
f 685/1393/714 1517/1396/714 1516/1394/713
f 686/1395/715 1518/1398/715 1517/1396/714
f 687/1397/716 1519/1400/716 1518/1398/715
f 688/1399/717 1520/1402/717 1519/1400/716
f 689/1401/718 1521/1404/718 1520/1402/717
f 690/1403/719 1522/1406/719 1521/1404/718
f 691/1405/720 1523/1408/720 1522/1406/719
f 692/1407/721 1524/1410/721 1523/1408/720
f 693/1409/722 1525/1412/722 1524/1410/721
f 694/1411/723 1526/5559/723 1525/1412/722
f 695/1413/724 1527/1417/724 1526/1414/723
f 696/1416/725 1528/1419/725 1527/1417/724
f 697/1418/726 1529/1421/726 1528/1419/725
f 698/1420/727 1530/1423/727 1529/1421/726
f 699/1422/728 1531/1425/728 1530/1423/727
f 700/1424/729 1532/1427/729 1531/1425/728
f 701/1426/730 1533/1429/730 1532/1427/729
f 702/1428/731 1534/1431/731 1533/1429/730
f 703/1430/732 1535/1433/732 1534/1431/731
f 704/1432/733 1536/1435/733 1535/1433/732
f 705/1434/734 1537/1437/734 1536/1435/733
f 706/1436/735 1538/5560/735 1537/1437/734
f 707/1438/736 1539/1442/736 1538/1439/735
f 708/1441/737 1540/1444/737 1539/1442/736
f 709/1443/738 1541/1446/738 1540/1444/737
f 710/1445/739 1542/1448/739 1541/1446/738
f 711/1447/740 1543/1450/740 1542/1448/739
f 712/1449/741 1544/1452/741 1543/1450/740
f 713/1451/742 1545/1454/742 1544/1452/741
f 714/1453/743 1546/1456/743 1545/1454/742
f 715/1455/744 1547/1458/744 1546/1456/743
f 716/1457/745 1548/1460/745 1547/1458/744
f 717/1459/746 1549/1462/746 1548/1460/745
f 718/1461/747 1550/1464/747 1549/1462/746
f 719/1463/748 1551/1466/748 1550/1464/747
f 720/1465/749 1552/1468/749 1551/1466/748
f 721/1467/750 1553/1470/750 1552/1468/749
f 722/1469/751 1554/1472/751 1553/1470/750
f 723/1471/752 1555/1474/752 1554/1472/751
f 724/1473/753 1556/1476/753 1555/1474/752
f 725/1475/754 1557/1478/754 1556/1476/753
f 726/1477/755 1558/1480/755 1557/1478/754
f 727/1479/756 1559/1482/756 1558/1480/755
f 728/1481/757 1560/1484/757 1559/1482/756
f 729/1483/758 1561/1486/758 1560/1484/757
f 730/1485/759 1562/1488/759 1561/1486/758
f 731/1487/760 1563/1490/760 1562/1488/759
f 732/1489/761 1564/1492/761 1563/1490/760
f 733/1491/762 1565/1494/762 1564/1492/761
f 734/1493/763 1566/1496/763 1565/1494/762
f 735/1495/764 1567/1498/764 1566/1496/763
f 736/1497/765 1568/1500/765 1567/1498/764
f 737/1499/766 1569/1502/766 1568/1500/765
f 738/1501/767 1570/1504/767 1569/1502/766
f 739/1503/768 1571/1506/768 1570/1504/767
f 740/1505/769 1572/1508/769 1571/1506/768
f 741/1507/770 1573/1510/770 1572/1508/769
f 742/1509/771 1574/1512/771 1573/1510/770
f 743/1511/772 1575/1514/772 1574/1512/771
f 744/1513/773 1576/1516/773 1575/1514/772
f 745/1515/774 1577/1518/774 1576/1516/773
f 746/1517/775 1578/1520/775 1577/1518/774
f 747/1519/776 1579/1522/776 1578/1520/775
f 748/1521/777 1580/1524/777 1579/1522/776
f 749/1523/778 1581/1526/778 1580/1524/777
f 750/1525/779 1582/1528/779 1581/1526/778
f 751/1527/780 1583/1530/780 1582/1528/779
f 752/1529/781 1584/1532/781 1583/1530/780
f 753/1531/782 1585/1534/782 1584/1532/781
f 754/1533/783 1586/1536/783 1585/1534/782
f 755/1535/784 1587/1538/784 1586/1536/783
f 756/1537/785 1588/1540/785 1587/1538/784
f 757/1539/786 1589/1542/786 1588/1540/785
f 758/1541/787 1590/1544/787 1589/1542/786
f 759/1543/788 1591/1546/788 1590/1544/787
f 760/1545/789 1592/1548/789 1591/1546/788
f 761/1547/790 1593/1550/790 1592/1548/789
f 762/1549/791 1594/1552/791 1593/1550/790
f 763/1551/792 1595/1554/792 1594/1552/791
f 764/1553/793 1596/1556/793 1595/1554/792
f 765/1555/794 1597/1558/794 1596/1556/793
f 766/1557/795 1598/1560/795 1597/1558/794
f 767/1559/796 1599/1562/796 1598/1560/795
f 768/1561/797 1600/1564/797 1599/1562/796
f 769/1563/798 1601/1566/798 1600/1564/797
f 770/1565/799 1602/1568/799 1601/1566/798
f 771/1567/800 1603/1570/800 1602/1568/799
f 772/1569/801 1604/1572/801 1603/1570/800
f 773/1571/802 1605/1574/802 1604/1572/801
f 774/1573/803 1606/1576/803 1605/1574/802
f 775/1575/804 1607/1578/804 1606/1576/803
f 776/1577/805 1608/1580/805 1607/1578/804
f 777/1579/806 1609/1582/806 1608/1580/805
f 778/1581/807 1610/1584/807 1609/1582/806
f 779/1583/808 1611/1586/808 1610/1584/807
f 780/1585/809 1612/1588/809 1611/1586/808
f 781/1587/810 1613/1590/810 1612/1588/809
f 782/1589/811 1614/1592/811 1613/1590/810
f 783/1591/812 1615/1594/812 1614/1592/811
f 784/1593/813 1616/1596/813 1615/1594/812
f 785/1595/814 1617/1598/814 1616/1596/813
f 786/1597/815 1618/1600/815 1617/1598/814
f 787/1599/816 1619/1602/816 1618/1600/815
f 788/1601/817 1620/1604/817 1619/1602/816
f 789/1603/818 1621/1606/818 1620/1604/817
f 790/1605/819 1622/1608/819 1621/1606/818
f 791/1607/820 1623/1610/820 1622/1608/819
f 792/1609/821 1624/1612/821 1623/1610/820
f 793/1611/822 1625/1614/822 1624/1612/821
f 794/1613/823 1626/5561/823 1625/1614/822
f 795/1615/824 1627/1619/824 1626/1616/823
f 796/1618/825 1628/1621/825 1627/1619/824
f 797/1620/826 1629/1623/826 1628/1621/825
f 798/1622/827 1630/1625/827 1629/1623/826
f 799/1624/828 1631/1627/828 1630/1625/827
f 800/1626/829 1632/1629/829 1631/1627/828
f 801/1628/830 1633/1631/830 1632/1629/829
f 802/1630/831 1634/1633/831 1633/1631/830
f 803/1632/832 1635/1635/832 1634/1633/831
f 804/1634/833 1636/1637/833 1635/1635/832
f 805/1636/834 1637/1639/834 1636/1637/833
f 806/1638/835 1638/1641/835 1637/1639/834
f 807/1640/836 1639/1643/836 1638/1641/835
f 808/1642/837 1640/1645/837 1639/1643/836
f 809/1644/838 1641/1647/838 1640/1645/837
f 810/1646/839 1642/1649/839 1641/1647/838
f 811/1648/840 1643/1651/840 1642/1649/839
f 812/1650/841 1644/1653/841 1643/1651/840
f 813/1652/842 1645/1655/842 1644/1653/841
f 814/1654/843 1646/1657/843 1645/1655/842
f 815/1656/844 1647/1659/844 1646/1657/843
f 816/1658/845 1648/1661/845 1647/1659/844
f 817/1660/846 1649/1663/846 1648/1661/845
f 818/1662/847 1650/1665/847 1649/1663/846
f 819/1664/848 1651/1667/848 1650/1665/847
f 820/1666/849 1652/1669/849 1651/1667/848
f 821/1668/850 1653/1671/850 1652/1669/849
f 822/1670/851 1654/1673/851 1653/1671/850
f 823/1672/852 1655/1675/852 1654/1673/851
f 824/1674/853 1656/1677/853 1655/1675/852
f 825/1676/854 1657/1679/854 1656/1677/853
f 826/1678/855 1658/1681/855 1657/1679/854
f 827/1680/856 1659/1683/856 1658/1681/855
f 828/1682/857 1660/1685/857 1659/1683/856
f 829/1684/858 1661/1687/858 1660/1685/857
f 830/1686/859 1662/1689/859 1661/1687/858
f 831/1688/12 1663/1691/12 1662/1689/859
f 832/1690/860 1664/1692/860 1663/1691/12
f 1/3/2 833/2/2 1664/1692/860
f 1666/1693/861 2301/1697/861 2300/1694/862
f 1667/1696/863 2302/1699/865 2301/1697/861
f 1668/1698/864 2303/1701/867 2302/1699/865
f 1669/1700/866 2304/1703/869 2303/1701/867
f 1670/1702/868 2305/1705/868 2304/1703/869
f 1671/1704/870 2306/1707/870 2305/1705/868
f 1672/1706/871 2307/1709/871 2306/1707/870
f 1673/1708/872 2308/1711/872 2307/1709/871
f 1674/1710/873 2309/1713/873 2308/1711/872
f 1675/1712/874 2310/1715/876 2309/1713/873
f 1676/1714/875 2311/1717/875 2310/1715/876
f 1677/1716/877 2312/1719/877 2311/1717/875
f 1678/1718/878 2313/1721/878 2312/1719/877
f 1679/1720/879 2314/1723/879 2313/1721/878
f 1680/1722/880 2315/1725/880 2314/1723/879
f 1681/1724/881 2316/1727/881 2315/1725/880
f 1682/1726/882 2317/1729/884 2316/1727/881
f 1683/1728/883 2318/1731/883 2317/1729/884
f 1684/1730/885 2319/1733/885 2318/1731/883
f 1685/1732/886 2320/1735/886 2319/1733/885
f 1686/1734/887 2321/1737/887 2320/1735/886
f 1687/1736/888 2322/1739/888 2321/1737/887
f 1688/1738/889 2323/1741/889 2322/1739/888
f 1689/1740/890 2324/1743/890 2323/1741/889
f 1690/1742/891 2325/1745/891 2324/1743/890
f 1691/1744/892 2326/1747/892 2325/1745/891
f 1692/1746/893 2327/1749/893 2326/1747/892
f 1693/1748/894 2328/1751/894 2327/1749/893
f 1694/1750/895 2329/1753/895 2328/1751/894
f 1695/1752/896 2330/1755/896 2329/1753/895
f 1696/1754/897 2331/1757/897 2330/1755/896
f 1697/1756/898 2332/1759/898 2331/1757/897
f 1698/1758/899 2333/1761/899 2332/1759/898
f 1699/1760/900 2334/1763/902 2333/1761/899
f 1700/1762/901 2335/1765/901 2334/1763/902
f 1701/1764/903 2336/1767/903 2335/1765/901
f 1702/1766/904 2337/1769/906 2336/1767/903
f 1703/1768/905 2338/1771/905 2337/1769/906
f 1704/1770/907 2339/1773/907 2338/1771/905
f 1705/1772/908 2340/1775/908 2339/1773/907
f 1706/1774/909 2341/1777/909 2340/1775/908
f 1707/1776/910 2342/1779/912 2341/1777/909
f 1708/1778/911 2343/1781/911 2342/1779/912
f 1709/1780/913 2344/1783/913 2343/1781/911
f 1710/1782/914 2345/1785/914 2344/1783/913
f 1711/1784/915 2346/1787/915 2345/1785/914
f 1712/1786/916 2347/1789/916 2346/1787/915
f 1713/1788/917 2348/1791/917 2347/1789/916
f 1714/1790/918 2349/1793/918 2348/1791/917
f 1715/1792/919 2350/1795/919 2349/1793/918
f 1716/1794/920 2351/1797/920 2350/1795/919
f 1717/1796/921 2352/1799/921 2351/1797/920
f 1718/1798/922 2353/1801/922 2352/1799/921
f 1719/1800/923 2354/1803/923 2353/1801/922
f 1720/1802/924 2355/1805/924 2354/1803/923
f 1721/1804/925 2356/1807/925 2355/1805/924
f 1722/1806/926 2357/1809/926 2356/1807/925
f 1723/1808/58 2358/1811/389 2357/1809/926
f 1724/1810/927 2359/1813/927 2358/1811/389
f 1725/1812/928 2360/1815/928 2359/1813/927
f 1726/1814/929 2361/1817/929 2360/1815/928
f 1727/1816/930 2362/1819/930 2361/1817/929
f 1728/1818/931 2363/1821/931 2362/1819/930
f 1729/1820/932 2364/1823/932 2363/1821/931
f 1730/1822/933 2365/1825/933 2364/1823/932
f 1731/1824/934 2366/1827/934 2365/1825/933
f 1732/1826/935 2367/1829/935 2366/1827/934
f 1733/1828/936 2368/5562/936 2367/1829/935
f 1734/1830/937 2369/1834/937 2368/1831/936
f 1735/1833/938 2370/1836/938 2369/1834/937
f 1736/1835/939 2371/1838/939 2370/1836/938
f 1737/1837/940 2372/1840/942 2371/1838/939
f 1738/1839/941 2373/1842/941 2372/1840/942
f 1739/1841/943 2374/1844/943 2373/1842/941
f 1740/1843/944 2375/1846/944 2374/1844/943
f 1741/1845/945 2376/1848/947 2375/1846/944
f 1742/1847/946 2377/1850/946 2376/1848/947
f 1743/1849/948 2378/1852/948 2377/1850/946
f 1744/1851/949 2379/1854/949 2378/1852/948
f 1745/1853/950 2380/1856/950 2379/1854/949
f 1746/1855/951 2381/1858/951 2380/1856/950
f 1747/1857/952 2382/1860/952 2381/1858/951
f 1748/1859/953 2383/1862/953 2382/1860/952
f 1749/1861/954 2384/1864/954 2383/1862/953
f 1750/1863/955 2385/1866/955 2384/1864/954
f 1751/1865/956 2386/1868/956 2385/1866/955
f 1752/1867/957 2387/1870/957 2386/1868/956
f 1753/1869/958 2388/1872/958 2387/1870/957
f 1754/1871/959 2389/5563/959 2388/1872/958
f 1755/1873/960 2390/1877/960 2389/1874/959
f 1756/1876/961 2391/1879/961 2390/1877/960
f 1757/1878/962 2392/1881/962 2391/1879/961
f 1758/1880/963 2393/1883/963 2392/1881/962
f 1759/1882/964 2394/1885/964 2393/1883/963
f 1760/1884/270 2395/1887/270 2394/1885/964
f 1761/1886/965 2396/1889/965 2395/1887/270
f 1762/1888/966 2397/1891/966 2396/1889/965
f 1763/1890/967 2398/1893/967 2397/1891/966
f 1764/1892/968 2399/1895/968 2398/1893/967
f 1765/1894/969 2400/1897/969 2399/1895/968
f 1766/1896/970 2401/1899/970 2400/1897/969
f 1767/1898/971 2402/1901/971 2401/1899/970
f 1768/1900/972 2403/1903/972 2402/1901/971
f 1769/1902/973 2404/1905/973 2403/1903/972
f 1770/1904/974 2405/1907/974 2404/1905/973
f 1771/1906/975 2406/1909/975 2405/1907/974
f 1772/1908/976 2407/1911/976 2406/1909/975
f 1773/1910/977 2408/1913/977 2407/1911/976
f 1774/1912/978 2409/1915/978 2408/1913/977
f 1775/1914/979 2410/1917/979 2409/1915/978
f 1776/1916/980 2411/1919/980 2410/1917/979
f 1777/1918/981 2412/1921/983 2411/1919/980
f 1778/1920/982 2413/1923/982 2412/1921/983
f 1779/1922/984 2414/1925/984 2413/1923/982
f 1780/1924/985 2415/1927/985 2414/1925/984
f 1781/1926/986 2416/1929/986 2415/1927/985
f 1782/1928/987 2417/1931/987 2416/1929/986
f 1783/1930/988 2418/1933/988 2417/1931/987
f 1784/1932/897 2419/1935/897 2418/1933/988
f 1785/1934/989 2420/1937/989 2419/1935/897
f 1786/1936/990 2421/1939/990 2420/1937/989
f 1787/1938/991 2422/1941/991 2421/1939/990
f 1788/1940/992 2423/1943/992 2422/1941/991
f 1789/1942/993 2424/1945/993 2423/1943/992
f 1790/1944/994 2425/5564/994 2424/1945/993
f 1791/1946/995 2426/1950/995 2425/1947/994
f 1792/1949/996 2427/1952/996 2426/1950/995
f 1793/1951/997 2428/1954/999 2427/1952/996
f 1794/1953/998 2429/1956/998 2428/1954/999
f 1795/1955/1000 2430/1958/1000 2429/1956/998
f 1796/1957/1001 2431/1960/1001 2430/1958/1000
f 1797/1959/1002 2432/1962/1002 2431/1960/1001
f 1798/1961/1003 2433/1964/1003 2432/1962/1002
f 1799/1963/1004 2434/1966/1004 2433/1964/1003
f 1800/1965/1005 2435/1968/1005 2434/1966/1004
f 1801/1967/1006 2436/1970/1006 2435/1968/1005
f 1802/1969/1007 2437/1972/1007 2436/1970/1006
f 1803/1971/1008 2438/1974/1008 2437/1972/1007
f 1804/1973/1009 2439/1976/1009 2438/1974/1008
f 1805/1975/1010 2440/1978/1010 2439/1976/1009
f 1806/1977/1011 2441/1980/1011 2440/1978/1010
f 1807/1979/1012 2442/1982/1012 2441/1980/1011
f 1808/1981/1013 2443/1984/1013 2442/1982/1012
f 1809/1983/1014 2444/1986/1014 2443/1984/1013
f 1810/1985/1015 2445/1988/1015 2444/1986/1014
f 1811/1987/1016 2446/1990/1016 2445/1988/1015
f 1812/1989/1017 2447/1992/1017 2446/1990/1016
f 1813/1991/1018 2448/1994/1018 2447/1992/1017
f 1814/1993/1019 2449/1996/1019 2448/1994/1018
f 1815/1995/1020 2450/1998/1020 2449/1996/1019
f 1816/1997/1021 2451/2000/1021 2450/1998/1020
f 1817/1999/1022 2452/2002/1022 2451/2000/1021
f 1818/2001/1023 2453/2004/1023 2452/2002/1022
f 1819/2003/1024 2454/2006/1024 2453/2004/1023
f 1820/2005/1025 2455/2008/1025 2454/2006/1024
f 1821/2007/1026 2456/2010/1026 2455/2008/1025
f 1822/2009/1027 2457/2012/1027 2456/2010/1026
f 1823/2011/149 2458/2014/149 2457/2012/1027
f 1824/2013/1028 2459/2016/1028 2458/2014/149
f 1825/2015/1029 2460/2018/1029 2459/2016/1028
f 1826/2017/1030 2461/2020/1030 2460/2018/1029
f 1827/2019/1031 2462/2022/1031 2461/2020/1030
f 1828/2021/1032 2463/2024/1032 2462/2022/1031
f 1829/2023/1033 2464/2026/1033 2463/2024/1032
f 1830/2025/1034 2465/2028/1034 2464/2026/1033
f 1831/2027/1035 2466/2030/1035 2465/2028/1034
f 1832/2029/1036 2467/2032/1036 2466/2030/1035
f 1833/2031/1037 2468/2034/1037 2467/2032/1036
f 1834/2033/1038 2469/2036/1038 2468/2034/1037
f 1835/2035/1039 2470/2038/1041 2469/2036/1038
f 1836/2037/1040 2471/2040/1040 2470/2038/1041
f 1837/2039/1042 2472/2042/1042 2471/2040/1040
f 1838/2041/1043 2473/2044/1043 2472/2042/1042
f 1839/2043/1044 2474/2046/1044 2473/2044/1043
f 1840/2045/1045 2475/2048/1045 2474/2046/1044
f 1841/2047/1046 2476/2050/1046 2475/2048/1045
f 1842/2049/1047 2477/2052/1047 2476/2050/1046
f 1843/2051/1048 2478/2054/1048 2477/2052/1047
f 1844/2053/1049 2479/2056/1049 2478/2054/1048
f 1845/2055/1050 2480/2058/1050 2479/2056/1049
f 1846/2057/1051 2481/2060/1051 2480/2058/1050
f 1847/2059/1052 2482/2062/1052 2481/2060/1051
f 1848/2061/1053 2483/2064/1053 2482/2062/1052
f 1849/2063/1054 2484/2066/1054 2483/2064/1053
f 1850/2065/1055 2485/2068/1055 2484/2066/1054
f 1851/2067/1056 2486/2070/1058 2485/2068/1055
f 1852/2069/1057 2487/2072/1057 2486/2070/1058
f 1853/2071/1059 2488/5565/1059 2487/2072/1057
f 1854/2073/1060 2489/2077/1060 2488/2074/1059
f 1855/2076/1061 2490/2079/1061 2489/2077/1060
f 1856/2078/1062 2491/2081/1062 2490/2079/1061
f 1857/2080/1063 2492/2083/1063 2491/2081/1062
f 1858/2082/1064 2493/2085/1064 2492/2083/1063
f 1859/2084/1065 2494/2087/1065 2493/2085/1064
f 1860/2086/1066 2495/2089/1066 2494/2087/1065
f 1861/2088/1067 2496/2091/1067 2495/2089/1066
f 1862/2090/1068 2497/2093/1070 2496/2091/1067
f 1863/2092/1069 2498/2095/1069 2497/2093/1070
f 1864/2094/1071 2499/2097/1071 2498/2095/1069
f 1865/2096/1072 2500/2099/1072 2499/2097/1071
f 1866/2098/1073 2501/2101/1073 2500/2099/1072
f 1867/2100/1074 2502/2103/1074 2501/2101/1073
f 1868/2102/1075 2503/2105/1075 2502/2103/1074
f 1869/2104/1076 2504/2107/1076 2503/2105/1075
f 1870/2106/1077 2505/2109/1077 2504/2107/1076
f 1871/2108/1078 2506/2111/1080 2505/2109/1077
f 1872/2110/1079 2507/2113/1079 2506/2111/1080
f 1873/2112/1081 2508/2115/1081 2507/2113/1079
f 1874/2114/264 2509/2117/264 2508/2115/1081
f 1875/2116/1082 2510/2119/1082 2509/2117/264
f 1876/2118/1083 2511/2121/1083 2510/2119/1082
f 1877/2120/1084 2512/2123/1084 2511/2121/1083
f 1878/2122/1085 2513/2125/1085 2512/2123/1084
f 1879/2124/1086 2514/2127/1086 2513/2125/1085
f 1880/2126/1087 2515/2129/1087 2514/2127/1086
f 1881/2128/1088 2516/2131/1088 2515/2129/1087
f 1882/2130/1089 2517/2133/1089 2516/2131/1088
f 1883/2132/1090 2518/2135/1090 2517/2133/1089
f 1884/2134/1091 2519/2137/1091 2518/2135/1090
f 1885/2136/1092 2520/2139/1092 2519/2137/1091
f 1886/2138/1093 2521/2141/1093 2520/2139/1092
f 1887/2140/1094 2522/2143/1094 2521/2141/1093
f 1888/2142/1095 2523/2145/1095 2522/2143/1094
f 1889/2144/1096 2524/2147/1096 2523/2145/1095
f 1890/2146/1097 2525/2149/1097 2524/2147/1096
f 1891/2148/1098 2526/2151/1098 2525/2149/1097
f 1892/2150/1099 2527/2153/1099 2526/2151/1098
f 1893/2152/1100 2528/2155/1102 2527/2153/1099
f 1894/2154/1101 2529/2157/1101 2528/2155/1102
f 1895/2156/1103 2530/2159/1103 2529/2157/1101
f 1896/2158/1104 2531/2161/1104 2530/2159/1103
f 1897/2160/1105 2532/2163/1105 2531/2161/1104
f 1898/2162/1106 2533/2165/1106 2532/2163/1105
f 1899/2164/975 2534/2167/975 2533/2165/1106
f 1900/2166/1107 2535/2169/1107 2534/2167/975
f 1901/2168/1108 2536/2171/1108 2535/2169/1107
f 1902/2170/1109 2537/2173/1109 2536/2171/1108
f 1903/2172/1110 2538/2175/1110 2537/2173/1109
f 1904/2174/1111 2539/2177/1111 2538/2175/1110
f 1905/2176/1112 2540/2179/1112 2539/2177/1111
f 1906/2178/1113 2541/2181/1113 2540/2179/1112
f 1907/2180/1114 2542/2183/1114 2541/2181/1113
f 1908/2182/1115 2543/2185/1115 2542/2183/1114
f 1909/2184/1116 2544/2187/1116 2543/2185/1115
f 1910/2186/1117 2545/2189/1119 2544/2187/1116
f 1911/2188/1118 2546/2191/1118 2545/2189/1119
f 1912/2190/1120 2547/2193/1120 2546/2191/1118
f 1913/2192/1121 2548/2195/1121 2547/2193/1120
f 1914/2194/1122 2549/2197/1122 2548/2195/1121
f 1915/2196/1123 2550/2199/1125 2549/2197/1122
f 1916/2198/1124 2551/2201/1127 2550/2199/1125
f 1917/2200/1126 2552/2203/1126 2551/2201/1127
f 1918/2202/1128 2553/2205/1128 2552/2203/1126
f 1919/2204/264 2554/2207/264 2553/2205/1128
f 1920/2206/1129 2555/2209/1129 2554/2207/264
f 1921/2208/1130 2556/2211/1130 2555/2209/1129
f 1922/2210/1131 2557/2213/1131 2556/2211/1130
f 1923/2212/1132 2558/2215/1132 2557/2213/1131
f 1924/2214/1133 2559/2217/1133 2558/2215/1132
f 1925/2216/1134 2560/2219/1134 2559/2217/1133
f 1926/2218/1135 2561/2221/1137 2560/2219/1134
f 1927/2220/1136 2562/2223/1136 2561/2221/1137
f 1928/2222/1138 2563/2225/1138 2562/2223/1136
f 1929/2224/1139 2564/2227/1139 2563/2225/1138
f 1930/2226/1140 2565/2229/1140 2564/2227/1139
f 1931/2228/1141 2566/2231/1141 2565/2229/1140
f 1932/2230/1142 2567/2233/1142 2566/2231/1141
f 1933/2232/1143 2568/2235/1143 2567/2233/1142
f 1934/2234/1144 2569/2237/1144 2568/2235/1143
f 1935/2236/1145 2570/2239/1145 2569/2237/1144
f 1936/2238/1146 2571/2241/1146 2570/2239/1145
f 1937/2240/1147 2572/2243/1147 2571/2241/1146
f 1938/2242/1148 2573/2245/1148 2572/2243/1147
f 1939/2244/1149 2574/2247/1149 2573/2245/1148
f 1940/2246/1150 2575/2249/1150 2574/2247/1149
f 1941/2248/1151 2576/2251/1151 2575/2249/1150
f 1942/2250/1152 2577/2253/1152 2576/2251/1151
f 1943/2252/1153 2578/2255/1153 2577/2253/1152
f 1944/2254/1154 2579/2257/1154 2578/2255/1153
f 1945/2256/1155 2580/2259/1156 2579/2257/1154
f 1946/2258/1119 2581/2261/1119 2580/2259/1156
f 1947/2260/1157 2582/2263/1157 2581/2261/1119
f 1948/2262/1158 2583/2265/1158 2582/2263/1157
f 1949/2264/1159 2584/2267/1159 2583/2265/1158
f 1950/2266/1160 2585/2269/1160 2584/2267/1159
f 1951/2268/1161 2586/2271/1161 2585/2269/1160
f 1952/2270/1162 2587/2273/1162 2586/2271/1161
f 1953/2272/1163 2588/2275/1163 2587/2273/1162
f 1954/2274/1164 2589/2277/1166 2588/2275/1163
f 1955/2276/1165 2590/2279/1165 2589/2277/1166
f 1956/2278/1167 2591/2281/1167 2590/2279/1165
f 1957/2280/1168 2592/2283/1168 2591/2281/1167
f 1958/2282/1169 2593/2285/1169 2592/2283/1168
f 1959/2284/1170 2594/2287/1170 2593/2285/1169
f 1960/2286/1171 2595/2289/1171 2594/2287/1170
f 1961/2288/1172 2596/2291/1172 2595/2289/1171
f 1962/2290/1173 2597/2293/1173 2596/2291/1172
f 1963/2292/1174 2598/2295/1174 2597/2293/1173
f 1964/2294/1175 2599/2297/1175 2598/2295/1174
f 1965/2296/1176 2600/2299/1176 2599/2297/1175
f 1966/2298/1177 2601/2301/1177 2600/2299/1176
f 1967/2300/1178 2602/2303/1178 2601/2301/1177
f 1968/2302/1179 2603/2305/1179 2602/2303/1178
f 1969/2304/1180 2604/2307/1180 2603/2305/1179
f 1970/2306/1181 2605/5566/1181 2604/2307/1180
f 1971/2308/1182 2606/2312/1182 2605/2309/1181
f 1972/2311/1183 2607/2314/1183 2606/2312/1182
f 1973/2313/1184 2608/2316/1184 2607/2314/1183
f 1974/2315/1185 2609/2318/1185 2608/2316/1184
f 1975/2317/1186 2610/2320/1186 2609/2318/1185
f 1976/2319/1187 2611/2322/1187 2610/2320/1186
f 1977/2321/1188 2612/2324/1188 2611/2322/1187
f 1978/2323/1189 2613/2326/1189 2612/2324/1188
f 1979/2325/1190 2614/2328/1190 2613/2326/1189
f 1980/2327/1191 2615/2330/1191 2614/2328/1190
f 1981/2329/1192 2616/2332/1192 2615/2330/1191
f 1982/2331/1193 2617/2334/1193 2616/2332/1192
f 1983/2333/1194 2618/2336/1194 2617/2334/1193
f 1984/2335/1195 2619/2338/1197 2618/2336/1194
f 1985/2337/1196 2620/5567/1196 2619/2338/1197
f 1986/2339/1198 2621/2343/1198 2620/2340/1196
f 1987/2342/1199 2622/5568/1199 2621/2343/1198
f 1988/2344/1200 2623/2348/1200 2622/2345/1199
f 1989/2347/1201 2624/2350/1201 2623/2348/1200
f 1990/2349/1202 2625/2352/1202 2624/2350/1201
f 1991/2351/1203 2626/2354/1203 2625/2352/1202
f 1992/2353/1204 2627/2356/1204 2626/2354/1203
f 1993/2355/1205 2628/2358/1205 2627/2356/1204
f 1994/2357/1206 2629/5569/1208 2628/2358/1205
f 1995/2359/1207 2630/2363/1210 2629/2360/1208
f 1996/2362/1209 2631/2365/1209 2630/2363/1210
f 1997/2364/1211 2632/2367/1211 2631/2365/1209
f 1998/2366/1212 2633/2369/1212 2632/2367/1211
f 1999/2368/1213 2634/2371/1213 2633/2369/1212
f 2000/2370/1214 2635/2373/1214 2634/2371/1213
f 2001/2372/1215 2636/2375/1215 2635/2373/1214
f 2002/2374/1216 2637/2377/1216 2636/2375/1215
f 2003/2376/1217 2638/2379/1217 2637/2377/1216
f 2004/2378/1218 2639/2381/1218 2638/2379/1217
f 2005/2380/1219 2640/2383/1219 2639/2381/1218
f 2006/2382/1220 2641/2385/1220 2640/2383/1219
f 2007/2384/1221 2642/2387/1221 2641/2385/1220
f 2008/2386/1222 2643/2389/1222 2642/2387/1221
f 2009/2388/1223 2644/2391/1223 2643/2389/1222
f 2010/2390/1224 2645/2393/1224 2644/2391/1223
f 2011/2392/1225 2646/2395/1225 2645/2393/1224
f 2012/2394/1226 2647/2397/1226 2646/2395/1225
f 2013/2396/1227 2648/2399/1227 2647/2397/1226
f 2014/2398/1228 2649/2401/1228 2648/2399/1227
f 2015/2400/1229 2650/2403/1229 2649/2401/1228
f 2016/2402/1230 2651/2405/1230 2650/2403/1229
f 2017/2404/1231 2652/2407/1231 2651/2405/1230
f 2018/2406/1232 2653/2409/1232 2652/2407/1231
f 2019/2408/1233 2654/2411/1233 2653/2409/1232
f 2020/2410/1234 2655/2413/1234 2654/2411/1233
f 2021/2412/1235 2656/2415/1235 2655/2413/1234
f 2022/2414/1236 2657/2417/1236 2656/2415/1235
f 2023/2416/1237 2658/2419/1237 2657/2417/1236
f 2024/2418/1238 2659/2421/1238 2658/2419/1237
f 2025/2420/1239 2660/2423/1239 2659/2421/1238
f 2026/2422/1240 2661/2425/1240 2660/2423/1239
f 2027/2424/1241 2662/2427/1241 2661/2425/1240
f 2028/2426/1242 2663/2429/1242 2662/2427/1241
f 2029/2428/1243 2664/2431/1243 2663/2429/1242
f 2030/2430/1244 2665/2433/1244 2664/2431/1243
f 2031/2432/1245 2666/2435/1245 2665/2433/1244
f 2032/2434/1246 2667/2437/1246 2666/2435/1245
f 2033/2436/1247 2668/2439/1247 2667/2437/1246
f 2034/2438/1248 2669/2441/1248 2668/2439/1247
f 2035/2440/717 2670/2443/717 2669/2441/1248
f 2036/2442/1249 2671/2445/1249 2670/2443/717
f 2037/2444/1250 2672/2447/1250 2671/2445/1249
f 2038/2446/670 2673/2449/670 2672/2447/1250
f 2039/2448/1251 2674/2451/1251 2673/2449/670
f 2040/2450/1252 2675/2453/1252 2674/2451/1251
f 2041/2452/1253 2676/2455/1253 2675/2453/1252
f 2042/2454/1254 2677/2457/1254 2676/2455/1253
f 2043/2456/1255 2678/2459/1255 2677/2457/1254
f 2044/2458/1256 2679/2461/1256 2678/2459/1255
f 2045/2460/1257 2680/2463/1257 2679/2461/1256
f 2046/2462/1258 2681/2465/1258 2680/2463/1257
f 2047/2464/1259 2682/5570/1259 2681/2465/1258
f 2048/2466/1260 2683/2470/1260 2682/2467/1259
f 2049/2469/1261 2684/2472/1261 2683/2470/1260
f 2050/2471/1262 2685/2474/1262 2684/2472/1261
f 2051/2473/1263 2686/2476/1263 2685/2474/1262
f 2052/2475/1264 2687/2478/1264 2686/2476/1263
f 2053/2477/1265 2688/2480/1265 2687/2478/1264
f 2054/2479/1266 2689/2482/1266 2688/2480/1265
f 2055/2481/1267 2690/2484/1267 2689/2482/1266
f 2056/2483/1268 2691/2486/1268 2690/2484/1267
f 2057/2485/1269 2692/2488/1269 2691/2486/1268
f 2058/2487/1270 2693/2490/1270 2692/2488/1269
f 2059/2489/1271 2694/2492/1271 2693/2490/1270
f 2060/2491/1272 2695/2494/1272 2694/2492/1271
f 2061/2493/1273 2696/2496/1273 2695/2494/1272
f 2062/2495/1274 2697/2498/1274 2696/2496/1273
f 2063/2497/1275 2698/2500/1275 2697/2498/1274
f 2064/2499/1276 2699/2502/1276 2698/2500/1275
f 2065/2501/1277 2700/2504/1277 2699/2502/1276
f 2066/2503/677 2701/2506/677 2700/2504/1277
f 2067/2505/1278 2702/2508/1278 2701/2506/677
f 2068/2507/1279 2703/2510/1279 2702/2508/1278
f 2069/2509/1280 2704/2512/1280 2703/2510/1279
f 2070/2511/680 2705/2514/680 2704/2512/1280
f 2071/2513/1281 2706/2516/1281 2705/2514/680
f 2072/2515/1282 2707/2518/1282 2706/2516/1281
f 2073/2517/1283 2708/2520/1283 2707/2518/1282
f 2074/2519/1284 2709/2522/1284 2708/2520/1283
f 2075/2521/1285 2710/5571/1285 2709/2522/1284
f 2076/2523/1286 2711/2527/1286 2710/2524/1285
f 2077/2526/1287 2712/2529/1287 2711/2527/1286
f 2078/2528/1288 2713/2531/1288 2712/2529/1287
f 2079/2530/1289 2714/2533/1289 2713/2531/1288
f 2080/2532/1290 2715/2535/1290 2714/2533/1289
f 2081/2534/1291 2716/2537/1291 2715/2535/1290
f 2082/2536/1292 2717/2539/1292 2716/2537/1291
f 2083/2538/1293 2718/2541/1293 2717/2539/1292
f 2084/2540/1294 2719/5572/1294 2718/2541/1293
f 2085/2542/1295 2720/2546/1295 2719/2543/1294
f 2086/2545/1296 2721/2548/1298 2720/2546/1295
f 2087/2547/1297 2722/5573/1300 2721/2548/1298
f 2088/2549/1299 2723/2553/1299 2722/2550/1300
f 2089/2552/1301 2724/2555/1301 2723/2553/1299
f 2090/2554/1302 2725/2557/1302 2724/2555/1301
f 2091/2556/1303 2726/2559/1303 2725/2557/1302
f 2092/2558/1304 2727/2561/1304 2726/2559/1303
f 2093/2560/1305 2728/2563/1305 2727/2561/1304
f 2094/2562/1306 2729/2565/1306 2728/2563/1305
f 2095/2564/1307 2730/5574/1307 2729/2565/1306
f 2096/2566/1308 2731/2570/1310 2730/2567/1307
f 2097/2569/1309 2732/2572/1309 2731/2570/1310
f 2098/2571/1311 2733/2574/1311 2732/2572/1309
f 2099/2573/1312 2734/2576/1312 2733/2574/1311
f 2100/2575/1313 2735/2578/1313 2734/2576/1312
f 2101/2577/1314 2736/2580/1314 2735/2578/1313
f 2102/2579/1315 2737/2582/1315 2736/2580/1314
f 2103/2581/1316 2738/2584/1316 2737/2582/1315
f 2104/2583/1317 2739/2586/1317 2738/2584/1316
f 2105/2585/1318 2740/2588/1318 2739/2586/1317
f 2106/2587/1319 2741/2590/1321 2740/2588/1318
f 2107/2589/1320 2742/2592/1320 2741/2590/1321
f 2108/2591/1322 2743/2594/1322 2742/2592/1320
f 2109/2593/1323 2744/2596/1323 2743/2594/1322
f 2110/2595/1324 2745/2598/1324 2744/2596/1323
f 2111/2597/1325 2746/2600/1325 2745/2598/1324
f 2112/2599/1326 2747/2602/1326 2746/2600/1325
f 2113/2601/1327 2748/2604/1327 2747/2602/1326
f 2114/2603/1328 2749/2606/1328 2748/2604/1327
f 2115/2605/1329 2750/2608/1329 2749/2606/1328
f 2116/2607/1330 2751/2610/1330 2750/2608/1329
f 2117/2609/1331 2752/2612/1331 2751/2610/1330
f 2118/2611/1332 2753/2614/1332 2752/2612/1331
f 2119/2613/1333 2754/2616/1333 2753/2614/1332
f 2120/2615/1334 2755/2618/1334 2754/2616/1333
f 2121/2617/1335 2756/2620/1335 2755/2618/1334
f 2122/2619/636 2757/2622/636 2756/2620/1335
f 2123/2621/1336 2758/2624/1336 2757/2622/636
f 2124/2623/1337 2759/2626/1337 2758/2624/1336
f 2125/2625/1338 2760/2628/1338 2759/2626/1337
f 2126/2627/1339 2761/2630/1339 2760/2628/1338
f 2127/2629/1340 2762/2632/1340 2761/2630/1339
f 2128/2631/1341 2763/2634/1341 2762/2632/1340
f 2129/2633/1342 2764/2636/1342 2763/2634/1341
f 2130/2635/1343 2765/2638/1343 2764/2636/1342
f 2131/2637/1344 2766/2640/1344 2765/2638/1343
f 2132/2639/1345 2767/2642/1345 2766/2640/1344
f 2133/2641/1346 2768/2644/1346 2767/2642/1345
f 2134/2643/1347 2769/2646/1347 2768/2644/1346
f 2135/2645/1348 2770/2648/1348 2769/2646/1347
f 2136/2647/1349 2771/2650/1349 2770/2648/1348
f 2137/2649/1350 2772/2652/1350 2771/2650/1349
f 2138/2651/1351 2773/2654/1351 2772/2652/1350
f 2139/2653/1352 2774/2656/1354 2773/2654/1351
f 2140/2655/1353 2775/2658/1356 2774/2656/1354
f 2141/2657/1355 2776/2660/1355 2775/2658/1356
f 2142/2659/1357 2777/2662/1357 2776/2660/1355
f 2143/2661/1358 2778/2664/1358 2777/2662/1357
f 2144/2663/1359 2779/2666/1359 2778/2664/1358
f 2145/2665/1360 2780/2668/1360 2779/2666/1359
f 2146/2667/1361 2781/2670/1361 2780/2668/1360
f 2147/2669/1362 2782/2672/1362 2781/2670/1361
f 2148/2671/1363 2783/2674/1363 2782/2672/1362
f 2149/2673/1364 2784/2676/1364 2783/2674/1363
f 2150/2675/1365 2785/2678/1365 2784/2676/1364
f 2151/2677/1366 2786/2680/1366 2785/2678/1365
f 2152/2679/1367 2787/2682/1367 2786/2680/1366
f 2153/2681/669 2788/2684/669 2787/2682/1367
f 2154/2683/1368 2789/2686/1368 2788/2684/669
f 2155/2685/1369 2790/2688/1369 2789/2686/1368
f 2156/2687/1370 2791/2690/1370 2790/2688/1369
f 2157/2689/1371 2792/2692/1371 2791/2690/1370
f 2158/2691/1372 2793/2694/1372 2792/2692/1371
f 2159/2693/1373 2794/2696/1373 2793/2694/1372
f 2160/2695/1374 2795/2698/1374 2794/2696/1373
f 2161/2697/1375 2796/2700/1375 2795/2698/1374
f 2162/2699/1376 2797/2702/1376 2796/2700/1375
f 2163/2701/1377 2798/2704/1377 2797/2702/1376
f 2164/2703/1378 2799/2706/1378 2798/2704/1377
f 2165/2705/1226 2800/2708/1226 2799/2706/1378
f 2166/2707/1379 2801/2710/1379 2800/2708/1226
f 2167/2709/701 2802/2712/701 2801/2710/1379
f 2168/2711/1380 2803/2714/1380 2802/2712/701
f 2169/2713/1381 2804/2716/1381 2803/2714/1380
f 2170/2715/1382 2805/2718/1382 2804/2716/1381
f 2171/2717/666 2806/2720/666 2805/2718/1382
f 2172/2719/1383 2807/2722/1383 2806/2720/666
f 2173/2721/1384 2808/2724/1384 2807/2722/1383
f 2174/2723/1385 2809/2726/1385 2808/2724/1384
f 2175/2725/1386 2810/2728/1388 2809/2726/1385
f 2176/2727/1387 2811/2730/1387 2810/2728/1388
f 2177/2729/1368 2812/2732/1368 2811/2730/1387
f 2178/2731/1389 2813/2734/1389 2812/2732/1368
f 2179/2733/1390 2814/2736/1390 2813/2734/1389
f 2180/2735/1391 2815/2738/1391 2814/2736/1390
f 2181/2737/1392 2816/2740/1392 2815/2738/1391
f 2182/2739/1393 2817/2742/1393 2816/2740/1392
f 2183/2741/1394 2818/2744/1394 2817/2742/1393
f 2184/2743/1395 2819/2746/1395 2818/2744/1394
f 2185/2745/1396 2820/2748/1396 2819/2746/1395
f 2186/2747/1397 2821/2750/1397 2820/2748/1396
f 2187/2749/1398 2822/2752/1398 2821/2750/1397
f 2188/2751/670 2823/2754/670 2822/2752/1398
f 2189/2753/1399 2824/2756/1399 2823/2754/670
f 2190/2755/1400 2825/2758/1400 2824/2756/1399
f 2191/2757/1401 2826/2760/1401 2825/2758/1400
f 2192/2759/1402 2827/2762/1402 2826/2760/1401
f 2193/2761/1403 2828/2764/1403 2827/2762/1402
f 2194/2763/1404 2829/2766/1404 2828/2764/1403
f 2195/2765/1405 2830/2768/1405 2829/2766/1404
f 2196/2767/1406 2831/2770/1406 2830/2768/1405
f 2197/2769/1407 2832/2772/1407 2831/2770/1406
f 2198/2771/1408 2833/2774/1408 2832/2772/1407
f 2199/2773/1409 2834/2776/1409 2833/2774/1408
f 2200/2775/1410 2835/2778/1410 2834/2776/1409
f 2201/2777/1411 2836/2780/1411 2835/2778/1410
f 2202/2779/1412 2837/2782/1412 2836/2780/1411
f 2203/2781/1413 2838/2784/1413 2837/2782/1412
f 2204/2783/1414 2839/2786/1414 2838/2784/1413
f 2205/2785/1415 2840/2788/1415 2839/2786/1414
f 2206/2787/1416 2841/2790/1416 2840/2788/1415
f 2207/2789/1417 2842/2792/1417 2841/2790/1416
f 2208/2791/1418 2843/2794/1418 2842/2792/1417
f 2209/2793/1419 2844/2796/1419 2843/2794/1418
f 2210/2795/1420 2845/2798/1420 2844/2796/1419
f 2211/2797/1421 2846/2800/1421 2845/2798/1420
f 2212/2799/1422 2847/2802/1422 2846/2800/1421
f 2213/2801/1423 2848/2804/1423 2847/2802/1422
f 2214/2803/1424 2849/2806/1424 2848/2804/1423
f 2215/2805/1425 2850/2808/1425 2849/2806/1424
f 2216/2807/1426 2851/2810/1427 2850/2808/1425
f 2217/2809/587 2852/2812/587 2851/2810/1427
f 2218/2811/1428 2853/2814/1428 2852/2812/587
f 2219/2813/1429 2854/2816/1429 2853/2814/1428
f 2220/2815/1430 2855/5575/1430 2854/2816/1429
f 2221/2817/1431 2856/2821/1431 2855/2818/1430
f 2222/2820/1432 2857/2823/1432 2856/2821/1431
f 2223/2822/1433 2858/2825/1433 2857/2823/1432
f 2224/2824/1434 2859/2827/1434 2858/2825/1433
f 2225/2826/1435 2860/2829/1437 2859/2827/1434
f 2226/2828/1436 2861/5576/1436 2860/2829/1437
f 2227/2830/1438 2862/2834/1438 2861/2831/1436
f 2228/2833/1439 2863/2836/1439 2862/2834/1438
f 2229/2835/1440 2864/2838/1440 2863/2836/1439
f 2230/2837/1441 2865/2840/1441 2864/2838/1440
f 2231/2839/1442 2866/2842/1442 2865/2840/1441
f 2232/2841/1443 2867/2844/1443 2866/2842/1442
f 2233/2843/1444 2868/2846/1444 2867/2844/1443
f 2234/2845/1445 2869/2848/1445 2868/2846/1444
f 2235/2847/1446 2870/2850/1446 2869/2848/1445
f 2236/2849/1447 2871/2852/1447 2870/2850/1446
f 2237/2851/1448 2872/2854/1448 2871/2852/1447
f 2238/2853/1449 2873/2856/1449 2872/2854/1448
f 2239/2855/1450 2874/2858/1450 2873/2856/1449
f 2240/2857/1451 2875/2860/1451 2874/2858/1450
f 2241/2859/1452 2876/2862/1452 2875/2860/1451
f 2242/2861/1453 2877/2864/1453 2876/2862/1452
f 2243/2863/1454 2878/2866/1454 2877/2864/1453
f 2244/2865/1455 2879/2868/1455 2878/2866/1454
f 2245/2867/1456 2880/2870/1456 2879/2868/1455
f 2246/2869/1457 2881/2872/1457 2880/2870/1456
f 2247/2871/1458 2882/2874/1458 2881/2872/1457
f 2248/2873/1459 2883/2876/1459 2882/2874/1458
f 2249/2875/1460 2884/2878/1460 2883/2876/1459
f 2250/2877/1461 2885/2880/1461 2884/2878/1460
f 2251/2879/1462 2886/2882/1462 2885/2880/1461
f 2252/2881/1463 2887/2884/1463 2886/2882/1462
f 2253/2883/1464 2888/2886/1464 2887/2884/1463
f 2254/2885/1465 2889/2888/1465 2888/2886/1464
f 2255/2887/1466 2890/2890/1466 2889/2888/1465
f 2256/2889/1467 2891/2892/1467 2890/2890/1466
f 2257/2891/1468 2892/2894/1468 2891/2892/1467
f 2258/2893/1469 2893/2896/1469 2892/2894/1468
f 2259/2895/1470 2894/2898/1470 2893/2896/1469
f 2260/2897/1471 2895/2900/1471 2894/2898/1470
f 2261/2899/754 2896/2902/754 2895/2900/1471
f 2262/2901/1472 2897/2904/1472 2896/2902/754
f 2263/2903/1459 2898/2906/1459 2897/2904/1472
f 2264/2905/1473 2899/2908/1473 2898/2906/1459
f 2265/2907/1474 2900/2910/1474 2899/2908/1473
f 2266/2909/1475 2901/2912/1475 2900/2910/1474
f 2267/2911/1476 2902/2914/1476 2901/2912/1475
f 2268/2913/1477 2903/2916/1477 2902/2914/1476
f 2269/2915/1478 2904/2918/1478 2903/2916/1477
f 2270/2917/1479 2905/2920/1479 2904/2918/1478
f 2271/2919/1480 2906/2922/1480 2905/2920/1479
f 2272/2921/1481 2907/2924/1481 2906/2922/1480
f 2273/2923/1482 2908/2926/1482 2907/2924/1481
f 2274/2925/1483 2909/2928/1483 2908/2926/1482
f 2275/2927/1484 2910/2930/1484 2909/2928/1483
f 2276/2929/1485 2911/2932/1485 2910/2930/1484
f 2277/2931/1486 2912/2934/1486 2911/2932/1485
f 2278/2933/1487 2913/2936/1487 2912/2934/1486
f 2279/2935/1488 2914/2938/1488 2913/2936/1487
f 2280/2937/1489 2915/2940/1489 2914/2938/1488
f 2281/2939/1490 2916/2942/1490 2915/2940/1489
f 2282/2941/1491 2917/2944/1491 2916/2942/1490
f 2283/2943/1492 2918/2946/1492 2917/2944/1491
f 2284/2945/1493 2919/2948/1493 2918/2946/1492
f 2285/2947/1494 2920/2950/1494 2919/2948/1493
f 2286/2949/1495 2921/2952/1495 2920/2950/1494
f 2287/2951/1496 2922/2954/1496 2921/2952/1495
f 2288/2953/1497 2923/2956/1497 2922/2954/1496
f 2289/2955/1498 2924/5577/1498 2923/2956/1497
f 2290/2957/83 2925/2961/83 2924/2958/1498
f 2291/2960/1499 2926/2963/1499 2925/2961/83
f 2292/2962/1500 2927/2965/1500 2926/2963/1499
f 2293/2964/1501 2928/2967/1501 2927/2965/1500
f 2294/2966/1502 2929/2969/1502 2928/2967/1501
f 2295/2968/253 2930/2971/253 2929/2969/1502
f 2296/2970/857 2931/2973/857 2930/2971/253
f 2297/2972/1503 2932/2975/1503 2931/2973/857
f 2298/2974/1504 2933/2977/1504 2932/2975/1503
f 2299/2976/1505 2934/2978/1505 2933/2977/1504
f 1665/1695/862 2300/1694/862 2934/2978/1505
f 118/2979/1506 121/3704/1506 120/2980/1506
f 2285/2982/1506 2284/4198/1506 2287/2983/1506
f 953/2985/1507 954/4922/1507 949/2986/1507
f 2920/2988/1507 2921/5578/1507 2922/2989/1507
f 86/2991/1506 85/5579/1506 84/2992/1506
f 86/2991/1506 83/2993/1506 82/2994/1506
f 87/2995/1506 82/2994/1506 81/2996/1506
f 89/2998/1506 88/2997/1506 81/2996/1506
f 89/2998/1506 80/2999/1506 79/3000/1506
f 73/3002/1506 72/5580/1506 71/3003/1506
f 75/3005/1506 74/3004/1506 71/3003/1506
f 76/3007/1506 75/3005/1506 70/3006/1506
f 76/3007/1506 69/3008/1506 68/3009/1506
f 77/3011/1506 76/3007/1506 67/3010/1506
f 38/3013/1506 37/5581/1506 36/3014/1506
f 39/3016/1506 38/3013/1506 35/3015/1506
f 791/3020/1506 790/5582/1506 789/3021/1506
f 792/3022/1506 789/3021/1506 788/3023/1506
f 793/3024/1506 788/3023/1506 787/3025/1506
f 795/3027/1506 794/3026/1506 787/3025/1506
f 796/3029/1506 795/3027/1506 786/3028/1506
f 798/3031/1506 797/3030/1506 786/3028/1506
f 799/3033/1506 798/3031/1506 785/3032/1506
f 800/3035/1506 799/3033/1506 784/3034/1506
f 802/3037/1506 801/3036/1506 784/3034/1506
f 804/3039/1506 803/3038/1506 784/3034/1506
f 807/3041/1506 806/5583/1506 805/3040/1506
f 808/3042/1506 807/3041/1506 784/3034/1506
f 809/3043/1506 784/3034/1506 783/3044/1506
f 810/3045/1506 783/3044/1506 782/3046/1506
f 812/3049/1506 811/3047/1506 780/3050/1506
f 812/3049/1506 779/3051/1506 778/3052/1506
f 813/3054/1506 812/3049/1506 777/3053/1506
f 816/3058/1506 815/3056/1506 776/3055/1506
f 819/3060/1506 818/5584/1506 817/3059/1506
f 821/3061/1506 820/5585/1506 819/3060/1506
f 822/3062/1506 821/3061/1506 776/3055/1506
f 824/3064/1506 823/3063/1506 776/3055/1506
f 826/3066/1506 825/3065/1506 776/3055/1506
f 828/3068/1506 827/3067/1506 776/3055/1506
f 830/3070/1506 829/3069/1506 776/3055/1506
f 831/3072/1506 830/3070/1506 775/3071/1506
f 2/3074/1506 1/5586/1506 832/3073/1506
f 4/3075/1506 3/5587/1506 2/3074/1506
f 8/3078/1506 773/5478/1506 772/3081/1506
f 9/3082/1506 772/3081/1506 771/3083/1506
f 9/3082/1506 770/3084/1506 769/3085/1506
f 768/3086/1506 767/5588/1506 766/3087/1506
f 9/3082/1506 766/3087/1506 765/3088/1506
f 10/3090/1506 9/3082/1506 764/3089/1506
f 11/3092/1506 10/3090/1506 763/3091/1506
f 13/3094/1506 762/3093/1506 761/3096/1506
f 16/3098/1506 759/5479/1506 758/3101/1506
f 17/3102/1506 756/5480/1506 755/3104/1506
f 18/3105/1506 755/3104/1506 754/3106/1506
f 19/3107/1506 754/3106/1506 753/3108/1506
f 21/3110/1506 20/3109/1506 753/3108/1506
f 21/3110/1506 752/3111/1506 751/3112/1506
f 22/3113/1506 751/3112/1506 750/3114/1506
f 24/3116/1506 23/3115/1506 750/3114/1506
f 26/3118/1506 25/3117/1506 750/3114/1506
f 749/3119/1506 748/5589/1506 747/3120/1506
f 26/3118/1506 747/3120/1506 746/3121/1506
f 744/3124/1506 743/5590/1506 742/3125/1506
f 742/3125/1506 741/5591/1506 740/3126/1506
f 740/3126/1506 739/5592/1506 738/3127/1506
f 738/3127/1506 737/5593/1506 736/3128/1506
f 27/3122/1506 736/3128/1506 735/3129/1506
f 27/3122/1506 734/3130/1506 733/3131/1506
f 28/3134/1506 27/3122/1506 730/3135/1506
f 29/3137/1506 28/3134/1506 729/3136/1506
f 726/3140/1506 725/5594/1506 724/3141/1506
f 724/3141/1506 723/5595/1506 722/3142/1506
f 722/3142/1506 721/5596/1506 720/3143/1506
f 720/3143/1506 719/5597/1506 718/3144/1506
f 30/3150/1506 29/3137/1506 712/3151/1506
f 711/3152/1506 710/5598/1506 709/3153/1506
f 709/3153/1506 708/5599/1506 707/3154/1506
f 707/3154/1506 706/5600/1506 705/3155/1506
f 705/3155/1506 704/5601/1506 703/3156/1506
f 697/3162/1506 696/5602/1506 695/3163/1506
f 695/3163/1506 694/5603/1506 693/3164/1506
f 30/3150/1506 693/3164/1506 692/3165/1506
f 691/3166/1506 690/5604/1506 689/3167/1506
f 30/3150/1506 685/5481/1506 684/3171/1506
f 683/3172/1506 682/5605/1506 681/3173/1506
f 681/3173/1506 680/5606/1506 679/3174/1506
f 671/3182/1506 670/5607/1506 669/3183/1506
f 30/3150/1506 669/3183/1506 668/3184/1506
f 30/3150/1506 665/5482/1506 664/3187/1506
f 663/3188/1506 662/5608/1506 661/3189/1506
f 661/3189/1506 660/5609/1506 659/3190/1506
f 659/3190/1506 658/5610/1506 657/3191/1506
f 30/3150/1506 657/3191/1506 656/3192/1506
f 506/3195/1506 505/5611/1506 504/3196/1506
f 507/3197/1506 504/3196/1506 503/3198/1506
f 507/3197/1506 502/3199/1506 501/3200/1506
f 508/3201/1506 501/3200/1506 500/3202/1506
f 510/3204/1506 509/3203/1506 500/3202/1506
f 511/3206/1506 510/3204/1506 499/3205/1506
f 511/3206/1506 498/3207/1506 497/3208/1506
f 471/3211/1506 470/5612/1506 469/3212/1506
f 471/3211/1506 468/3213/1506 467/3214/1506
f 472/3215/1506 467/3214/1506 466/3216/1506
f 474/3218/1506 473/3217/1506 466/3216/1506
f 475/3220/1506 474/3218/1506 465/3219/1506
f 476/3222/1506 475/3220/1506 464/3221/1506
f 477/3224/1506 476/3222/1506 463/3223/1506
f 478/3226/1506 477/3224/1506 462/3225/1506
f 478/3226/1506 461/3227/1506 460/3228/1506
f 479/3229/1506 460/3228/1506 459/3230/1506
f 481/3232/1506 480/3231/1506 459/3230/1506
f 482/3234/1506 481/3232/1506 458/3233/1506
f 482/3234/1506 457/3235/1506 456/3236/1506
f 484/3238/1506 455/3237/1506 454/3240/1506
f 486/3242/1506 485/3241/1506 454/3240/1506
f 486/3242/1506 453/3243/1506 452/3244/1506
f 452/3244/1506 451/5613/1506 450/3246/1506
f 450/3246/1506 449/5614/1506 448/3247/1506
f 448/3247/1506 447/5615/1506 446/3248/1506
f 446/3248/1506 445/5616/1506 444/3249/1506
f 487/3245/1506 444/3249/1506 443/3250/1506
f 487/3245/1506 440/5484/1506 439/3253/1506
f 438/3254/1506 437/5617/1506 436/3255/1506
f 436/3255/1506 435/5618/1506 434/3256/1506
f 434/3256/1506 433/5619/1506 432/3257/1506
f 432/3257/1506 431/5620/1506 430/3258/1506
f 430/3258/1506 429/5621/1506 428/3259/1506
f 428/3259/1506 427/5622/1506 426/3260/1506
f 426/3260/1506 425/5623/1506 424/3261/1506
f 356/3263/1506 355/5624/1506 354/3264/1506
f 358/3266/1506 357/3265/1506 354/3264/1506
f 359/3268/1506 358/3266/1506 353/3267/1506
f 360/3270/1506 359/3268/1506 352/3269/1506
f 361/3272/1506 360/3270/1506 351/3271/1506
f 363/3274/1506 362/3273/1506 351/3271/1506
f 364/3276/1506 363/3274/1506 350/3275/1506
f 366/3278/1506 365/3277/1506 350/3275/1506
f 367/3280/1506 366/3278/1506 349/3279/1506
f 368/3282/1506 367/3280/1506 348/3281/1506
f 371/3286/1506 370/3284/1506 347/3283/1506
f 373/3288/1506 372/3287/1506 347/3283/1506
f 376/3290/1506 375/5625/1506 374/3289/1506
f 378/3291/1506 377/5626/1506 376/3290/1506
f 379/3292/1506 378/3291/1506 347/3283/1506
f 385/3298/1506 384/3296/1506 347/3283/1506
f 386/3299/1506 347/3283/1506 346/3300/1506
f 387/3301/1506 346/3300/1506 345/3302/1506
f 389/3304/1506 388/3303/1506 345/3302/1506
f 391/3306/1506 390/3305/1506 345/3302/1506
f 393/3308/1506 392/3307/1506 345/3302/1506
f 394/3310/1506 393/3308/1506 344/3309/1506
f 395/3312/1506 394/3310/1506 343/3311/1506
f 396/3313/1506 343/3311/1506 342/3314/1506
f 398/3316/1506 397/3315/1506 342/3314/1506
f 342/3314/1506 341/5627/1506 340/3318/1506
f 340/3318/1506 339/5628/1506 338/3319/1506
f 399/3317/1506 338/3319/1506 337/3320/1506
f 400/3321/1506 337/3320/1506 336/3322/1506
f 402/3324/1506 401/3323/1506 336/3322/1506
f 403/3326/1506 402/3324/1506 335/3325/1506
f 404/3328/1506 403/3326/1506 334/3327/1506
f 405/3330/1506 404/3328/1506 333/3329/1506
f 405/3330/1506 328/5485/1506 327/3335/1506
f 407/3342/1506 406/3336/1506 321/3343/1506
f 408/3345/1506 407/3342/1506 320/3344/1506
f 409/3347/1506 408/3345/1506 319/3346/1506
f 409/3347/1506 318/3348/1506 317/3349/1506
f 411/3351/1506 410/3350/1506 317/3349/1506
f 412/3353/1506 411/3351/1506 316/3352/1506
f 412/3353/1506 315/3354/1506 314/3355/1506
f 413/3356/1506 314/3355/1506 313/3357/1506
f 414/3359/1506 413/3356/1506 312/3358/1506
f 415/3361/1506 414/3359/1506 311/3360/1506
f 416/3363/1506 415/3361/1506 310/3362/1506
f 416/3363/1506 309/3364/1506 308/3365/1506
f 417/3367/1506 416/3363/1506 307/3366/1506
f 417/3367/1506 306/3368/1506 305/3369/1506
f 417/3367/1506 304/3370/1506 303/3371/1506
f 418/3373/1506 417/3367/1506 302/3372/1506
f 418/3373/1506 301/3374/1506 300/3375/1506
f 420/3378/1506 419/3376/1506 298/3379/1506
f 297/3380/1506 296/5629/1506 295/3381/1506
f 421/3382/1506 420/3378/1506 295/3381/1506
f 421/3382/1506 292/5486/1506 291/3385/1506
f 487/3245/1506 422/3386/1506 291/3385/1506
f 488/3387/1506 291/3385/1506 290/3388/1506
f 489/3389/1506 290/3388/1506 289/3390/1506
f 491/3392/1506 490/3391/1506 289/3390/1506
f 492/3394/1506 491/3392/1506 288/3393/1506
f 493/3396/1506 492/3394/1506 287/3395/1506
f 494/3398/1506 493/3396/1506 286/3397/1506
f 494/3398/1506 285/3399/1506 284/3400/1506
f 512/3209/1506 495/3401/1506 284/3400/1506
f 512/3209/1506 275/5487/1506 274/3410/1506
f 514/3415/1506 513/3411/1506 270/3416/1506
f 514/3415/1506 269/3417/1506 268/3418/1506
f 514/3415/1506 267/3419/1506 266/3420/1506
f 517/3423/1506 264/3425/1506 263/3426/1506
f 519/3428/1506 518/3427/1506 263/3426/1506
f 521/3431/1506 520/3429/1506 261/3432/1506
f 522/3434/1506 521/3431/1506 260/3433/1506
f 526/3438/1506 525/5630/1506 524/3436/1506
f 528/3439/1506 527/5631/1506 526/3438/1506
f 530/3440/1506 529/5632/1506 528/3439/1506
f 531/3441/1506 530/3440/1506 259/3435/1506
f 534/3443/1506 259/3435/1506 258/3445/1506
f 535/3446/1506 256/5488/1506 255/3448/1506
f 537/3450/1506 536/3449/1506 255/3448/1506
f 539/3452/1506 254/3451/1506 253/3454/1506
f 541/3456/1506 540/3455/1506 253/3454/1506
f 541/3456/1506 252/3457/1506 251/3458/1506
f 250/3459/1506 249/5633/1506 248/3460/1506
f 248/3460/1506 247/5634/1506 246/3461/1506
f 246/3461/1506 245/5635/1506 244/3462/1506
f 541/3456/1506 244/3462/1506 243/3463/1506
f 240/3466/1506 239/5636/1506 238/3467/1506
f 541/3456/1506 238/3467/1506 237/3468/1506
f 542/3470/1506 541/3456/1506 236/3469/1506
f 543/3472/1506 542/3470/1506 235/3471/1506
f 546/3476/1506 545/3474/1506 234/3473/1506
f 548/3478/1506 547/5637/1506 546/3476/1506
f 550/3479/1506 549/5638/1506 548/3478/1506
f 552/3480/1506 551/5639/1506 550/3479/1506
f 553/3481/1506 552/3480/1506 233/3477/1506
f 556/3483/1506 555/5640/1506 554/3482/1506
f 558/3484/1506 557/5641/1506 556/3483/1506
f 560/3485/1506 559/5642/1506 558/3484/1506
f 561/3486/1506 560/3485/1506 233/3477/1506
f 565/3490/1506 564/3488/1506 233/3477/1506
f 565/3490/1506 232/3491/1506 231/3492/1506
f 566/3493/1506 231/3492/1506 230/3494/1506
f 567/3495/1506 228/5489/1506 227/3497/1506
f 226/3498/1506 225/5643/1506 224/3499/1506
f 567/3495/1506 224/3499/1506 223/3500/1506
f 568/3503/1506 567/3495/1506 220/3504/1506
f 570/3506/1506 569/5644/1506 568/3503/1506
f 571/3507/1506 570/3506/1506 219/3505/1506
f 575/3511/1506 218/3508/1506 217/3513/1506
f 577/3515/1506 576/3514/1506 217/3513/1506
f 580/3519/1506 579/3517/1506 216/3516/1506
f 583/3521/1506 582/5645/1506 581/3520/1506
f 584/3522/1506 583/3521/1506 216/3516/1506
f 585/3523/1506 216/3516/1506 215/3524/1506
f 588/3526/1506 587/5646/1506 586/3525/1506
f 590/3527/1506 589/5647/1506 588/3526/1506
f 215/3524/1506 214/5648/1506 213/3528/1506
f 213/3528/1506 212/5649/1506 211/3529/1506
f 209/3530/1506 208/5650/1506 207/3531/1506
f 590/3527/1506 201/5490/1506 200/3537/1506
f 592/3539/1506 591/3538/1506 200/3537/1506
f 594/3541/1506 593/5651/1506 592/3539/1506
f 596/3542/1506 595/5652/1506 594/3541/1506
f 597/3543/1506 596/3542/1506 199/3540/1506
f 599/3545/1506 598/3544/1506 199/3540/1506
f 604/3549/1506 199/3540/1506 198/3551/1506
f 609/3555/1506 608/5653/1506 607/3553/1506
f 611/3556/1506 610/5654/1506 609/3555/1506
f 614/3559/1506 613/3557/1506 198/3551/1506
f 618/3563/1506 617/5655/1506 616/3561/1506
f 620/3564/1506 619/5656/1506 618/3563/1506
f 622/3565/1506 621/5657/1506 620/3564/1506
f 624/3566/1506 623/5658/1506 622/3565/1506
f 625/3567/1506 624/3566/1506 197/3560/1506
f 628/3569/1506 627/5659/1506 626/3568/1506
f 638/3578/1506 637/5660/1506 636/3576/1506
f 30/3150/1506 653/5483/1506 652/3591/1506
f 34/3595/1506 33/5661/1506 32/3593/1506
f 35/3015/1506 34/3595/1506 197/3560/1506
f 55/3608/1506 54/5662/1506 53/3606/1506
f 57/3609/1506 56/5663/1506 55/3608/1506
f 59/3610/1506 58/5664/1506 57/3609/1506
f 61/3611/1506 60/5665/1506 59/3610/1506
f 62/3612/1506 61/3611/1506 196/3596/1506
f 77/3011/1506 66/3012/1506 65/3614/1506
f 91/3617/1506 90/3001/1506 79/3000/1506
f 99/3624/1506 98/5666/1506 97/3622/1506
f 101/3625/1506 100/5667/1506 99/3624/1506
f 102/3626/1506 101/3625/1506 196/3596/1506
f 104/3628/1506 103/3627/1506 196/3596/1506
f 106/3630/1506 105/3629/1506 196/3596/1506
f 185/3632/1506 184/5668/1506 183/3633/1506
f 185/3632/1506 182/3634/1506 181/3635/1506
f 187/3637/1506 186/3636/1506 181/3635/1506
f 187/3637/1506 180/3638/1506 179/3639/1506
f 188/3640/1506 179/3639/1506 178/3641/1506
f 189/3642/1506 176/5491/1506 175/3644/1506
f 191/3646/1506 190/3645/1506 175/3644/1506
f 191/3646/1506 174/3647/1506 173/3648/1506
f 193/3650/1506 192/3649/1506 173/3648/1506
f 193/3650/1506 172/3651/1506 171/3652/1506
f 194/3653/1506 171/3652/1506 170/3654/1506
f 196/3596/1506 195/3655/1506 170/3654/1506
f 196/3596/1506 169/3656/1506 168/3657/1506
f 107/3631/1506 168/3657/1506 167/3658/1506
f 109/3660/1506 108/3659/1506 167/3658/1506
f 164/3663/1506 163/5669/1506 162/3664/1506
f 160/3666/1506 159/5670/1506 158/3667/1506
f 158/3667/1506 157/5671/1506 156/3668/1506
f 156/3668/1506 155/5672/1506 154/3669/1506
f 154/3669/1506 153/5673/1506 152/3670/1506
f 152/3670/1506 151/5674/1506 150/3671/1506
f 109/3660/1506 148/5492/1506 147/3673/1506
f 110/3674/1506 143/5493/1506 142/3678/1506
f 141/3679/1506 140/5675/1506 139/3680/1506
f 111/3681/1506 110/3674/1506 139/3680/1506
f 111/3681/1506 138/3682/1506 137/3683/1506
f 111/3681/1506 136/3684/1506 135/3685/1506
f 111/3681/1506 132/5494/1506 131/3688/1506
f 112/3690/1506 111/3681/1506 130/3689/1506
f 112/3690/1506 129/3691/1506 128/3692/1506
f 113/3694/1506 112/3690/1506 127/3693/1506
f 113/3694/1506 126/3695/1506 125/3696/1506
f 114/3697/1506 125/3696/1506 124/3698/1506
f 115/3699/1506 124/3698/1506 123/3700/1506
f 116/3701/1506 123/3700/1506 122/3702/1506
f 117/3703/1506 122/3702/1506 121/3704/1506
f 2228/3705/1506 2227/5676/1506 2226/3706/1506
f 2228/3705/1506 2225/3707/1506 2224/3708/1506
f 2228/3705/1506 2223/3709/1506 2222/3710/1506
f 2229/3711/1506 2222/3710/1506 2221/3712/1506
f 2230/3713/1506 2221/3712/1506 2220/3714/1506
f 2230/3713/1506 2219/3715/1506 2218/3716/1506
f 2218/3716/1506 2217/5677/1506 2216/3718/1506
f 2231/3717/1506 2216/3718/1506 2215/3719/1506
f 2232/3720/1506 2215/3719/1506 2214/3721/1506
f 2213/3722/1506 2212/5678/1506 2211/3723/1506
f 2232/3720/1506 2211/3723/1506 2210/3724/1506
f 2232/3720/1506 2209/3725/1506 2208/3726/1506
f 2242/3736/1506 2241/3734/1506 2208/3726/1506
f 2244/3738/1506 2243/3737/1506 2208/3726/1506
f 2246/3740/1506 2245/3739/1506 2208/3726/1506
f 2248/3742/1506 2247/3741/1506 2208/3726/1506
f 2252/3746/1506 2251/3744/1506 2208/3726/1506
f 1988/3750/1506 1987/5679/1506 1986/3751/1506
f 1989/3753/1506 1988/3750/1506 1985/3752/1506
f 1990/3754/1506 1985/3752/1506 1984/3755/1506
f 1991/3756/1506 1984/3755/1506 1983/3757/1506
f 1993/3759/1506 1992/3758/1506 1983/3757/1506
f 1994/3761/1506 1993/3759/1506 1982/3760/1506
f 1996/3763/1506 1995/5680/1506 1994/3761/1506
f 1996/3763/1506 1981/3762/1506 1980/3764/1506
f 1997/3765/1506 1980/3764/1506 1979/3766/1506
f 1999/3768/1506 1998/3767/1506 1979/3766/1506
f 2005/3774/1506 1978/3769/1506 1977/3776/1506
f 2006/3777/1506 1977/3776/1506 1976/3778/1506
f 2008/3780/1506 2007/3779/1506 1976/3778/1506
f 2008/3780/1506 1975/3781/1506 1974/3782/1506
f 1973/3783/1506 1972/5681/1506 1971/3784/1506
f 1971/3784/1506 1970/5682/1506 1969/3785/1506
f 1969/3785/1506 1968/5683/1506 1967/3786/1506
f 2008/3780/1506 1967/3786/1506 1966/3787/1506
f 2008/3780/1506 1963/5495/1506 1962/3790/1506
f 2008/3780/1506 1961/3791/1506 1960/3792/1506
f 2008/3780/1506 1959/3793/1506 1958/3794/1506
f 2008/3780/1506 1957/3795/1506 1956/3796/1506
f 2009/3797/1506 1956/3796/1506 1955/3798/1506
f 2010/3799/1506 1955/3798/1506 1954/3800/1506
f 2011/3802/1506 2010/3799/1506 1953/3801/1506
f 2011/3802/1506 1952/3803/1506 1951/3804/1506
f 1950/3805/1506 1949/5684/1506 1948/3806/1506
f 2011/3802/1506 1948/3806/1506 1947/3807/1506
f 2011/3802/1506 1946/3808/1506 1945/3809/1506
f 2014/3811/1506 1945/3809/1506 1944/3813/1506
f 2015/3814/1506 1944/3813/1506 1943/3815/1506
f 2017/3817/1506 2016/3816/1506 1943/3815/1506
f 2019/3819/1506 2018/3818/1506 1943/3815/1506
f 2020/3821/1506 2019/3819/1506 1942/3820/1506
f 2022/3823/1506 2021/3822/1506 1942/3820/1506
f 2022/3823/1506 1937/5496/1506 1936/3828/1506
f 2023/3829/1506 1930/5497/1506 1929/3835/1506
f 2024/3836/1506 1929/3835/1506 1928/3837/1506
f 2025/3838/1506 1926/5498/1506 1925/3840/1506
f 1924/3841/1506 1923/5685/1506 1922/3842/1506
f 1922/3842/1506 1921/5686/1506 1920/3843/1506
f 2025/3838/1506 1920/3843/1506 1919/3844/1506
f 1918/3845/1506 1917/5687/1506 1916/3846/1506
f 2026/3847/1506 2025/3838/1506 1916/3846/1506
f 1915/3848/1506 1914/5688/1506 1913/3849/1506
f 1913/3849/1506 1912/5689/1506 1911/3850/1506
f 2026/3847/1506 1909/5499/1506 1908/3852/1506
f 2027/3853/1506 1908/3852/1506 1907/3854/1506
f 2030/3856/1506 1907/3854/1506 1906/3858/1506
f 2032/3860/1506 2031/3859/1506 1906/3858/1506
f 2033/3862/1506 2032/3860/1506 1905/3861/1506
f 2034/3864/1506 2033/3862/1506 1904/3863/1506
f 2034/3864/1506 1903/3865/1506 1902/3866/1506
f 1902/3866/1506 1901/5690/1506 1900/3868/1506
f 1900/3868/1506 1899/5691/1506 1898/3869/1506
f 2035/3867/1506 1898/3869/1506 1897/3870/1506
f 2038/3876/1506 2037/3873/1506 1894/3875/1506
f 2039/3878/1506 2038/3876/1506 1893/3877/1506
f 2041/3880/1506 2040/3879/1506 1893/3877/1506
f 2043/3882/1506 2042/3881/1506 1893/3877/1506
f 2044/3884/1506 2043/3882/1506 1892/3883/1506
f 2045/3886/1506 2044/3884/1506 1891/3885/1506
f 2046/3888/1506 2045/3886/1506 1890/3887/1506
f 1889/3889/1506 1888/5692/1506 1887/3890/1506
f 1887/3890/1506 1886/5693/1506 1885/3891/1506
f 2046/3888/1506 1885/3891/1506 1884/3892/1506
f 1883/3893/1506 1882/5694/1506 1881/3894/1506
f 2046/3888/1506 1879/5500/1506 1878/3896/1506
f 2047/3898/1506 2046/3888/1506 1877/3897/1506
f 2047/3898/1506 1874/5501/1506 1873/3901/1506
f 2049/3904/1506 2048/3902/1506 1871/3905/1506
f 2050/3907/1506 2049/3904/1506 1870/3906/1506
f 2051/3909/1506 2050/3907/1506 1869/3908/1506
f 2054/3911/1506 2053/5695/1506 2052/3910/1506
f 2056/3912/1506 2055/5696/1506 2054/3911/1506
f 2058/3913/1506 2057/5697/1506 2056/3912/1506
f 2063/3918/1506 2062/3916/1506 1869/3908/1506
f 2065/3920/1506 2064/3919/1506 1869/3908/1506
f 2067/3922/1506 2066/3921/1506 1869/3908/1506
f 2071/3926/1506 2070/3924/1506 1869/3908/1506
f 2074/3928/1506 2073/5698/1506 2072/3927/1506
f 2076/3929/1506 2075/5699/1506 2074/3928/1506
f 2078/3930/1506 2077/5700/1506 2076/3929/1506
f 2080/3931/1506 2079/5701/1506 2078/3930/1506
f 2084/3934/1506 2083/5702/1506 2082/3932/1506
f 2086/3935/1506 2085/5703/1506 2084/3934/1506
f 2087/3936/1506 2086/3935/1506 1869/3908/1506
f 2087/3936/1506 1868/3937/1506 1867/3938/1506
f 1866/3939/1506 1865/5704/1506 1864/3940/1506
f 2087/3936/1506 1864/3940/1506 1863/3941/1506
f 2087/3936/1506 1862/3942/1506 1861/3943/1506
f 2087/3936/1506 1860/3944/1506 1859/3945/1506
f 1858/3946/1506 1857/5705/1506 1856/3947/1506
f 2087/3936/1506 1852/5502/1506 1851/3951/1506
f 2088/3952/1506 1851/3951/1506 1850/3953/1506
f 2089/3954/1506 1850/3953/1506 1849/3955/1506
f 2090/3956/1506 1849/3955/1506 1848/3957/1506
f 1791/3959/1506 1790/5706/1506 1789/3960/1506
f 1792/3961/1506 1789/3960/1506 1788/3962/1506
f 1793/3964/1506 1792/3961/1506 1787/3963/1506
f 1794/3966/1506 1793/3964/1506 1786/3965/1506
f 1795/3968/1506 1794/3966/1506 1785/3967/1506
f 1796/3970/1506 1795/3968/1506 1784/3969/1506
f 1796/3970/1506 1783/3971/1506 1782/3972/1506
f 1797/3973/1506 1782/3972/1506 1781/3974/1506
f 1797/3973/1506 1780/3975/1506 1779/3976/1506
f 1798/3977/1506 1779/3976/1506 1778/3978/1506
f 1798/3977/1506 1777/3979/1506 1776/3980/1506
f 1799/3982/1506 1798/3977/1506 1775/3981/1506
f 1800/3984/1506 1799/3982/1506 1774/3983/1506
f 1801/3986/1506 1800/3984/1506 1773/3985/1506
f 1804/3990/1506 1803/3988/1506 1772/3987/1506
f 1807/3992/1506 1806/5707/1506 1805/3991/1506
f 1809/3993/1506 1808/5708/1506 1807/3992/1506
f 1813/3995/1506 1812/5709/1506 1811/3994/1506
f 1815/3996/1506 1814/5710/1506 1813/3995/1506
f 1817/3997/1506 1816/5711/1506 1815/3996/1506
f 1820/4000/1506 1819/3998/1506 1772/3987/1506
f 1821/4002/1506 1820/4000/1506 1771/4001/1506
f 1822/4004/1506 1821/4002/1506 1770/4003/1506
f 1823/4006/1506 1822/4004/1506 1769/4005/1506
f 1826/4010/1506 1825/4008/1506 1768/4007/1506
f 1828/4012/1506 1767/4011/1506 1766/4014/1506
f 1829/4015/1506 1762/5503/1506 1761/4019/1506
f 1832/4021/1506 1831/5712/1506 1830/4020/1506
f 1834/4022/1506 1833/5713/1506 1832/4021/1506
f 1836/4023/1506 1835/5714/1506 1834/4022/1506
f 1838/4024/1506 1837/5715/1506 1836/4023/1506
f 1840/4025/1506 1839/5716/1506 1838/4024/1506
f 1843/4028/1506 1842/4026/1506 1761/4019/1506
f 1843/4028/1506 1760/4029/1506 1759/4030/1506
f 1758/4031/1506 1757/5717/1506 1756/4032/1506
f 1756/4032/1506 1755/5718/1506 1754/4033/1506
f 1754/4033/1506 1753/5719/1506 1752/4034/1506
f 1752/4034/1506 1751/5720/1506 1750/4035/1506
f 1750/4035/1506 1749/5721/1506 1748/4036/1506
f 1748/4036/1506 1747/5722/1506 1746/4037/1506
f 1746/4037/1506 1745/5723/1506 1744/4038/1506
f 1744/4038/1506 1743/5724/1506 1742/4039/1506
f 1843/4028/1506 1742/4039/1506 1741/4040/1506
f 1740/4041/1506 1739/5725/1506 1738/4042/1506
f 1738/4042/1506 1737/5726/1506 1736/4043/1506
f 1843/4028/1506 1730/5504/1506 1729/4049/1506
f 1844/4050/1506 1729/4049/1506 1728/4051/1506
f 1847/4053/1506 1728/4051/1506 1727/4055/1506
f 2092/4056/1506 2091/3958/1506 1848/3957/1506
f 2094/4057/1506 2093/5727/1506 2092/4056/1506
f 2096/4058/1506 2095/5728/1506 2094/4057/1506
f 2098/4059/1506 2097/5729/1506 2096/4058/1506
f 2100/4060/1506 2099/5730/1506 2098/4059/1506
f 2102/4061/1506 2101/5731/1506 2100/4060/1506
f 2104/4062/1506 2103/5732/1506 2102/4061/1506
f 2106/4063/1506 2105/5733/1506 2104/4062/1506
f 2116/4072/1506 2115/5734/1506 2114/4070/1506
f 2118/4073/1506 2117/5735/1506 2116/4072/1506
f 2119/4074/1506 2118/4073/1506 1727/4055/1506
f 2123/4078/1506 2122/4076/1506 1727/4055/1506
f 2126/4080/1506 2125/5736/1506 2124/4079/1506
f 2128/4081/1506 2127/5737/1506 2126/4080/1506
f 2138/4090/1506 2137/5738/1506 2136/4088/1506
f 2140/4091/1506 2139/5739/1506 2138/4090/1506
f 2141/4092/1506 2140/4091/1506 1727/4055/1506
f 2144/4094/1506 2143/5740/1506 2142/4093/1506
f 2150/4099/1506 1725/5505/1506 1724/4102/1506
f 2151/4103/1506 1724/4102/1506 1723/4104/1506
f 2154/4107/1506 1721/4109/1506 1720/4110/1506
f 2156/4112/1506 2155/4111/1506 1720/4110/1506
f 2159/4114/1506 2158/5741/1506 2157/4113/1506
f 2160/4115/1506 2159/4114/1506 1720/4110/1506
f 2161/4117/1506 2160/4115/1506 1719/4116/1506
f 2162/4119/1506 2161/4117/1506 1718/4118/1506
f 2164/4121/1506 2163/4120/1506 1718/4118/1506
f 2167/4125/1506 2166/4123/1506 1717/4122/1506
f 2168/4127/1506 2167/4125/1506 1716/4126/1506
f 2169/4129/1506 2168/4127/1506 1715/4128/1506
f 1714/4130/1506 1713/5742/1506 1712/4131/1506
f 1712/4131/1506 1711/5743/1506 1710/4132/1506
f 1710/4132/1506 1709/5744/1506 1708/4133/1506
f 1708/4133/1506 1707/5745/1506 1706/4134/1506
f 1706/4134/1506 1705/5746/1506 1704/4135/1506
f 1704/4135/1506 1703/5747/1506 1702/4136/1506
f 1702/4136/1506 1701/5748/1506 1700/4137/1506
f 1700/4137/1506 1699/5749/1506 1698/4138/1506
f 1696/4139/1506 1695/5750/1506 1694/4140/1506
f 2169/4129/1506 1694/4140/1506 1693/4141/1506
f 2169/4129/1506 1692/4142/1506 1691/4143/1506
f 1690/4144/1506 1689/5751/1506 1688/4145/1506
f 1688/4145/1506 1687/5752/1506 1686/4146/1506
f 1686/4146/1506 1685/5753/1506 1684/4147/1506
f 2169/4129/1506 1684/4147/1506 1683/4148/1506
f 2170/4151/1506 2169/4129/1506 1680/4152/1506
f 2174/4156/1506 2173/5754/1506 2172/4154/1506
f 2176/4157/1506 2175/5755/1506 2174/4156/1506
f 2178/4158/1506 2177/5756/1506 2176/4157/1506
f 2179/4159/1506 2178/4158/1506 1679/4153/1506
f 2184/4163/1506 1679/4153/1506 1678/4165/1506
f 2189/4169/1506 2188/5757/1506 2187/4167/1506
f 2191/4170/1506 2190/5758/1506 2189/4169/1506
f 2193/4171/1506 2192/5759/1506 2191/4170/1506
f 2195/4172/1506 2194/5760/1506 2193/4171/1506
f 2205/4181/1506 1678/4165/1506 1677/4183/1506
f 2206/4184/1506 1675/5506/1506 1674/4186/1506
f 2207/4187/1506 1674/4186/1506 1673/4188/1506
f 1672/4189/1506 1671/5761/1506 1670/4190/1506
f 1670/4190/1506 1669/5762/1506 1668/4191/1506
f 1668/4191/1506 1667/5763/1506 1666/4192/1506
f 2207/4187/1506 2299/5507/1506 2298/4194/1506
f 2297/4195/1506 2296/5764/1506 2295/4196/1506
f 2295/4196/1506 2294/5765/1506 2293/4197/1506
f 2284/4198/1506 2283/5418/1506 2288/4199/1506
f 950/2987/1507 951/5766/1507 952/4200/1507
f 1015/4201/1507 1016/5767/1507 1017/4202/1507
f 1013/4204/1507 1014/4203/1507 1017/4202/1507
f 1013/4204/1507 1018/4205/1507 1019/4206/1507
f 1011/4208/1507 1012/4207/1507 1019/4206/1507
f 1010/4210/1507 1011/4208/1507 1020/4209/1507
f 1007/4214/1507 1008/4212/1507 1021/4211/1507
f 1007/4214/1507 1022/4215/1507 1023/4216/1507
f 1005/4218/1507 1006/4217/1507 1023/4216/1507
f 1005/4218/1507 1024/4219/1507 1025/4220/1507
f 1003/4222/1507 1004/4221/1507 1025/4220/1507
f 1002/4224/1507 1003/4222/1507 1026/4223/1507
f 1002/4224/1507 1027/4225/1507 1028/4226/1507
f 1186/4228/1507 1187/5768/1507 1188/4229/1507
f 1186/4228/1507 1189/4230/1507 1190/4231/1507
f 1185/4232/1507 1190/4231/1507 1191/4233/1507
f 1184/4234/1507 1191/4233/1507 1192/4235/1507
f 1183/4236/1507 1192/4235/1507 1193/4237/1507
f 1183/4236/1507 1194/4238/1507 1195/4239/1507
f 1182/4240/1507 1195/4239/1507 1196/4241/1507
f 1182/4240/1507 1197/4242/1507 1198/4243/1507
f 1181/4244/1507 1198/4243/1507 1199/4245/1507
f 1180/4246/1507 1199/4245/1507 1200/4247/1507
f 1179/4248/1507 1202/5508/1507 1203/4250/1507
f 1179/4248/1507 1204/4251/1507 1205/4252/1507
f 1206/4253/1507 1207/5769/1507 1208/4254/1507
f 1208/4254/1507 1209/5770/1507 1210/4255/1507
f 1179/4248/1507 1210/4255/1507 1211/4256/1507
f 1179/4248/1507 1216/5509/1507 1217/4261/1507
f 1178/4263/1507 1179/4248/1507 1218/4262/1507
f 1177/4265/1507 1178/4263/1507 1219/4264/1507
f 1177/4265/1507 1220/4266/1507 1221/4267/1507
f 1177/4265/1507 1222/4268/1507 1223/4269/1507
f 1177/4265/1507 1224/4270/1507 1225/4271/1507
f 1176/4272/1507 1225/4271/1507 1226/4273/1507
f 1175/4274/1507 1226/4273/1507 1227/4275/1507
f 1174/4277/1507 1175/4274/1507 1228/4276/1507
f 1174/4277/1507 1229/4278/1507 1230/4279/1507
f 1172/4281/1507 1173/5771/1507 1174/4277/1507
f 1170/4282/1507 1171/5772/1507 1172/4281/1507
f 1169/4283/1507 1170/4282/1507 1231/4280/1507
f 1168/4285/1507 1169/4283/1507 1232/4284/1507
f 1168/4285/1507 1233/4286/1507 1234/4287/1507
f 1167/4288/1507 1234/4287/1507 1235/4289/1507
f 1166/4290/1507 1235/4289/1507 1236/4291/1507
f 1165/4292/1507 1236/4291/1507 1237/4293/1507
f 1159/4299/1507 1160/4297/1507 1237/4293/1507
f 1153/4305/1507 1238/4300/1507 1239/4307/1507
f 1152/4308/1507 1239/4307/1507 1240/4309/1507
f 1151/4310/1507 1240/4309/1507 1241/4311/1507
f 1149/4313/1507 1150/4312/1507 1241/4311/1507
f 1149/4313/1507 1242/4314/1507 1243/4315/1507
f 1148/4316/1507 1243/4315/1507 1244/4317/1507
f 1146/4319/1507 1147/4318/1507 1244/4317/1507
f 1145/4321/1507 1146/4319/1507 1245/4320/1507
f 1144/4322/1507 1245/4320/1507 1246/4323/1507
f 1143/4324/1507 1246/4323/1507 1247/4325/1507
f 1142/4326/1507 1247/4325/1507 1248/4327/1507
f 1140/4329/1507 1141/4328/1507 1248/4327/1507
f 1139/4330/1507 1248/4327/1507 1249/4331/1507
f 1137/4333/1507 1138/4332/1507 1249/4331/1507
f 1135/4335/1507 1136/4334/1507 1249/4331/1507
f 1134/4336/1507 1249/4331/1507 1250/4337/1507
f 1132/4339/1507 1133/4338/1507 1250/4337/1507
f 1130/4341/1507 1251/4340/1507 1252/4343/1507
f 1127/4345/1507 1128/5773/1507 1129/4344/1507
f 1127/4345/1507 1252/4343/1507 1253/4346/1507
f 1123/4350/1507 1124/4348/1507 1253/4346/1507
f 1301/4352/1507 1302/5774/1507 1303/4353/1507
f 1299/4355/1507 1300/4354/1507 1303/4353/1507
f 1298/4357/1507 1299/4355/1507 1304/4356/1507
f 1298/4357/1507 1305/4358/1507 1306/4359/1507
f 1297/4360/1507 1306/4359/1507 1307/4361/1507
f 1296/4362/1507 1307/4361/1507 1308/4363/1507
f 1295/4364/1507 1308/4363/1507 1309/4365/1507
f 1294/4366/1507 1309/4365/1507 1310/4367/1507
f 1292/4369/1507 1293/4368/1507 1310/4367/1507
f 1291/4371/1507 1292/4369/1507 1311/4370/1507
f 1291/4371/1507 1312/4372/1507 1313/4373/1507
f 1290/4374/1507 1313/4373/1507 1314/4375/1507
f 1288/4377/1507 1289/4376/1507 1314/4375/1507
f 1286/4380/1507 1287/4378/1507 1316/4381/1507
f 1286/4380/1507 1317/4382/1507 1318/4383/1507
f 1284/4385/1507 1285/4384/1507 1318/4383/1507
f 1282/4387/1507 1283/5775/1507 1284/4385/1507
f 1280/4388/1507 1281/5776/1507 1282/4387/1507
f 1278/4389/1507 1279/5777/1507 1280/4388/1507
f 1276/4390/1507 1277/5778/1507 1278/4389/1507
f 1275/4391/1507 1276/4390/1507 1319/4386/1507
f 1271/4395/1507 1272/4393/1507 1319/4386/1507
f 1268/4397/1507 1269/5779/1507 1270/4396/1507
f 1266/4398/1507 1267/5780/1507 1268/4397/1507
f 1264/4399/1507 1265/5781/1507 1266/4398/1507
f 1262/4400/1507 1263/5782/1507 1264/4399/1507
f 1260/4401/1507 1261/5783/1507 1262/4400/1507
f 1258/4402/1507 1259/5784/1507 1260/4401/1507
f 1256/4403/1507 1257/5785/1507 1258/4402/1507
f 1123/4350/1507 1254/4351/1507 1319/4386/1507
f 1122/4406/1507 1123/4350/1507 1320/4405/1507
f 1121/4408/1507 1122/4406/1507 1321/4407/1507
f 1121/4408/1507 1322/4409/1507 1323/4410/1507
f 1120/4411/1507 1323/4410/1507 1324/4412/1507
f 1119/4413/1507 1324/4412/1507 1325/4414/1507
f 1118/4415/1507 1325/4414/1507 1326/4416/1507
f 1116/4418/1507 1117/4417/1507 1326/4416/1507
f 1336/4420/1507 1337/5786/1507 1338/4421/1507
f 1335/4423/1507 1336/4420/1507 1339/4422/1507
f 1333/4425/1507 1334/4424/1507 1339/4422/1507
f 1332/4427/1507 1333/4425/1507 1340/4426/1507
f 1332/4427/1507 1341/4428/1507 1342/4429/1507
f 1331/4430/1507 1342/4429/1507 1343/4431/1507
f 1329/4433/1507 1330/4432/1507 1343/4431/1507
f 1116/4418/1507 1327/4419/1507 1344/4434/1507
f 1106/4445/1507 1107/4443/1507 1344/4434/1507
f 1102/4449/1507 1345/4446/1507 1346/4451/1507
f 1100/4453/1507 1101/4452/1507 1346/4451/1507
f 1098/4455/1507 1099/4454/1507 1346/4451/1507
f 1095/4460/1507 1096/4457/1507 1349/4461/1507
f 1095/4460/1507 1350/4462/1507 1351/4463/1507
f 1093/4465/1507 1352/4464/1507 1353/4467/1507
f 1092/4468/1507 1353/4467/1507 1354/4469/1507
f 1356/4472/1507 1357/5787/1507 1358/4473/1507
f 1358/4473/1507 1359/5788/1507 1360/4474/1507
f 1360/4474/1507 1361/5789/1507 1362/4475/1507
f 1091/4470/1507 1362/4475/1507 1363/4476/1507
f 1090/4479/1507 1091/4470/1507 1366/4480/1507
f 1087/4484/1507 1088/4482/1507 1367/4481/1507
f 1087/4484/1507 1368/4485/1507 1369/4486/1507
f 1085/4489/1507 1086/4487/1507 1371/4490/1507
f 1085/4489/1507 1372/4491/1507 1373/4492/1507
f 1083/4494/1507 1084/4493/1507 1373/4492/1507
f 1080/4496/1507 1081/5790/1507 1082/4495/1507
f 1078/4497/1507 1079/5791/1507 1080/4496/1507
f 1076/4498/1507 1077/5792/1507 1078/4497/1507
f 1075/4499/1507 1076/4498/1507 1373/4492/1507
f 1070/4503/1507 1071/5793/1507 1072/4501/1507
f 1069/4504/1507 1070/4503/1507 1373/4492/1507
f 1068/4505/1507 1373/4492/1507 1374/4506/1507
f 1067/4507/1507 1374/4506/1507 1375/4508/1507
f 1066/4509/1507 1377/5510/1507 1378/4511/1507
f 1378/4511/1507 1379/5794/1507 1380/4513/1507
f 1380/4513/1507 1381/5795/1507 1382/4514/1507
f 1382/4514/1507 1383/5796/1507 1384/4515/1507
f 1065/4512/1507 1384/4515/1507 1385/4516/1507
f 1386/4517/1507 1387/5797/1507 1388/4518/1507
f 1388/4518/1507 1389/5798/1507 1390/4519/1507
f 1390/4519/1507 1391/5799/1507 1392/4520/1507
f 1065/4512/1507 1392/4520/1507 1393/4521/1507
f 1065/4512/1507 1396/5511/1507 1397/4524/1507
f 1063/4526/1507 1064/4525/1507 1397/4524/1507
f 1062/4528/1507 1063/4526/1507 1398/4527/1507
f 1059/4532/1507 1060/4530/1507 1399/4529/1507
f 1056/4534/1507 1057/5800/1507 1058/4533/1507
f 1055/4535/1507 1056/4534/1507 1399/4529/1507
f 1052/4537/1507 1399/4529/1507 1400/4539/1507
f 1400/4539/1507 1401/5801/1507 1402/4541/1507
f 1051/4540/1507 1402/4541/1507 1403/4542/1507
f 1049/4547/1507 1050/4543/1507 1407/4548/1507
f 1049/4547/1507 1408/4549/1507 1409/4550/1507
f 1048/4551/1507 1411/5512/1507 1412/4553/1507
f 1413/4554/1507 1414/5802/1507 1415/4555/1507
f 1048/4551/1507 1415/4555/1507 1416/4556/1507
f 1047/4558/1507 1048/4551/1507 1417/4557/1507
f 1418/4559/1507 1419/5803/1507 1420/4560/1507
f 1420/4560/1507 1421/5804/1507 1422/4561/1507
f 1045/4562/1507 1046/5805/1507 1047/4558/1507
f 1043/4563/1507 1044/5806/1507 1045/4562/1507
f 1039/4565/1507 1040/5807/1507 1041/4564/1507
f 1032/4572/1507 1033/4570/1507 1422/4561/1507
f 1032/4572/1507 1423/4573/1507 1424/4574/1507
f 1424/4574/1507 1425/5808/1507 1426/4576/1507
f 1426/4576/1507 1427/5809/1507 1428/4577/1507
f 1031/4575/1507 1428/4577/1507 1429/4578/1507
f 1031/4575/1507 1430/4579/1507 1431/4580/1507
f 1030/4585/1507 1031/4575/1507 1436/4586/1507
f 1439/4589/1507 1440/5810/1507 1441/4590/1507
f 1441/4590/1507 1442/5811/1507 1443/4591/1507
f 1030/4585/1507 1445/5513/1507 1446/4593/1507
f 1448/4596/1507 1449/5812/1507 1450/4597/1507
f 1450/4597/1507 1451/5813/1507 1452/4598/1507
f 1452/4598/1507 1453/5814/1507 1454/4599/1507
f 1454/4599/1507 1455/5815/1507 1456/4600/1507
f 1029/4594/1507 1456/4600/1507 1457/4601/1507
f 1458/4602/1507 1459/5816/1507 1460/4603/1507
f 1468/4611/1507 1469/5817/1507 1470/4612/1507
f 1621/4626/1507 1622/5818/1507 1623/4627/1507
f 1620/4629/1507 1621/4626/1507 1624/4628/1507
f 1619/4631/1507 1620/4629/1507 1625/4630/1507
f 1619/4631/1507 1626/4632/1507 1627/4633/1507
f 1618/4634/1507 1627/4633/1507 1628/4635/1507
f 1618/4634/1507 1629/4636/1507 1630/4637/1507
f 1617/4638/1507 1630/4637/1507 1631/4639/1507
f 1616/4640/1507 1631/4639/1507 1632/4641/1507
f 1616/4640/1507 1633/4642/1507 1634/4643/1507
f 1616/4640/1507 1635/4644/1507 1636/4645/1507
f 1637/4646/1507 1638/5819/1507 1639/4647/1507
f 1616/4640/1507 1639/4647/1507 1640/4648/1507
f 1615/4650/1507 1616/4640/1507 1641/4649/1507
f 1614/4652/1507 1615/4650/1507 1642/4651/1507
f 1612/4654/1507 1643/4653/1507 1644/4656/1507
f 1610/4658/1507 1611/4657/1507 1644/4656/1507
f 1609/4659/1507 1644/4656/1507 1645/4660/1507
f 1608/4661/1507 1647/5514/1507 1648/4663/1507
f 1649/4664/1507 1650/5820/1507 1651/4665/1507
f 1651/4665/1507 1652/5821/1507 1653/4666/1507
f 1608/4661/1507 1653/4666/1507 1654/4667/1507
f 1608/4661/1507 1655/4668/1507 1656/4669/1507
f 1608/4661/1507 1657/4670/1507 1658/4671/1507
f 1608/4661/1507 1659/4672/1507 1660/4673/1507
f 1608/4661/1507 1661/4674/1507 1662/4675/1507
f 1607/4676/1507 1662/4675/1507 1663/4677/1507
f 1664/4678/1507 833/5822/1507 834/4679/1507
f 834/4679/1507 835/5823/1507 836/4680/1507
f 1604/4687/1507 1605/4684/1507 840/4686/1507
f 1603/4689/1507 1604/4687/1507 841/4688/1507
f 1601/4691/1507 1602/4690/1507 841/4688/1507
f 1598/4693/1507 1599/5824/1507 1600/4692/1507
f 1597/4694/1507 1598/4693/1507 841/4688/1507
f 1596/4695/1507 841/4688/1507 842/4696/1507
f 1595/4697/1507 842/4696/1507 843/4698/1507
f 1593/4701/1507 1594/4699/1507 845/4702/1507
f 1590/4708/1507 1591/4705/1507 848/4707/1507
f 1587/4712/1507 1588/4710/1507 849/4709/1507
f 1586/4714/1507 1587/4712/1507 850/4713/1507
f 1585/4716/1507 1586/4714/1507 851/4715/1507
f 1585/4716/1507 852/4717/1507 853/4718/1507
f 1583/4720/1507 1584/4719/1507 853/4718/1507
f 1582/4722/1507 1583/4720/1507 854/4721/1507
f 1582/4722/1507 855/4723/1507 856/4724/1507
f 1582/4722/1507 857/4725/1507 858/4726/1507
f 1579/4728/1507 1580/5825/1507 1581/4727/1507
f 1578/4729/1507 1579/4728/1507 858/4726/1507
f 1574/4733/1507 1575/5826/1507 1576/4731/1507
f 1572/4734/1507 1573/5827/1507 1574/4733/1507
f 1570/4735/1507 1571/5828/1507 1572/4734/1507
f 1568/4736/1507 1569/5829/1507 1570/4735/1507
f 1567/4737/1507 1568/4736/1507 859/4730/1507
f 1565/4739/1507 1566/4738/1507 859/4730/1507
f 1562/4741/1507 859/4730/1507 860/4743/1507
f 1561/4744/1507 860/4743/1507 861/4745/1507
f 1556/4749/1507 1557/5830/1507 1558/4747/1507
f 1554/4750/1507 1555/5831/1507 1556/4749/1507
f 1552/4751/1507 1553/5832/1507 1554/4750/1507
f 1550/4752/1507 1551/5833/1507 1552/4751/1507
f 1544/4757/1507 861/4745/1507 862/4759/1507
f 1541/4761/1507 1542/5834/1507 1543/4760/1507
f 1539/4762/1507 1540/5835/1507 1541/4761/1507
f 1537/4763/1507 1538/5836/1507 1539/4762/1507
f 1535/4764/1507 1536/5837/1507 1537/4763/1507
f 1527/4771/1507 1528/5838/1507 1529/4769/1507
f 1525/4772/1507 1526/5839/1507 1527/4771/1507
f 1524/4773/1507 1525/4772/1507 862/4759/1507
f 1521/4775/1507 1522/5840/1507 1523/4774/1507
f 1516/4780/1507 1517/4778/1507 862/4759/1507
f 1513/4782/1507 1514/5841/1507 1515/4781/1507
f 1511/4783/1507 1512/5842/1507 1513/4782/1507
f 1501/4792/1507 1502/5843/1507 1503/4790/1507
f 1500/4793/1507 1501/4792/1507 862/4759/1507
f 1496/4797/1507 1497/4795/1507 862/4759/1507
f 1493/4799/1507 1494/5844/1507 1495/4798/1507
f 1491/4800/1507 1492/5845/1507 1493/4799/1507
f 1489/4801/1507 1490/5846/1507 1491/4800/1507
f 1488/4802/1507 1489/4801/1507 862/4759/1507
f 1484/4806/1507 1485/4804/1507 862/4759/1507
f 864/4808/1507 865/5847/1507 866/4809/1507
f 1029/4594/1507 866/4809/1507 867/4810/1507
f 868/4811/1507 869/5848/1507 870/4812/1507
f 867/4810/1507 870/4812/1507 871/4813/1507
f 885/4827/1507 886/5849/1507 887/4828/1507
f 887/4828/1507 888/5850/1507 889/4829/1507
f 889/4829/1507 890/5851/1507 891/4830/1507
f 891/4830/1507 892/5852/1507 893/4831/1507
f 1028/4226/1507 893/4831/1507 894/4832/1507
f 903/4835/1507 904/5853/1507 905/4836/1507
f 903/4835/1507 906/4837/1507 907/4838/1507
f 902/4839/1507 907/4838/1507 908/4840/1507
f 900/4842/1507 901/4841/1507 908/4840/1507
f 899/4843/1507 908/4840/1507 909/4844/1507
f 897/4846/1507 898/4845/1507 909/4844/1507
f 916/4848/1507 917/5854/1507 918/4849/1507
f 914/4851/1507 915/4850/1507 918/4849/1507
f 913/4853/1507 914/4851/1507 919/4852/1507
f 913/4853/1507 920/4854/1507 921/4855/1507
f 911/4857/1507 912/4856/1507 921/4855/1507
f 911/4857/1507 922/4858/1507 923/4859/1507
f 929/4865/1507 930/5855/1507 931/4866/1507
f 931/4866/1507 932/5856/1507 933/4867/1507
f 1028/4226/1507 933/4867/1507 934/4868/1507
f 1028/4226/1507 935/4869/1507 936/4870/1507
f 1028/4226/1507 937/4871/1507 938/4872/1507
f 1000/4874/1507 1001/4227/1507 1028/4226/1507
f 999/4875/1507 1000/4874/1507 939/4873/1507
f 999/4875/1507 940/4876/1507 941/4877/1507
f 994/4881/1507 995/5857/1507 996/4879/1507
f 990/4884/1507 991/5858/1507 992/4882/1507
f 988/4885/1507 989/5859/1507 990/4884/1507
f 986/4886/1507 987/5860/1507 988/4885/1507
f 984/4887/1507 985/5861/1507 986/4886/1507
f 982/4888/1507 983/5862/1507 984/4887/1507
f 979/4891/1507 980/4889/1507 941/4877/1507
f 974/4897/1507 975/4895/1507 942/4892/1507
f 971/4899/1507 972/5863/1507 973/4898/1507
f 971/4899/1507 942/4892/1507 943/4900/1507
f 969/4902/1507 970/4901/1507 943/4900/1507
f 967/4904/1507 968/4903/1507 943/4900/1507
f 963/4908/1507 964/4906/1507 943/4900/1507
f 962/4909/1507 943/4900/1507 944/4910/1507
f 960/4912/1507 961/4911/1507 944/4910/1507
f 959/4913/1507 944/4910/1507 945/4914/1507
f 957/4916/1507 958/4915/1507 945/4914/1507
f 956/4918/1507 957/4916/1507 946/4917/1507
f 955/4920/1507 956/4918/1507 947/4919/1507
f 954/4922/1507 955/4920/1507 948/4921/1507
f 2424/4923/1507 2425/5864/1507 2426/4924/1507
f 2423/4926/1507 2424/4923/1507 2427/4925/1507
f 2422/4927/1507 2427/4925/1507 2428/4928/1507
f 2421/4929/1507 2428/4928/1507 2429/4930/1507
f 2420/4931/1507 2429/4930/1507 2430/4932/1507
f 2419/4933/1507 2430/4932/1507 2431/4934/1507
f 2417/4936/1507 2418/4935/1507 2431/4934/1507
f 2416/4938/1507 2417/4936/1507 2432/4937/1507
f 2414/4940/1507 2415/4939/1507 2432/4937/1507
f 2413/4942/1507 2414/4940/1507 2433/4941/1507
f 2411/4944/1507 2412/4943/1507 2433/4941/1507
f 2410/4945/1507 2433/4941/1507 2434/4946/1507
f 2409/4947/1507 2434/4946/1507 2435/4948/1507
f 2408/4949/1507 2435/4948/1507 2436/4950/1507
f 2407/4951/1507 2438/5515/1507 2439/4953/1507
f 2440/4954/1507 2441/5865/1507 2442/4955/1507
f 2442/4955/1507 2443/5866/1507 2444/4956/1507
f 2446/4957/1507 2447/5867/1507 2448/4958/1507
f 2448/4958/1507 2449/5868/1507 2450/4959/1507
f 2450/4959/1507 2451/5869/1507 2452/4960/1507
f 2407/4951/1507 2454/5516/1507 2455/4962/1507
f 2406/4963/1507 2455/4962/1507 2456/4964/1507
f 2405/4965/1507 2456/4964/1507 2457/4966/1507
f 2404/4967/1507 2457/4966/1507 2458/4968/1507
f 2403/4969/1507 2460/5517/1507 2461/4971/1507
f 2401/4974/1507 2402/4972/1507 2463/4975/1507
f 2396/4981/1507 2397/4979/1507 2464/4976/1507
f 2465/4982/1507 2466/5870/1507 2467/4983/1507
f 2467/4983/1507 2468/5871/1507 2469/4984/1507
f 2469/4984/1507 2470/5872/1507 2471/4985/1507
f 2471/4985/1507 2472/5873/1507 2473/4986/1507
f 2473/4986/1507 2474/5874/1507 2475/4987/1507
f 2396/4981/1507 2477/5518/1507 2478/4989/1507
f 2394/4991/1507 2395/4990/1507 2478/4989/1507
f 2391/4993/1507 2392/5875/1507 2393/4992/1507
f 2389/4994/1507 2390/5876/1507 2391/4993/1507
f 2387/4995/1507 2388/5877/1507 2389/4994/1507
f 2385/4996/1507 2386/5878/1507 2387/4995/1507
f 2383/4997/1507 2384/5879/1507 2385/4996/1507
f 2381/4998/1507 2382/5880/1507 2383/4997/1507
f 2379/4999/1507 2380/5881/1507 2381/4998/1507
f 2377/5000/1507 2378/5882/1507 2379/4999/1507
f 2376/5001/1507 2377/5000/1507 2478/4989/1507
f 2373/5003/1507 2374/5883/1507 2375/5002/1507
f 2371/5004/1507 2372/5884/1507 2373/5003/1507
f 2364/5011/1507 2365/5009/1507 2478/4989/1507
f 2363/5013/1507 2364/5011/1507 2479/5012/1507
f 2362/5016/1507 2363/5013/1507 2482/5017/1507
f 2621/5019/1507 2622/5885/1507 2623/5020/1507
f 2620/5021/1507 2623/5020/1507 2624/5022/1507
f 2619/5024/1507 2620/5021/1507 2625/5023/1507
f 2618/5026/1507 2619/5024/1507 2626/5025/1507
f 2618/5026/1507 2627/5027/1507 2628/5028/1507
f 2617/5029/1507 2628/5028/1507 2629/5030/1507
f 2629/5030/1507 2630/5886/1507 2631/5032/1507
f 2615/5033/1507 2616/5031/1507 2631/5032/1507
f 2614/5035/1507 2615/5033/1507 2632/5034/1507
f 2614/5035/1507 2633/5036/1507 2634/5037/1507
f 2612/5044/1507 2613/5038/1507 2640/5045/1507
f 2611/5047/1507 2612/5044/1507 2641/5046/1507
f 2611/5047/1507 2642/5048/1507 2643/5049/1507
f 2609/5051/1507 2610/5050/1507 2643/5049/1507
f 2606/5053/1507 2607/5887/1507 2608/5052/1507
f 2604/5054/1507 2605/5888/1507 2606/5053/1507
f 2602/5055/1507 2603/5889/1507 2604/5054/1507
f 2601/5056/1507 2602/5055/1507 2643/5049/1507
f 2597/5060/1507 2598/5058/1507 2643/5049/1507
f 2595/5062/1507 2596/5061/1507 2643/5049/1507
f 2593/5064/1507 2594/5063/1507 2643/5049/1507
f 2591/5066/1507 2592/5065/1507 2643/5049/1507
f 2590/5068/1507 2591/5066/1507 2644/5067/1507
f 2589/5070/1507 2590/5068/1507 2645/5069/1507
f 2588/5071/1507 2645/5069/1507 2646/5072/1507
f 2586/5074/1507 2587/5073/1507 2646/5072/1507
f 2583/5076/1507 2584/5890/1507 2585/5075/1507
f 2582/5077/1507 2583/5076/1507 2646/5072/1507
f 2580/5079/1507 2581/5078/1507 2646/5072/1507
f 2579/5082/1507 2580/5079/1507 2649/5083/1507
f 2578/5085/1507 2579/5082/1507 2650/5084/1507
f 2578/5085/1507 2651/5086/1507 2652/5087/1507
f 2578/5085/1507 2653/5088/1507 2654/5089/1507
f 2577/5090/1507 2654/5089/1507 2655/5091/1507
f 2577/5090/1507 2656/5092/1507 2657/5093/1507
f 2571/5099/1507 2572/5097/1507 2657/5093/1507
f 2564/5107/1507 2565/5105/1507 2658/5100/1507
f 2563/5109/1507 2564/5107/1507 2659/5108/1507
f 2560/5113/1507 2561/5111/1507 2660/5110/1507
f 2557/5115/1507 2558/5891/1507 2559/5114/1507
f 2555/5116/1507 2556/5892/1507 2557/5115/1507
f 2554/5117/1507 2555/5116/1507 2660/5110/1507
f 2551/5119/1507 2552/5893/1507 2553/5118/1507
f 2551/5119/1507 2660/5110/1507 2661/5120/1507
f 2548/5122/1507 2549/5894/1507 2550/5121/1507
f 2546/5123/1507 2547/5895/1507 2548/5122/1507
f 2543/5126/1507 2544/5124/1507 2661/5120/1507
f 2542/5128/1507 2543/5126/1507 2662/5127/1507
f 2541/5131/1507 2542/5128/1507 2665/5132/1507
f 2541/5131/1507 2666/5133/1507 2667/5134/1507
f 2540/5135/1507 2667/5134/1507 2668/5136/1507
f 2539/5137/1507 2668/5136/1507 2669/5138/1507
f 2537/5140/1507 2538/5139/1507 2669/5138/1507
f 2535/5142/1507 2536/5896/1507 2537/5140/1507
f 2533/5143/1507 2534/5897/1507 2535/5142/1507
f 2532/5144/1507 2533/5143/1507 2670/5141/1507
f 2529/5146/1507 2672/5519/1507 2673/5149/1507
f 2528/5150/1507 2673/5149/1507 2674/5151/1507
f 2528/5150/1507 2675/5152/1507 2676/5153/1507
f 2528/5150/1507 2677/5154/1507 2678/5155/1507
f 2527/5156/1507 2678/5155/1507 2679/5157/1507
f 2526/5158/1507 2679/5157/1507 2680/5159/1507
f 2525/5160/1507 2680/5159/1507 2681/5161/1507
f 2522/5163/1507 2523/5898/1507 2524/5162/1507
f 2520/5164/1507 2521/5899/1507 2522/5163/1507
f 2519/5165/1507 2520/5164/1507 2681/5161/1507
f 2516/5167/1507 2517/5900/1507 2518/5166/1507
f 2513/5170/1507 2514/5168/1507 2681/5161/1507
f 2512/5171/1507 2681/5161/1507 2682/5172/1507
f 2508/5176/1507 2509/5174/1507 2682/5172/1507
f 2506/5178/1507 2683/5177/1507 2684/5180/1507
f 2505/5181/1507 2684/5180/1507 2685/5182/1507
f 2504/5183/1507 2685/5182/1507 2686/5184/1507
f 2687/5185/1507 2688/5901/1507 2689/5186/1507
f 2689/5186/1507 2690/5902/1507 2691/5187/1507
f 2691/5187/1507 2692/5903/1507 2693/5188/1507
f 2504/5183/1507 2697/5520/1507 2698/5192/1507
f 2504/5183/1507 2699/5193/1507 2700/5194/1507
f 2504/5183/1507 2701/5195/1507 2702/5196/1507
f 2504/5183/1507 2705/5521/1507 2706/5199/1507
f 2707/5200/1507 2708/5904/1507 2709/5201/1507
f 2709/5201/1507 2710/5905/1507 2711/5202/1507
f 2711/5202/1507 2712/5906/1507 2713/5203/1507
f 2713/5203/1507 2714/5907/1507 2715/5204/1507
f 2717/5206/1507 2718/5908/1507 2719/5207/1507
f 2719/5207/1507 2720/5909/1507 2721/5208/1507
f 2504/5183/1507 2721/5208/1507 2722/5209/1507
f 2502/5211/1507 2503/5210/1507 2722/5209/1507
f 2499/5213/1507 2500/5910/1507 2501/5212/1507
f 2498/5214/1507 2499/5213/1507 2722/5209/1507
f 2496/5216/1507 2497/5215/1507 2722/5209/1507
f 2494/5218/1507 2495/5217/1507 2722/5209/1507
f 2491/5220/1507 2492/5911/1507 2493/5219/1507
f 2486/5225/1507 2487/5223/1507 2722/5209/1507
f 2485/5227/1507 2486/5225/1507 2723/5226/1507
f 2484/5229/1507 2485/5227/1507 2724/5228/1507
f 2483/5018/1507 2484/5229/1507 2725/5230/1507
f 2483/5018/1507 2726/5231/1507 2727/5232/1507
f 2727/5232/1507 2728/5912/1507 2729/5233/1507
f 2729/5233/1507 2730/5913/1507 2731/5234/1507
f 2731/5234/1507 2732/5914/1507 2733/5235/1507
f 2733/5235/1507 2734/5915/1507 2735/5236/1507
f 2735/5236/1507 2736/5916/1507 2737/5237/1507
f 2737/5237/1507 2738/5917/1507 2739/5238/1507
f 2739/5238/1507 2740/5918/1507 2741/5239/1507
f 2749/5247/1507 2750/5919/1507 2751/5248/1507
f 2751/5248/1507 2752/5920/1507 2753/5249/1507
f 2362/5016/1507 2753/5249/1507 2754/5250/1507
f 2362/5016/1507 2757/5522/1507 2758/5253/1507
f 2759/5254/1507 2760/5921/1507 2761/5255/1507
f 2761/5255/1507 2762/5922/1507 2763/5256/1507
f 2771/5264/1507 2772/5923/1507 2773/5265/1507
f 2773/5265/1507 2774/5924/1507 2775/5266/1507
f 2362/5016/1507 2775/5266/1507 2776/5267/1507
f 2777/5268/1507 2778/5925/1507 2779/5269/1507
f 2359/5278/1507 2360/5275/1507 2785/5277/1507
f 2358/5280/1507 2359/5278/1507 2786/5279/1507
f 2355/5285/1507 2356/5282/1507 2789/5286/1507
f 2355/5285/1507 2790/5287/1507 2791/5288/1507
f 2792/5289/1507 2793/5926/1507 2794/5290/1507
f 2355/5285/1507 2794/5290/1507 2795/5291/1507
f 2354/5292/1507 2795/5291/1507 2796/5293/1507
f 2353/5294/1507 2796/5293/1507 2797/5295/1507
f 2353/5294/1507 2798/5296/1507 2799/5297/1507
f 2352/5298/1507 2801/5523/1507 2802/5300/1507
f 2351/5301/1507 2802/5300/1507 2803/5302/1507
f 2350/5303/1507 2803/5302/1507 2804/5304/1507
f 2347/5306/1507 2348/5927/1507 2349/5305/1507
f 2345/5307/1507 2346/5928/1507 2347/5306/1507
f 2343/5308/1507 2344/5929/1507 2345/5307/1507
f 2341/5309/1507 2342/5930/1507 2343/5308/1507
f 2339/5310/1507 2340/5931/1507 2341/5309/1507
f 2337/5311/1507 2338/5932/1507 2339/5310/1507
f 2335/5312/1507 2336/5933/1507 2337/5311/1507
f 2333/5313/1507 2334/5934/1507 2335/5312/1507
f 2329/5315/1507 2330/5935/1507 2331/5314/1507
f 2328/5316/1507 2329/5315/1507 2804/5304/1507
f 2326/5318/1507 2327/5317/1507 2804/5304/1507
f 2323/5320/1507 2324/5936/1507 2325/5319/1507
f 2321/5321/1507 2322/5937/1507 2323/5320/1507
f 2319/5322/1507 2320/5938/1507 2321/5321/1507
f 2318/5323/1507 2319/5322/1507 2804/5304/1507
f 2315/5325/1507 2804/5304/1507 2805/5327/1507
f 2807/5330/1507 2808/5939/1507 2809/5331/1507
f 2809/5331/1507 2810/5940/1507 2811/5332/1507
f 2811/5332/1507 2812/5941/1507 2813/5333/1507
f 2314/5328/1507 2813/5333/1507 2814/5334/1507
f 2313/5339/1507 2314/5328/1507 2819/5340/1507
f 2822/5343/1507 2823/5942/1507 2824/5344/1507
f 2824/5344/1507 2825/5943/1507 2826/5345/1507
f 2826/5345/1507 2827/5944/1507 2828/5346/1507
f 2828/5346/1507 2829/5945/1507 2830/5347/1507
f 2312/5357/1507 2313/5339/1507 2840/5358/1507
f 2309/5362/1507 2310/5360/1507 2841/5359/1507
f 2308/5364/1507 2309/5362/1507 2842/5363/1507
f 2305/5366/1507 2306/5946/1507 2307/5365/1507
f 2303/5367/1507 2304/5947/1507 2305/5366/1507
f 2301/5368/1507 2302/5948/1507 2303/5367/1507
f 2933/5371/1507 2934/5369/1507 2842/5363/1507
f 2930/5373/1507 2931/5949/1507 2932/5372/1507
f 2928/5374/1507 2929/5950/1507 2930/5373/1507
f 2861/5375/1507 2862/5951/1507 2863/5376/1507
f 2859/5378/1507 2860/5377/1507 2863/5376/1507
f 2857/5380/1507 2858/5379/1507 2863/5376/1507
f 2856/5382/1507 2857/5380/1507 2864/5381/1507
f 2855/5384/1507 2856/5382/1507 2865/5383/1507
f 2853/5386/1507 2854/5385/1507 2865/5383/1507
f 2851/5388/1507 2852/5952/1507 2853/5386/1507
f 2850/5389/1507 2851/5388/1507 2866/5387/1507
f 2849/5391/1507 2850/5389/1507 2867/5390/1507
f 2846/5393/1507 2847/5953/1507 2848/5392/1507
f 2845/5394/1507 2846/5393/1507 2867/5390/1507
f 2843/5396/1507 2844/5395/1507 2867/5390/1507
f 2843/5396/1507 2876/5524/1507 2877/5405/1507
f 2843/5396/1507 2878/5406/1507 2879/5407/1507
f 2843/5396/1507 2880/5408/1507 2881/5409/1507
f 2843/5396/1507 2882/5410/1507 2883/5411/1507
f 2843/5396/1507 2886/5525/1507 2887/5414/1507
f 2923/5417/1507 2918/5421/1507 2919/2990/1507
f 2283/5418/1506 2290/5423/1506 2289/5419/1506
f 2924/5420/1507 2925/5424/1507 2918/5421/1507
f 2282/5422/1506 2291/5427/1506 2290/5423/1506
f 2925/5424/1507 2926/5428/1507 2917/5425/1507
f 2281/5426/1506 2280/5431/1506 2291/5427/1506
f 2926/5428/1507 2915/5433/1507 2916/5429/1507
f 2279/5430/1506 2278/5435/1506 2291/5427/1506
f 2926/5428/1507 2913/5437/1507 2914/5432/1507
f 2277/5434/1506 2276/5438/1506 2291/5427/1506
f 2926/5428/1507 2911/5526/1507 2912/5436/1507
f 2904/5527/1507 2926/5428/1507 2927/5452/1507
f 2927/5452/1507 2928/5374/1507 2842/5363/1507
f 2842/5363/1507 2843/5396/1507 2902/5453/1508
f 2903/5454/1507 2904/5527/1507 2927/5452/1507
f 2927/5452/1507 2842/5363/1507 2902/5453/1508
f 2260/5458/1506 2259/5954/1506 2258/5455/1506
f 2891/5474/1507 2893/5477/1507 2894/5472/1507
f 2291/5427/1506 2269/5451/1506 2268/5955/1506
f 2267/5465/1510 2208/3726/1506 2207/4187/1506
f 2291/5427/1506 2268/5955/1506 2267/5465/1510
f 2293/4197/1506 2292/5956/1506 2291/5427/1506
f 2267/5465/1510 2207/4187/1506 2293/4197/1506
